:020000040800F2
:10000000680F0020910500087D0200087F020008AB
:100010008B02000897020008A302000800000000FD
:10002000000000000000000000000000AF02000817
:10003000B102000800000000A7050008B302000894
:10004000AB050008AB050008AB050008B7020008C7
:10005000AB050008AB050008B502000867160008EC
:10006000AB050008AB050008AB050008AB050008B0
:10007000AB050008AB050008AB050008AB050008A0
:10008000AB050008AB050008AB050008AB05000890
:10009000AB050008AB050008AB050008AB05000880
:1000A000AB050008AB050008AB050008AB05000870
:1000B000AB050008AB050008AB050008AB05000860
:1000C000AB050008AB050008AB050008AB05000850
:1000D000AB05000887150008833C0008AB05000845
:1000E000AB050008AB050008AB05000800F002F8FE
:1000F00000F0B4F80AA090E8000C82448344AAF10E
:100100000107DA4501D100F0A9F8AFF2090EBAE80B
:100110000F0013F0010F18BFFB1A43F0010318473B
:1001200048A4000068A400000A444FF0000C10F836
:10013000013B13F0070408BF10F8014B1D1108BF65
:1001400010F8015B641E05D010F8016B641E01F805
:10015000016BF9D113F0080F1EBF10F8014BAD1C55
:100160000C1B09D16D1E58BF01F801CBFAD505E073
:1001700014F8016B01F8016B6D1EF9D59142D6D3CD
:10018000704700000023002400250026103A28BFF5
:1001900078C1FBD8520728BF30C148BF0B607047F9
:1001A0006E2906F00184702905F09F87662909F001
:1001B000AC83652909F0A983672909F0A683612921
:1001C000AFF3008003681B0A28BF41F08001692952
:1001D00005F01087642905F00D87752905F00A8759
:1001E0006F2906F0FE86782905F06B87E92906F06D
:1001F0009986E42906F09686F52906F09386EF297C
:1002000006F0FB86F82905F06A870368DB0928BF3A
:1002100041F08001632906F01A86732906F01F86D3
:10022000E32906F0F787F32906F0FC8700207047E2
:100230001FB59DE8030006F00BFB06F031FF04003C
:100240000020002108F0E2FC401C6060002000213A
:1002500008F0F2FCE0601FBD10B510BD07F03AFADF
:100260001146FFF7E5FF01F080FB07F058FA03B4F1
:10027000FFF7F2FF03BC07F0C9FA000070470EA1B8
:100280001C4801F05CF900BFFEE71BA1194801F012
:1002900056F900BFFEE727A1164801F050F900BF4C
:1002A000FEE733A1134801F04AF900BFFEE77047AB
:1002B00070477047704770470D0A2A2A2A2A2A2A4F
:1002C0002A2A2A2A2A2A2A2A2A2A2A2A2A486172F1
:1002D000644661756C745F48616E646C65722A2A4D
:1002E0002A2A2A2A2A2A2A2A2A2A2A2A2A2A2A2A6E
:1002F0002A0D0A00003801400D0A2A2A2A2A2A2A31
:100300002A2A2A2A2A2A2A2A2A2A2A2A2A4D656DAC
:100310004D616E6167655F48616E646C65722A2A23
:100320002A2A2A2A2A2A2A2A2A2A2A2A2A2A2A2A2D
:100330002A0D0A000D0A2A2A2A2A2A2A2A2A2A2AC1
:100340002A2A2A2A2A2A2A2A2A4275734661756C81
:10035000745F48616E646C65722A2A2A2A2A2A2AE6
:100360002A2A2A2A2A2A2A2A2A2A2A2A0D0A00007E
:100370000D0A2A2A2A2A2A2A2A2A2A2A2A2A2A2A1A
:100380002A2A2A2A2A55736167654661756C745F4B
:1003900048616E646C65722A2A2A2A2A2A2A2A2A25
:1003A0002A2A2A2A2A2A2A2A2A2A0D0A0000000092
:1003B0000CB50020019000906C48006840F480303B
:1003C0006A49086000BF6948006800F40030009086
:1003D0000198401C0190009818B90198B0F5A06FE1
:1003E000F1D16248006800F4003010B101200090A3
:1003F00001E0002000900098012843D15C4800688B
:1004000040F010005A4908600846006820F00300D8
:1004100008600846006840F00200086053484068E1
:10042000524948600846406848600846406840F4C1
:10043000806048600846406820F47C1048600846A8
:10044000406840F4E81048600846006840F080705A
:10045000086000BF4548006800F000700028F9D02F
:100460004248406820F00300404948600846406820
:1004700040F00200486000BF3C48406800F00C00BB
:100480000828F9D10CBD10B5FFF792FF10BD10B5CB
:100490003648006840F0010034490860084640686A
:1004A00034490840314948600846006832490840EC
:1004B0002E4908600846006820F48020086008463D
:1004C000406820F4FE0048604FF41F008860FFF78A
:1004D000DAFF4FF000602949086010BD10B5002117
:1004E00000200022214B5B6803F00C0121B104299C
:1004F00006D0082928D107E0214B224C236027E0B1
:100500001F4B204C236023E0184B5B6803F47010F2
:10051000164B5B6803F48032022303EB904022B950
:10052000194B4343174C23600DE0104B5B6803F4F9
:10053000003323B1144B4343124C236003E0104BB0
:100540004343104C236003E00D4B0E4C236000BF6F
:1005500000BF064B5B68C3F303130C4CE15C094B13
:100560001B68CB40074C236010BD00000010024008
:10057000002002400000FFF8FFFFF6FE08ED00E05B
:1005800000127A000000002000093D000400002055
:100590000948804709480047FEE7FEE7FEE7FEE717
:1005A000FEE7FEE7FEE7FEE7FEE7FEE70448054953
:1005B000054A064B704700008F040008ED00000854
:1005C00068050020680F00206807002068070020E9
:1005D00031490143314A1160704770B50021002351
:1005E0000F22C47804B32D4C246804F4E064C4F5ED
:1005F000E064210AC1F10403CA40447804FA03F11B
:100600008478144021430901254C0678A1550478CB
:1006100004F01F050124AC4005786D11AD0005F113
:10062000E025C5F8004109E0047804F01F05012425
:10063000AC401C4D0678761145F8264070BD1A4A2C
:100640000A400243154B1B1F1A60704739B1134A09
:10065000121D12680243114B1B1D1A6006E00F4A5F
:10066000121D126882430D4B1B1D1A60704704282F
:1006700008D14FF0E021096941F004014FF0E02278
:10068000116107E04FF0E021096921F004014FF00A
:10069000E0221161704700000000FA050CED00E057
:1006A00000E400E080E100E080FFFF1F10B5044699
:1006B000CC48844208D10121042000F02DFB002108
:1006C000042000F029FB46E0C748844208D10121FC
:1006D000082000F021FB0021082000F01DFB3AE07B
:1006E000C248844208D10121102000F015FB0021EE
:1006F000102000F011FB2EE0BD48844208D10121FA
:10070000202000F009FB0021202000F005FB22E062
:10071000B848844208D10121402000F0FDFA0021B0
:10072000402000F0F9FA16E0B348844208D10121D4
:10073000802000F0F1FA0021802000F0EDFA0AE0BC
:10074000AE48844207D10121801500F0E5FA00216E
:10075000A01500F0E1FA10BD10B50121084600F027
:10076000DBFA0021012000F0D7FA10BD2DE9F0419D
:10077000024600250026002000230024002791F8CF
:1007800003C00CF00F0591F803C00CF0100CBCF185
:10079000000F03D091F802C04CEA050591F800C0A3
:1007A000BCF1000F31D0146800202BE04FF0010C99
:1007B0000CFA00F3B1F800C00CEA03069E4220D107
:1007C00083004FF00F0C0CFA03F7BC4305FA03FC4F
:1007D0004CEA040491F803C0BCF1280F06D14FF095
:1007E000010C0CFA00FCC2F814C00AE091F803C036
:1007F000BCF1480F05D14FF0010C0CFA00FCC2F817
:1008000010C0401C0828D1D31460B1F800C0BCF15E
:10081000FF0F34DD546800202EE000F1080C4FF08B
:10082000010808FA0CF3B1F800C00CEA03069E4276
:1008300021D183004FF00F0C0CFA03F7BC4305FAEB
:1008400003FC4CEA040491F803C0BCF1280F05D165
:1008500000F1080C08FA0CF8C2F8148091F803C0F3
:10086000BCF1480F07D100F1080C4FF0010808FA5D
:100870000CF8C2F81080401C0828CED35460BDE8A4
:10088000F0814FF6FF710180022181700421C17057
:1008900070470246002093680B400BB1012000E036
:1008A000002070470146886880B2704702460020E9
:1008B000D3680B400BB1012000E0002070470146D7
:1008C000C86880B2704701617047416170470AB1E2
:1008D000016100E041617047C16070474FF48032B0
:1008E0000A4382618161826182698269704702463E
:1008F0000020434B18684FF68073184040EA0210FE
:1009000008433F4B186070473E49C8617047F0B5D7
:100910000A46002300240021002500F00046B6F11D
:10092000004F02D1364EF16901E0354E7168C0F3D7
:10093000034583B200F44016B6F5401F08D121F0FC
:1009400070612F4E766826F070662D4F7E6012E043
:1009500000F48016B6F5801F06D1032606FA05F4CA
:10096000A14341F0706106E0460D360103FA06F638
:10097000B14341F0706122B1460D360103FA06F62B
:10098000314300F00046B6F1004F02D11C4EF16138
:1009900001E01B4E7160F0BD30B500228B071C0FCB
:1009A0000F2303FA04F2164B08338C1053F824304B
:1009B0009343134C08348D1044F8253023468C1093
:1009C00053F824308C07240F00FA04F423430C4C12
:1009D00008348D1044F8253030BD0A49DC310860F8
:1009E0007047000000080140000C01400010014069
:1009F0000014014000180140001C0140002001408B
:100A00000000014000002042DF48006840F0010083
:100A1000DD49086008464068DC490840DA4948601A
:100A200008460068DA490840D74908600846006867
:100A300020F4802008600846406820F4FE004860EA
:100A40004FF41F0088607047CF49096821F4803156
:100A5000CD4A11601146096821F480211160B0F57A
:100A6000803F03D0B0F5802F0ED106E0C64909685B
:100A700041F48031C44A116007E0C349096841F478
:100A8000A021C14A116000E000BF00BF704710B54F
:100A900001460022002300204A11012A02D1BA4C4B
:100AA000236806E0022A02D1B74C236A01E0B64C63
:100AB000636A01F01F02012494401C400CB1012024
:100AC00000E0002010BD38B5002000900024002573
:100AD00000BF3120FFF7DBFF05460098401C009067
:100AE0000098B0F5A06F01D0002DF2D03120FFF7B3
:100AF000CEFF08B1012400E00024204638BD0146A5
:100B00000020A14A106820F0F80040EAC1001060FF
:100B10007047A04908607047024600209A4B586809
:100B200020F47C1042EA01031843974B5860704749
:100B300098490866704701460020934A506820F0A3
:100B400003000843506070478F48406800F00C0075
:100B50007047014600208C4A506820F0F00008439E
:100B60005060704701460020874A506820F4E060DA
:100B700008435060704701460020834A506820F4C3
:100B8000605040EAC1005060704729B17E4A527AF5
:100B900002437D4B5A7204E07B4A527A82437A4B7D
:100BA0005A7270477B49D83108607047014600206F
:100BB000754A506820F44040084350607047002157
:100BC000714A20321170704A82F82010012802D038
:100BD00004280AD104E001216B4A2032117005E09B
:100BE0000521694A2032117000E000BF00BF704744
:100BF0006949086070476449096A0143624A1162A1
:100C00007047654944390860704730B500210022BB
:100C1000002400235C4D6D6805F00C0121B104290E
:100C200005D0082923D105E05C4D056022E05B4D2D
:100C300005601FE0544D6D6805F47012524D6D68EB
:100C400005F48034022505EB92421CB9544D5543FE
:100C500005600BE04C4D6D6805F400351DB1504D3D
:100C60005543056002E04D4D5543056002E04B4D94
:100C7000056000BF00BF444D6D6805F0F001090933
:100C8000484D6B5C0568DD4045603F4D6D6805F47F
:100C9000E061090A434D6B5C4568DD4085603A4D73
:100CA0006D6805F46051C90A3E4D6B5C4568DD40D6
:100CB000C560354D6D6805F44041890B3A4D6B5C5C
:100CC000C568B5FBF3F5056130BD29B12E4A5269FF
:100CD00002432D4B5A6104E02B4A526982432A4B4E
:100CE0005A61704729B1284A92690243264B9A619A
:100CF00004E0254A92698243234B9A61704729B1E7
:100D0000214AD2690243204BDA6104E01E4AD269CB
:100D100082431D4BDA61704729B11B4AD2680243F6
:100D2000194BDA6004E0184AD2688243164BDA6045
:100D3000704729B1144A12690243134B1A6104E047
:100D4000114A12698243104B1A61704712494039A7
:100D5000086070470F49C86470470B49C8717047F5
:100D60000948406A40F08070074948627047014670
:100D70000020054A92680A400AB1012000E00020E4
:100D80007047014988727047001002400000FFF868
:100D9000FFFFF6FE000042428004424200127A0049
:100DA00000093D00140000202400002010B5044676
:100DB000FB48844209D101218803FFF7ADFF0021E0
:100DC0004FF48040FFF7A8FF32E0F648844209D193
:100DD00001214804FFF7ADFF00214FF40030FFF779
:100DE000A8FF25E0F048844209D101218804FFF7DB
:100DF000A0FF00214FF48020FFF79BFF18E0EB4895
:100E0000844209D10121C804FFF793FF00214FF468
:100E10000020FFF78EFF0BE0E548844208D1012156
:100E20000805FFF786FF00214FF48010FFF781FFD0
:100E300010BD2DE9F04786B005460E460024A246B7
:100E400000BFA1460027B08900B100BF2F462C8A01
:100E50004CF6FF700440F08804432C82AC894EF6B7
:100E6000F3100440B0883189084371890843044372
:100E7000AC81AC8A4FF6FF400440B0890443AC8299
:100E800001A8FFF7C2FEC648874202D1DDF810A0D4
:100E900001E0DDF80CA0A88900F4004040B10AEBA5
:100EA000CA0000EB0A1031684900B0FBF1F807E016
:100EB0000AEBCA0000EB0A1031688900B0FBF1F8B8
:100EC0006420B8FBF0F004012009642101FB1089C3
:100ED000A88900F4004040B1322000EBC900B0FB0B
:100EE000F1F000F00700044308E0322000EB0910A5
:100EF0006421B0FBF1F000F00F0004432C8106B038
:100F0000BDE8F0874FF41651016000218180C18057
:100F100001810C21418100218181704710B5024679
:100F20000020108A4FF2FF0318400B884C8823439F
:100F30008C882343CC8823431843108210BD0021A2
:100F4000018041808180C180704721B1828942F453
:100F50000052828104E082894DF6FF731A4082813B
:100F60007047F0B50346002400260025002040F617
:100F70006A17B94200D100BF1846C1F3421401F00C
:100F80001F06012707FA06F5012C01D10C3004E0F9
:100F9000022C01D1103000E014301AB107682F4341
:100FA000076002E00768AF430760F0BD1AB1838AAB
:100FB0000B43838202E0838A8B4383827047028AD9
:100FC0004FF6F0731A400282028A0A430282704787
:100FD00082894FF2FF731A40828182890A4382819B
:100FE000704721B1828942F00202828104E0828945
:100FF0004FF6FD731A4082817047028A4FF6DF7305
:101000001A400282028A0A430282704721B1028A90
:1010100042F48042028204E0028A4BF6FF731A40D7
:1010200002827047C1F308028280704701468888B7
:10103000C0F308007047818941F001018181704748
:10104000028BD2B20283028B42EA012202837047F2
:10105000028B02F47F420283028B0A4302837047B1
:1010600021B1828A42F02002828204E0828A4FF615
:10107000DF731A408282704721B1828A42F01002E7
:10108000828204E0828A4FF6EF731A4082827047B0
:1010900021B1828A42F00802828204E0828A4FF6FD
:1010A000F7731A408282704721B1828942F400426C
:1010B000828103E08289C2F30E028281704721B1EE
:1010C000828A42F40062828204E0828A4FF2FF73D5
:1010D0001A4082827047828A4FF6FB731A408282DE
:1010E000828A0A438282704721B1828A42F00202D8
:1010F000828204E0828A4FF6FD731A408282704732
:1011000002460020B1F5007F00D100BF13880B40DC
:101110000BB1012000E00020704701F40072B2F52D
:10112000007F00D100BFCA430280704770B50246FD
:10113000002400230025002040F66A16B14200D1A9
:1011400000BFC1F3421501F01F03012606FA03F3A5
:10115000012D02D19689334006E0022D02D1168A74
:10116000334001E0968A33400C12012606FA04F45B
:101170001688344013B10CB1012000E0002070BD8E
:1011800010B50022002340F66A14A14200D100BF2E
:101190000A1201249440A3B2DC43048010BD000075
:1011A000003801400044004000480040004C00402E
:1011B00000500040002044490860091D0860091DD6
:1011C0000860091D086041483F49143108607047B4
:1011D00000213D498279002A3AD00A461268036804
:1011E0009A430B461A600A1D126803689A430B1D46
:1011F0001A60027911440A6803681A430A60324A85
:101200000832126803689A432F4B08331A601A1D7C
:10121000126803689A432C4B0C331A604279102AE7
:101220000ED11A1F126803681A43274B08331A603D
:101230001A1D126803681A43234B0C331A600DE021
:101240002149427911440A6803681A430A6005E09B
:10125000027911440A6803689A430A6070470021C2
:10126000016001710C2141710021817170471649A3
:10127000103109680143144A103211607047014669
:101280000020114A143212680A400AB1012000E01D
:10129000002070470C491431086070470146002057
:1012A0000022094B1B6803EA0102074B14331B6839
:1012B0000B4013B10AB1012000E000207047024941
:1012C000143108607047000000040140FFFF0F0068
:1012D0004FF0E020006920F004004FF0E0210861A9
:1012E0000920364908700846007800EB4001C1EB40
:1012F000C0104FF6FF7101EAC00031490880704705
:10130000002120F07F402D4A127842434FF0E02325
:101310005A6100229A6101221A6100BF4FF0E02257
:10132000116901F001021AB101F48032002AF5D0EE
:1013300000224FF0E0231A619A617047002100B942
:10134000704720F07F401E4A128842434FF0E0234E
:101350005A6100229A6101221A6100BF4FF0E02217
:10136000116901F001021AB101F48032002AF5D0AE
:1013700000224FF0E0231A619A6100BFE0E770B5E8
:101380000446002600254FF4FA7094FBF0F0C6B234
:101390004FF4FA7094FBF0F100FB114085B205E0C8
:1013A0004FF4FA70FFF7CAFF701EC6B2002EF7D1D5
:1013B00015B12846FFF7C2FF70BD000028000020CD
:1013C0002A00002010B586B0044601210420FFF752
:1013D00089FC01218803FFF785FC18208DF8170090
:1013E0004FF40070ADF8140003208DF8160005A925
:1013F0006B48FFF7BBF904208DF817000002ADF829
:10140000140003208DF8160005A96548FFF7AEF912
:1014100001940020ADF810000C20ADF80E00002063
:10142000ADF80C00ADF80A00ADF8080001A95D4860
:10143000FFF7FFFC01215B48FFF787FD012240F227
:1014400025515848FFF78DFD25208DF8000001201B
:101450008DF8030000208DF8010002208DF80200B5
:101460006846FFF7BAF806B010BD10B586B004465E
:1014700001210420FFF736FC01214804FFF73FFC5F
:1014800018208DF817000420ADF8140003208DF803
:10149000160005A94248FFF769F904208DF81700E6
:1014A0000820ADF8140003208DF8160005A93C486B
:1014B000FFF75CF901940020ADF810000C20ADF8A6
:1014C0000E000020ADF80C00ADF80A00ADF80800E1
:1014D00001A93548FFF7ADFC01213348FFF735FD81
:1014E000012240F225513048FFF73BFD26208DF8C0
:1014F000000001208DF8030000208DF801008DF818
:1015000002006846FFF769F806B010BD2DE9F0410A
:1015100007460C46154600260DE014F8011B384618
:10152000FFF780FD00BF40213846FFF7E9FD0028A6
:10153000F9D0701C86B2AE42EFDBBDE8F0810FB48B
:1015400030B5CBB0054601AC50A800904FF4947173
:1015500001A8009B4F9A04F0B1FC002000900BE022
:1015600014F8011B2846FFF75DFD00BF4021284607
:10157000FFF7C6FD0028F9D020780028F0D14BB045
:1015800030BC5DF814FB10B540F225510548FFF75B
:10159000CDFD18B120210348FFF7BFFD10BD0000AD
:1015A00000080140003801400044004010B50446E6
:1015B00084F001024FF400510D48FFF788F90D48FF
:1015C000047010BD08B501211020FFF78BFB10201F
:1015D0008DF803004002ADF8000003208DF80200F2
:1015E00069460348FFF7C2F80020FFF7DFFF08BD98
:1015F000001001402C0000201FB501210420FFF73E
:1016000071FB01210846FFF76DFB48208DF80F00A4
:101610000220ADF80C0003208DF80E0003A91E482F
:10162000FFF7A4F801210020FFF7B6F9022001908E
:1016300000208DF808000C208DF8090001208DF89D
:101640000A0001A8FFF7C4FD07208DF80000022062
:101650008DF801008DF8020001208DF80300684626
:10166000FEF7BBFF1FBD10B50A20FFF767FE022182
:101670000948FFF70EF950B908480078012803D14E
:101680000020FFF793FF02E00120FFF78FFF022009
:10169000FFF715FE10BD0000000801402C000020DF
:1016A00010B56648006820F00F00644908600846DD
:1016B000006840F003000860002201215F48FFF746
:1016C00006F91420FFF73AFE012211465B48FFF7A6
:1016D000FEF81E20FFF714FE10BD10B50024574879
:1016E000006820F00F00554908600846006840F087
:1016F0000800086004E0601CC4B20120FFF700FE8F
:1017000001214E48FFF7C5F808B1642CF3DB642CC7
:1017100001DB012010BD002404E0601CC4B20120E4
:10172000FFF7EEFD01214548FFF7B3F808B9642C37
:10173000F3DB642C01DB0120ECE70020EAE710B5C5
:10174000002404E0601CC4B20120FFF7D9FD012190
:101750003A48FFF79EF808B1642CF3DB002404E05C
:10176000601CC4B20120FFF7CBFD01213348FFF715
:1017700090F808B9642CF3DB2820FFF7C1FD0121A4
:101780002E48FFF786F808B1012010BD0020FCE7C5
:1017900070B50024002506E06006040EFFF7CFFFB9
:1017A0000443681CC5B2082DF6DB204670BD7CB52D
:1017B00005460E46FFF774FFFFF78FFFF8B90024C8
:1017C00005E0FFF7E5FF0DF80400601CC4B2052C2E
:1017D000F7DB9DF800009DF8011008449DF8021009
:1017E00008449DF8031008449DF80410884208D16D
:1017F0009DF8000030709DF80200287001E0012083
:101800007CBD0020FCE708B501210420FFF76AFA3F
:101810000120ADF8000010208DF8030003208DF8A2
:10182000020069460548FEF7A1FF01210348FFF7C2
:101830004AF8FFF735FFFFF750FF08BD00080140E9
:1018400008B57648027876A1684604F051FB10236B
:101850006A460021362004F0AFF97248027870A180
:10186000684604F045FB10236A460321362004F045
:10187000A3F96D48007828B108220621362004F02B
:10188000B8F904E009220621362004F0B2F908BDB7
:1018900010B504F0B7F801220021084604F0A9F9B8
:1018A00002220021122004F0A4F900221146242073
:1018B00004F09FF903220021482004F09AF9042241
:1018C0000321002004F095F905220321122004F0E1
:1018D00090F900220321242004F08BF9102353A255
:1018E0000321482004F068F906221146002004F084
:1018F00080F907220621122004F07BF9002206213C
:10190000242004F076F910BD10B54FF4A060FEF766
:101910005FFEFFF7DDFC4FF4E130FFF753FD4FF4BE
:10192000E130FFF7A2FDFFF767FEFFF74BFE04F083
:10193000D3F909E010233EA20021084604F03CF947
:101940004FF47A70FFF71BFDFFF75DFF0028F1D120
:1019500004F058F8102339A20021084604F02CF9AD
:101960004FF47A70FFF70BFD10BD00250024FFF740
:10197000CBFF02F02FF904F045F8102334A2002128
:10198000084604F019F903E04FF4FA70FFF7D6FCAB
:1019900035A137A002F0BFF80028F5D1102340A2EE
:1019A000042104F009F94FF4FA70FFF7C7FC04F0C2
:1019B00029F8102341A20021084604F0FDF807E0B1
:1019C00029A12BA002F0A7F84FF4FA70FFF7B6FC9C
:1019D00000F0F3F90028F3D100F0A3FCFFF758FF63
:1019E0001AE0681C80B20546642808DB0D490B48E4
:1019F000FFF7DDFE00F030FC002502F06DF800205E
:101A000002F0C6F8044614B1204600F0B5FCFFF71A
:101A100017FF0A20FFF7B3FCE3E700002D000020CA
:101A2000253264002E0000202C000020250000003C
:101A30004448543131204572726F720048617264BB
:101A40007761726520696E6974204F4B0000000059
:101A5000436F6E6E656374204D515454732053650B
:101A6000727665722E2E2E00434F4E4E4543540023
:101A700041542B43495053544152543D22544350F6
:101A8000222C226D717474732E6865636C6F75649B
:101A9000732E636F6D222C313838330D0A0000002D
:101AA000436F6E6E656374204D51545420536572BC
:101AB0007665722053756363657373004465766958
:101AC0006365206C6F67696E202E2E2E000000006B
:101AD000F0B58BB0054600260024284604F05AFDD8
:101AE000C7B20DB11C2F02DA01200BB0F0BD06E029
:101AF000A85D01A988550020A855701CC6B2BE4239
:101B0000F6DB002001A988550026002455E001A835
:101B1000805D2B2810D008DC202814D023282ED05C
:101B2000252825D026283FD130E02F2812D03D2867
:101B300033D03F2838D114E02819FEA104F094FDD9
:101B4000E01CC4B236E02819FBA104F08DFDE01CB6
:101B5000C4B22FE02819F9A104F086FDE01CC4B23C
:101B600028E02819F6A104F07FFDE01CC4B221E0B2
:101B70002819F4A104F078FDE01CC4B21AE0281979
:101B8000F1A104F071FDE01CC4B213E02819EFA12B
:101B900004F06AFDE01CC4B20CE02819ECA104F0CA
:101BA00063FDE01CC4B205E001A8805D2855601CFF
:101BB000C4B200BF00BF701CC6B2BE42A7DB00208B
:101BC000285500BF91E72DE9F04FC9B005460C46F6
:101BD00016461F460DF5A47898E8000F002048909F
:101BE00055B14CB1DB48864206D32FB1B9F1000F95
:101BF00002D0BAF1780F03DA012049B0BDE8F08FC6
:101C0000402118A804F0D5FD384604F0C3FC059027
:101C10003B4648AA4021009018A800F0A1FF4821A7
:101C200006A804F0C6FDBBF1000F09D0CAA03346D8
:101C3000CBA248218DE8310006A804F06FF909E035
:101C4000C5A03346CCA248218DE81101039506A812
:101C500004F064F9402128A804F0ABFD06A804F0C4
:101C600099FC059018A804F095FC049028A8009011
:101C700006AA18A8DDE9041300F02CFE0020489005
:101C8000402138A804F095FD28A804F083FC0590B5
:101C900028AB48AA4021009038A800F0C1FE38A81F
:101CA000FFF716FFBBF1000F0CD038A8AAA12B46F6
:101CB000B9A2CDE90046CDE902105146484604F0EC
:101CC0002DF90CE038A8A4A12B46C14ACDE9018624
:101CD0000094CDE903105146484604F01FF9002056
:101CE0008BE72DE9F041ACB001270D25002600243B
:101CF00005F1F00004F07EF806461EB938462CB017
:101D0000BDE8F08103E04FF4FA70FFF717FBB1A1D3
:101D1000B2A001F000FF0028F5D10120902108AA0F
:101D20000023CDE90032CDE90210B6A3C14AC2A119
:101D3000C4A0FFF748FFC6A10D20CDE9000105F1C1
:101D4000F00108ABC34A304604F0E8F8304604F02E
:101D500021FC1FFA80F84146304601F002FFFA20CC
:101D600001F016FF044624B1BBA1204604F0DCFBC1
:101D70000446CCB100200390BA4803A904ABBA4A88
:101D8000CDE90010B949204604F07EFA04280AD1B2
:101D9000B448039904ABB44ACDE90010B4A1BC48DF
:101DA000FFF7CDFB002700BF304604F052F8B9A181
:101DB000B9A001F0B0FE3846A1E730B5B3B00020BD
:101DC0002F903090319032900125A02107AAA0A336
:101DD000CDE90032CDE902108AA3964A96A199A0D6
:101DE000FFF7F1FE07A894A399A2AFA10090A8481D
:101DF000FFF7A5FB2FA8002102910391CDE9041064
:101E0000084601210B0292A2CDE9001007A98AA081
:101E100001F007F8002842D1309A91B22F9801F0D2
:101E2000A0FEFA2001F0B4FE0446002C33D0204678
:101E300000F0C2FF02282ED1204601F057F90628F3
:101E400023D2DFE800F003090E13181DA2A1904869
:101E5000FFF775FB00251DE0A4A18D48FFF76FFB80
:101E600018E0A9A18A48FFF76AFB13E0AFA18848F0
:101E7000FFF765FB0EE0B5A18548FFF760FB09E0C1
:101E8000BBA18348FFF75BFB04E0C4A18048FFF7D8
:101E900056FB00BF00BF2FA800F046FF03E0C6A11D
:101EA0007B48FFF74CFB284633B030BD10B58CB0F3
:101EB00004463021684604F07CFCC8A1204604F0AA
:101EC00045FB3021684604F074FCCA480278CAA178
:101ED000684604F00DF86946204604F0C5FB302141
:101EE000684604F066FCCA480278CAA1684603F056
:101EF000FFFF6946204604F0B7FB3021684604F036
:101F000058FCCA48007808B1C9A000E0CAA002463F
:101F1000CBA1684603F0ECFF6946204604F0A4FB21
:101F2000CCA1204604F0A0FB204604F033FBC0B255
:101F30000CB010BD2532420025323000253246005B
:101F40002533460025323500253233002532360050
:101F5000253344009554415D7368613100000000F1
:101F600025640A25730A70726F64756374732F2574
:101F7000730A25730000000025640A25730A707235
:101F80006F64756374732F25732F64657669636559
:101F9000732F25730A25730076657273696F6E3D22
:101FA0002573267265733D70726F64756374732553
:101FB00025324625732665743D2564266D65746853
:101FC0006F643D2573267369676E3D2573000000BD
:101FD00090A40008434F4E4E4543540041542B43B8
:101FE000495053544152543D22544350222C2231E3
:101FF00038332E3233302E34302E3333222C3830D7
:102000000D0A00006F38467A6C78645838554F379F
:10201000556676524B64754A647A744C54616C66AA
:102020003059766E3235764832616670412F6B3D9D
:102030000000000000CF9D74794E385A4153466F1E
:1020400039640000323031382D31302D3331000009
:1020500064310000D8A400086465766963655F692F
:1020600064000000D4020020C402002044A4000840
:10207000637265617465206465766963653A2025DD
:10208000732C2025732C2025642C2025730D0A0029
:10209000003801404F4B000041542B434950434C02
:1020A0004F53450D0A0000004F6E654E45545F4486
:1020B00065764C696E6B0D0A4E414D453A2025738D
:1020C0002C0950524F49443A2025732C094B45594D
:1020D0003A25730D0A000000546970733A09C1ACC7
:1020E000BDD3B3C9B9A60D0A000000005741524E36
:1020F0003A09C1ACBDD3CAA7B0DCA3BAD0ADD2E90E
:10210000B4EDCEF30D0A00005741524E3A09C1AC6E
:10211000BDD3CAA7B0DCA3BAB7C7B7A8B5C4636CB0
:1021200069656E7469640D0A000000005741524EE3
:102130003A09C1ACBDD3CAA7B0DCA3BAB7FECEF191
:10214000C6F7CAA7B0DC0D0A000000005741524E86
:102150003A09C1ACBDD3CAA7B0DCA3BAD3C3BBA7ED
:10216000C3FBBBF2C3DCC2EBB4EDCEF30D0A00003F
:102170005741524E3A09C1ACBDD3CAA7B0DCA3BA8D
:10218000B7C7B7A8C1B4BDD328B1C8C8E7746F6BCF
:10219000656EB7C7B7A8290D0A0000004552523A2C
:1021A00009C1ACBDD3CAA7B0DCA3BACEB4D6AAB419
:1021B000EDCEF30D0A0000005741524E3A094D5141
:1021C00054545F5061636B6574436F6E6E656374E6
:1021D000204661696C65640D0A0000007B22696419
:1021E000223A22313233222C22706172616D7322C5
:1021F0003A7B00002D0000202274656D70223A7B2E
:102200002276616C7565223A25647D2C0000000001
:102210002E0000202268756D69223A7B2276616C5F
:102220007565223A25647D2C000000002C000020FA
:10223000747275650000000066616C7365000000D3
:10224000226C6564223A7B2276616C7565223A25A0
:10225000737D00007D7D000030B5C5B00020419049
:10226000429043904490002400254FF4807101A8CF
:1022700004F09FFA01A8FFF719FE0446002C23D0B2
:1022800041A800232246AFF238210090AFF2582037
:1022900001F01DF8A0B908E001A8415D429A501C68
:1022A000429041988154681C05B2A542F4DB429AE1
:1022B00091B2419801F055FC41A800F035FD03E0D2
:1022C0006DA17548FFF73BF945B030BD70B588B0DA
:1022D00005460C4600200490059006900790234682
:1022E0002A466EA16C48FFF72AF9204604F052F9FD
:1022F000064604A80121002200923346CDE90121BF
:102300000390224629460A2000F0FFFE38B9059ABC
:1023100091B2049801F025FC04A800F005FD08B076
:1023200070BD00B595B000201190129013901490DC
:1023300003A80290AFF2E820AFF204335FA2382185
:10234000009003A803F0EAFD03AA64A15248FFF736
:10235000F6F811A8012302AA00210090142001F030
:10236000C0F838B9129A91B2119801F0FAFB11A88D
:1023700000F0DAFC15B000BD2DE9F04F89B007463A
:1023800000200890079006900590049000250026F4
:1023900080468146384600F00FFD0546032D04D0E7
:1023A000042D3BD0092D50D141E0524804A905AA83
:1023B00008ABCDE90021029006AA07A9384601F032
:1023C000C8F90646002E28D18246BDF814000899A7
:1023D000CDE90010BDF8183047A12F48079AFFF744
:1023E000AEF8089802F040FB834652A1584602F02E
:1023F00041FF039051A1039802F03CFF044644B111
:10240000E068012802D1FFF7D1F802E00020FFF7D1
:10241000CDF8584601F026FD00BF00BF384601F058
:1024200098FA18B946A11C48FFF789F810E0384619
:1024300001F0D6F820B94AA11748FFF780F803E069
:102440004EA11548FFF77BF802E04FF0FF3600BFC2
:1024500000BF01F041FB701C10B909B0BDE8F08F5E
:102460000F2D01D0032D05D1079803F0F2FC089839
:1024700003F0EFFC00BFF0E75741524E3A094544E4
:10248000505F4E6577427566666572204661696C7D
:1024900065640D0A00000000003801405075626C50
:1024A00069736820546F7069633A2025732C204D3E
:1024B00073673A2025730D0A0000000024737973B6
:1024C0002F25732F25732F7468696E672F70726FB5
:1024D00070657274792F73657400000053756273B0
:1024E000637269626520546F7069633A2025730DC9
:1024F0000A00000030000020746F7069633A2025E4
:10250000732C20746F7069635F6C656E3A2025646C
:102510002C207061796C6F61643A2025732C2070D7
:1025200061796C6F61645F6C656E3A2025640D0A99
:1025300000000000706172616D7300006C656400E2
:10254000546970733A094D515454205075626C6946
:1025500073682053656E64204F4B0D0A0000000025
:10256000546970733A094D51545420537562736322
:1025700072696265204F4B0D0A0000005469707348
:102580003A094D5154542053756273637269626500
:10259000204572720D0A0000F0B50446142C06DACC
:1025A00001EA020523EA010685EA060019E0282C63
:1025B00004DA81EA020787EA030012E03C2C0ADA17
:1025C00001EA020501EA030787EA050602EA0307B2
:1025D00087EA060005E0502C03DA81EA020787EA61
:1025E0000300F0BD0146142901DAF7480AE0282962
:1025F00001DAF64806E03C2901DAF54802E0502904
:1026000000DAF4487047F0B5024601209040441EBD
:10261000E54301EA050020FA02F601EA0400C2F1EE
:10262000200C00FA0CF746EA07031846F0BDF0B597
:102630000246C2F1200C012000FA0CF0441EE543D2
:1026400001EA040000FA02F601EA0500C2F1200CDA
:1026500020FA0CF746EA07031846F0BD2DE9F04FC3
:10266000DDB007468A4615460AF1080909F1010955
:102670004FEACA005B9048464FEAE97109EB916165
:102680008E1148464FEAE97109EB91618911A9EB76
:1026900081115C915C98002800DD761C5C98C0F18B
:1026A00040008144D04604E0002007F8080008F10B
:1026B0000108B8EB861FF7DB802007F80A0001212C
:1026C000C1EB86115B9878545B98C0F30720022118
:1026D000C1EB861178545B98C0F307400321C1EB2E
:1026E000861178545B98000E0421C1EB8611785452
:1026F000B9485690B9485790B748C0435890B74822
:10270000C0435990B6485A904FF00008A5E0002405
:1027100052E0102C32D24FEA881000EB8400385C73
:10272000000601A941F824004FEA881000EB84005C
:10273000401C385C51F824104FF4803202FB00102A
:1027400001A941F824004FEA881000EB8400801CA6
:10275000385C51F82410121202FB001001A941F854
:1027600024004FEA881000EB8400C01C385C51F84C
:102770002410084401A941F824001CE0502C1AD26E
:10278000E01E01AA52F82000A4F1080201AB53F8A0
:1027900022205040A4F10E0253F822205040A4F110
:1027A000100253F8222080EA02010120FFF73FFFC8
:1027B00001A941F82400641C502CAAD356985590C6
:1027C0005798549058985390599852905A985190BD
:1027D00000242AE005205599FFF729FF834620466B
:1027E000529B539A5499FFF7D7FE58440090519941
:1027F0000098084400902046FFF7F4FE0099084432
:10280000009001A850F824100098084400905298B5
:102810005190539852901E205499FFF708FF5390FF
:102820005598549000985590641C502CD2D35699CA
:102830005598084456905799549808445790589979
:1028400053980844589059995298084459905A9965
:10285000519808445A9008F10108B045FFF657AF67
:102860005698E8705698000AA8705698000C687040
:102870005698000E28705798E8715798000AA8716A
:102880005798000C68715798000E28715898E87294
:102890005898000AA8725898000C68725898000E50
:1028A00028725998E8735998000AA8735998000C2F
:1028B00068735998000E28735A98E8745A98000A59
:1028C000A8745A98000C68745A98000E28745DB069
:1028D000BDE8F08F2DE9F04FADF5B36D07460E461C
:1028E00092469846DDF8BC9540254FF0360B5C20AB
:1028F000CDF89405002404E000200DF25451085551
:10290000641C402CF8DBAE421DD0AE420FDD4A46BF
:1029100031463846FFF7A2FE002405E019F804000E
:102920000DF254510855641C142CF7DB14E0AE4230
:1029300012DA002404E0385D0DF254510855641C8D
:10294000B442F8DB08E0002404E0385D0DF2545195
:102950000855641CAC42F8DB002408E00DF254502A
:10296000005D80EA0B000DF214510855641C402CE8
:10297000F4DB002405E00DF21450005D15A90855A4
:10298000641C402CF7DB002406E01AF8041015AA9A
:1029900004F140001154641C4445F6DB08EB0501CA
:1029A0004A4615A8FFF75AFE002409E00DF25450DC
:1029B000005DDDF8941548400DF2D4410855641CC3
:1029C000402CF3DB002413E09979825AA1EBD96EF5
:1029D000DCBC1B8FD6C162CA0123456789ABCDEF32
:1029E000F0E1D2C30DF2D440005D0DF80400641C88
:1029F000402CF7DB002406E019F8041004F1400035
:102A00000DF80010641C142CF6DB4A4605F1140185
:102A10006846FFF723FE0DF5B36DBDE8F08F0000AB
:102A20002DE9F04F07468946099C00250026AC4653
:102A3000A846AA4600211CB900201060BDE8F08F0E
:102A40000320B4FBF0F04FF0030BB4FBFBFE0BFBD9
:102A50001E4BBBF1000F02D04FF0010B01E04FF015
:102A6000000B00EB0B06B6F1804F05D34FF0FF30A3
:102A700010606FF02900E1E7B600701C814500D3BB
:102A800027B9701C10606FF02900D7E70320B4FB52
:102A9000F0F000EB40060025394629E013F801CBA1
:102AA00013F8018B13F801AB87484FEA9C0B10F821
:102AB0000B0001F8010B4FEA0C1000EB281000F09E
:102AC0003F00DFF804B21BF8000001F8010B4FEAE9
:102AD000880000EBAA1000F03F001BF8000001F88E
:102AE000010B0AF03F001BF8000001F8010BED1C80
:102AF000B542D3D3A5422DD213F801CB681CA04216
:102B000002D213F8010B00E0002080466E48CCF39F
:102B1000850B10F80B0001F8010B4FEA0C1000EBCD
:102B2000281000F03F00DFF8A0B11BF8000001F80A
:102B3000010B681CA04207D23F2000EA88001BF866
:102B4000000001F8010B02E03D2001F8010B3D20DF
:102B500001F8010BC81B10600020087000BF6DE772
:102B60002DE9F047074689469046DDF820C0002150
:102B700000220024002600250020044602460146CB
:102B800045E0002601E0491C761C614502D2585CF4
:102B90002028F8D0614500D13BE0ACEB01000228D1
:102BA00007D3585C0D2804D1481C185C0A2800D1B2
:102BB0002CE0585C0A2800D128E01EB16FF02B00F1
:102BC000BDE8F087585C3D2806D1601C0446022809
:102BD00002D96FF02B00F3E7585C7F2806DC585CC5
:102BE000DFF8E8A01AF800007F2802D16FF02B0070
:102BF000E6E7585CDFF8D4A01AF80000402803DAB2
:102C000014B16FF02B00DBE7521C00BF491C61457B
:102C1000B7D300BF1AB90020C8F80000D0E7D00829
:102C200000EB40004FEA400A02F0070000EB4000D2
:102C30004000C01D0AEBD002121B0FB1914504D217
:102C4000C8F800206FF02900BAE7032400200646E8
:102C500002463D4631E018780D2805D018780A283C
:102C600002D01878202800D125E01878DFF85CA081
:102C70001AF80000402801D1012000E00020241AA9
:102C80001878DFF848A01AF8000066F39F1006468F
:102C9000501C024604280DD1002214B1300C05F856
:102CA000010B012C02D9300A05F8010B022C01D9C5
:102CB00005F8016B00BF491E5B1C0029CBD1E81B46
:102CC000C8F8000000207BE7FE9900083E9A000843
:102CD00070B504460E460025206898B9012020737F
:102CE000304603F087F820602068E0B10020606083
:102CF000A66003E00020216848556D1CA068A8422A
:102D0000F8D810E00220207303E000202168485525
:102D10006D1CA068A842F8D800206060A068B0428E
:102D200001D20020206070BD10B50446207B012830
:102D300002D1206803F08DF8002020606060A06060
:102D4000207310BD0246002301230DE002F07F0036
:102D50000870D2092AB1087840F080000870491C38
:102D600001E0184670475B1C042BEFDD4FF0FF308D
:102D7000F8E7F0B504460D46264601230020106012
:102D8000002114E0775C07F07F07106807FB030061
:102D90001060705C00F0800008B9481CF0BDDB01D9
:102DA000B3F5001F02D36FF00100F7E7491CA942F9
:102DB000E8DB4FF0FF30F1E7F8B50446FF27207855
:102DC0000511012D01DB0E2D01DD3846F8BD032D67
:102DD00024D1002000906A460421601CFFF7C9FF3F
:102DE0002044461C0098022803D3207800F00100FC
:102DF00008B1FF20EAE77078317840EA0120801CB2
:102E00000099884201D9FF20E0E7F8A1B01C03F047
:102E10008BFB08B10F2700E0032700E02F46384660
:102E2000D4E72DE9FF4F83B082468B469146159C2F
:102E30000025002002900F270190484603F0AAFBCE
:102E40000FFA80F8B9F1000F03D1012007B0BDE8F7
:102E5000F08F08F10200384487B2109808B145F0AD
:102E60000205129878B145F00405129803F092FB20
:102E7000C0B20290139803F08DFB01460298001D2A
:102E80000844384487B2119820B1012804D00228A0
:102E900008D104E000BF07E045F00C0504E045F070
:102EA000140501E00220D1E700BF149808B145F0F5
:102EB0002405BAF1000F02D0BBF1000F01D10320AD
:102EC000C4E745F0C005504603F064FB064658468B
:102ED00003F060FB3044001D384487B23946204679
:102EE000FFF7F6FE206808B90420AFE739462068EE
:102EF00003F03DFC10216268501C60602068815422
:102F0000D4E90023D118781FFFF71CFF00B201900D
:102F10000198002804DA2046FFF706FF052095E710
:102F2000616801980844606000216268501C60601C
:102F30002068815404216268501C606020688154BC
:102F40004D216268501C6060206881545121626884
:102F5000501C60602068815454216268501C60607D
:102F6000206881546268501C60602068815404218C
:102F70006268501C6060206881546168481C606011
:102F8000206845540698010A6268501C60602068F9
:102F900081540698C1B26268501C606020688154F8
:102FA000C8F307216268501C606020688154626821
:102FB000501C6060206800F80280D4E90012881874
:102FC0004246494603F09EFA60684044606005F05E
:102FD0000400B8B30026139808B986A0139012987D
:102FE00003F0D8FA86B2310A6268501C606020682B
:102FF00081546268501C606020688654D4E90012D5
:1030000088183246129903F07DFA60683044606097
:10301000139803F0BFFA86B2310A6268501C6060F0
:10302000206881546268501C606020688654D4E92E
:10303000001288183246139903F064FA606830442D
:10304000606000BF05F08000C8B1504603F0A2FAEE
:1030500086B2310A6268501C6060206881546268E0
:10306000501C606020688654D4E9001288183246EB
:10307000514603F047FA60683044606000BF05F0D5
:103080004000C8B1584603F085FA86B2310A62683A
:10309000501C6060206881546268501C6060206829
:1030A0008654D4E9001288183246594603F02AFAA9
:1030B00060683044606000BF0020C7E610B5044679
:1030C00002212046FFF704FE206808B9012010BD48
:1030D000E0216268501C60602068815400216268B1
:1030E000501C6060206881540020F0E70146487859
:1030F000022801D001207047887810B18878012813
:1031000001D1C878F7E7FF20F5E72DE9FF4F83B03D
:10311000834617469946139C0025002600200290FE
:1031200001908046BBF1000F03D1012007B0BDE83C
:10313000F08F00260AE00498805D232803D00498CD
:10314000805D2B2801D10220F0E7761C0498805D79
:103150000028F0D148F03008119808B148F0010873
:1031600006EB0900851C109820B1012804D0022824
:103170000AD105E000BF09E048F00208AD1C05E0F7
:1031800048F00408AD1C01E00320CFE700BF67B39F
:103190003878022821D14FF0000A00BF50460AF1CA
:1031A000010A385C7D28F9D1AAF1030A0AF1070067
:1031B00002900298A9EB000AE81CA0EB0A01204645
:1031C000FFF786FD206808B90420AFE7EA1CA2EBF0
:1031D0000A01206803F0CBFA1FE0691D2046FFF7C3
:1031E00077FD206840B90420A0E70AE024637265F7
:1031F0007100000000000000691D206803F0B7FAAC
:103200000BE0691D2046FFF763FD206808B9042024
:103210008CE7691D206803F0AAFA6168481C6060A9
:10322000206800F80180D4E9000281182846FFF7E1
:1032300089FD01900198002804DA2046FFF774FD0B
:10324000052073E76168019808446060C6F30721B0
:103250006268501C6060206881546268501C606025
:1032600020688654D4E9001288183246049903F085
:1032700049F9606830446060109860B14FEA1B21E2
:103280006268501C6060206881546268501C6060F5
:10329000206800F802B0C7B1387802280BD1D4E911
:1032A000001288183946029A03F0EAF96168029818
:1032B0000844606009E0D4E9001288184A4639469B
:1032C00003F0DEF960684844606000202EE72DE9D5
:1032D000F04190B004460D4616469846169F234688
:1032E000F7A2302104A8009502F018FE0120002169
:1032F000CDE9000133460A4604A9CDE902070A20B8
:10330000FFF703FF18B1012010B0BDE8F0810020E5
:10331000FAE72DE9F04F85B080460D469146012031
:1033200004900027002600244FF0000A404603F0D6
:1033300031F900F10D0B584602F05CFD07461FB94C
:10334000049805B0BDE8F08F4246E5A1384602F08A
:10335000CFFD384603F01EF9C6B2F01D00EB050A9A
:10336000AAEB050002F046FD044624B9384602F0F7
:1033700070FD0498E5E70220207000206070A670C0
:1033800032463946E01C03F07BF9290EF01C21542B
:10339000C5F30741301D2154C5F30721701D215489
:1033A000B01D255401200021CDE9000153462246DD
:1033B000CFA1CDE902090A20FFF7A7FE08B9002036
:1033C0000490384602F045FD204602F042FD049884
:1033D000B7E72DE9F84380460C4615461E462F21D7
:1033E00008F1060003F084F807460020009017B9A2
:1033F0000120BDE8F8837F1C6A46042108F1010022
:10340000FFF7B7FC252002F0F5FC2060206808B922
:103410000220EEE72521206803F0A9F9242239468D
:10342000206803F02DF9243700982C38308031883B
:10343000481C02F0DFFC2860286820B9206802F0F0
:1034400008FD0320D5E73288511C286803F08FF966
:1034500032883946286803F013F90020C9E72DE9BE
:10346000FF5F07460D469046384603F093F886B254
:10347000284603F08FF81FFA80FA4FF00009F01D7C
:1034800002F0B8FC04461CB9012004B0BDE8F09F6E
:10349000F11D204603F06BF996A001682160808839
:1034A000A08032463946204603F02CF8284603F027
:1034B00071F883460120002100915B462A46CDE940
:1034C0000208019121460A20FFF71FFE10B94FF0B4
:1034D000000901E04FF00109204602F0BAFC48461D
:1034E000D3E72DE9FF5F8046174699460E9C0026DC
:1034F000B246B3460025B8F1000F03D1012004B055
:10350000BDE8F09F0BE057F8250008B90220F6E768
:1035100057F8250003F03EF80644681CC5B24D4537
:10352000F1DB09EB4900801C00EB060A0AF10501FA
:103530002046FFF7CDFB206808B90320DFE7822192
:103540006268501C606020688154D4E900028118D0
:103550005046FFF7F7FB0FFA80FBBBF1000F04DAD0
:103560002046FFF7E1FB0420C9E76068584460602B
:103570004FEA18216268501C6060206881546268BC
:10358000501C6060206800F80280002524E057F895
:10359000250002F0FFFF0646C6F307216268501CB3
:1035A0006060206881546268501C606020688654A6
:1035B000D4E90023D01857F82510324602F0A2FFB4
:1035C0006068304460600198C1B26268501C6060FD
:1035D00020688154681CC5B24D45D8DB00208EE7B9
:1035E0000146FF208A78A2B9CA78142A11D10A7933
:1035F00032B1012A05D0022A04D0802A06D103E084
:1036000000BF00BF002003E0012001E0022000BF56
:1036100000BF70472DE9F05F80460F4691461C467B
:103620000026B246B3460025B8F1000F02D10120B2
:10363000BDE8F09F0BE057F8250008B90220F7E736
:1036400057F8250002F0A6FF0644681CC5B24D4598
:10365000F1DB022000EB490000EB060A0AF105014C
:103660002046FFF735FB206808B90320E0E7A221D8
:103670006268501C606020688154D4E9000281189F
:103680005046FFF75FFB0FFA80FBBBF1000F04DA37
:103690002046FFF749FB0420CAE760685844606091
:1036A0004FEA18216268501C60602068815462688B
:1036B000501C6060206800F8028000253CE000009B
:1036C000247379732F25732F25732F7468696E67A0
:1036D0002F70726F70657274792F706F7374000041
:1036E0007B2264735F6964223A222573227D000085
:1036F0002464700024637273702F000057F8250053
:1037000002F048FF0646C6F307216268501C60605D
:10371000206881546268501C606020688654D4E937
:103720000023D01857F82510324602F0EBFE6068EF
:1037300030446060681CC5B24D45DFDB002077E790
:10374000014601208A781AB9CA781E2A00D10020C1
:1037500070472DE9FC5F81460D4614461E46DDE9A3
:103760000C8B99F8000000F00F0A002001900AF07D
:1037700008000090CAF341008BF8000001AA042160
:1037800009F10100FFF7F5FA4844471C01980228A7
:1037900002D30AF0010010B1FF20BDE8FC9F787849
:1037A000397840EA012020802088801C01998842D5
:1037B00001D9FF20F1E7AFF2CC51B81C02F0B4FE02
:1037C00008B10F20E9E79BF8000020B101283DD0A7
:1037D000022877D13BE0009808B1FF20DDE721887F
:1037E000481C02F007FB2860286808B9FF20D4E7CE
:1037F0002288511C286802F0BAFF2288B91C286868
:1038000002F03EFF0198801E2188401AA8F80000AF
:10381000B8F80010481C02F0EDFA3060306820B9AA
:10382000286802F016FBFF20B7E7B8F80020511C0B
:10383000306802F09CFFB8F80020B4F800C0BB1C50
:103840000CEB0301306802F01BFF4FE000BF208843
:10385000801C0199884201D9FF209EE72088C01C66
:10386000395C2088801C385C41EA00210E98018078
:103870000E9808B9FF2090E72188481C02F0BAFA98
:103880002860286808B9FF2087E72288511C28682B
:1038900002F06DFF2288B91C286802F0F1FE019841
:1038A000001F2188401AA8F80000B8F80010481C32
:1038B00002F0A0FA3060306828B9286802F0C9FA2E
:1038C000FF206AE710E0B8F80020511C306802F0D1
:1038D0004EFFB8F80020B4F800C03B1D0CEB03010C
:1038E000306802F0CDFE01E0FF2056E700BF2B213B
:1038F000284602F0FDFD20B92321284602F0F8FDFC
:1039000008B1FF2049E7002047E770B505460C469F
:1039100004212046FFF7DCF9206808B9012070BDBA
:1039200040216268501C60602068815402216268F6
:10393000501C60602068815429126268501C6060CD
:10394000206881546268501C6060206885540020A3
:10395000E5E701464878022801D0012070478878C1
:1039600020B9C8780A2801D10020F7E70120F5E73F
:1039700070B505460C4604212046FFF7A9F92068DA
:1039800008B9012070BD50216268501C6060206839
:10399000815402216268501C6060206881542912A1
:1039A0006268501C6060206881546268501C6060CE
:1039B000206885540020E5E701464878022801D0B8
:1039C00001207047887820B9C8780A2801D10020E2
:1039D000F7E70120F5E770B505460C4604212046BF
:1039E000FFF776F9206808B9012070BD622162688E
:1039F000501C60602068815402216268501C606025
:103A00002068815429126268501C606020688154CB
:103A10006268501C6060206885540020E5E702461B
:103A20005078022801D0012070479078B0EB112F18
:103A300005D1D078CBB2984201D10020F4E7012023
:103A4000F2E770B505460C4604212046FFF740F921
:103A5000206808B9012070BD70216268501C606048
:103A60002068815402216268501C60602068815483
:103A700029126268501C6060206881546268501C82
:103A80006060206885540020E5E7014648780228F8
:103A900001D001207047887820B9C8780A2801D160
:103AA0000020F7E70120F5E710B504460221204683
:103AB000FFF70EF9206808B9012010BDC021626827
:103AC000501C60602068815400216268501C606056
:103AD000206881540020F0E710B54FF40071794858
:103AE00002F045FE00207849088010BD7648008825
:103AF00008B90120704774480088744909888842D1
:103B000003D1002070490880F4E76F4800886F49AE
:103B100008800120EEE72DE9F04104460D46C82655
:103B2000204602F037FD87B23A4621466848FDF745
:103B3000EDFC0FE0FFF7DAFF48B92946614802F0D3
:103B4000F3FC20B1FFF7C8FF0020BDE8F0810A2098
:103B5000FDF7F4FB301EA6F10101CEB2EAD101203F
:103B6000F3E730B589B004460D46FFF7B5FF2A46A6
:103B700058A101A802F0BCF95AA101A8FFF7CBFF98
:103B800020B92A4621465248FDF7C0FC09B030BD95
:103B900070B50546002400BFFFF7A8FF80B952A109
:103BA000484802F0C1FC044654B13A21204602F0D4
:103BB0009FFC044614B1641C204670BD0020FCE745
:103BC0000520FDF7BBFB281EA5F101018DB2E3D155
:103BD00000BFF2E710B5FFF77FFF01F013FF0823E6
:103BE00043A20021084601F0E7FF03E04FF4FA701A
:103BF000FDF7A4FB40A141A0FFF78DFF0028F5D100
:103C0000082340A2022101F0D7FF03E04FF4FA702D
:103C1000FDF794FB38A13EA0FFF77DFF0028F5D10A
:103C200008233FA2042101F0C7FF03E04FF4FA701C
:103C3000FDF784FB30A13EA0FFF76DFF0028F5D112
:103C400008233FA2062101F0B7FF03E04FF4FA700A
:103C5000FDF774FB3DA13FA0FFF75DFF0028F5D104
:103C600044A14A48FDF76BFC01F0CCFE102348A2AA
:103C70000021084601F0A0FF4FF4FA70FDF75EFB4B
:103C800010BD10B540F225511148FDF74FFAB8B1FB
:103C90000D480088B0F5007F02D300200A49088053
:103CA0000B48001D0088C1B2074802880088401CEC
:103CB000054B18800348815420210548FDF72DFA53
:103CC00010BD00000403002032000020340000205A
:103CD0000044004041542B43495053454E443D2538
:103CE000640D0A003E0000004950442C0000000012
:103CF000312E41542E2E2E004F4B000041540D0A00
:103D000000000000322E43574D4F44452E2E2E000A
:103D100041542B43574D4F44453D310D0A0000009F
:103D2000332E41542B4357444843502E2E2E00002F
:103D300041542B4357444843503D312C310D0A0028
:103D4000342E43574A41502E2E2E0000474F542008
:103D50004950000041542B43574A41503D22616273
:103D600063222C22616263313233343536220D0AEC
:103D700000000000352E2045535038323636204999
:103D80006E6974204F4B0D0A00000000003801409E
:103D90004553503832363620496E6974204F4B00F7
:103DA000FE480068704770B504460D462CB9AC4219
:103DB00001D0012070BD0020FCE70DB90120F9E71A
:103DC00005E0207808B90020F4E7641C6D1C207819
:103DD00002F066F80646287802F062F88642F0D0D3
:103DE000207802F05DF80646287802F059F8301A7B
:103DF000E0E770B50446204602F0CCFB451C28469F
:103E0000E74909688847061E00D170BD2A46214649
:103E1000304602F035FC3046F7E730B9E149E04A78
:103E20001160E149E14A11607047016809B1016818
:103E300000E0DC49DA4A1160416809B1416800E0FC
:103E4000D949DA4A116000BFEEE710B52820D449FD
:103E50000968884704461CB12821204602F0A9FCC5
:103E6000204610BD70B5044622E02568A08900F404
:103E7000807020B9A06810B1A068FFF7F3FFA08997
:103E800000F4807028B9206918B1C8492069096810
:103E90008847A08900F4007028B9206A18B1C34986
:103EA000206A096888472046C049096888472C4627
:103EB000002CDAD170BD2DE9F04F8BB083468A46D5
:103EC0000020044605460026B94F00218846894651
:103ED0000990012008909AF800002D2802D1B54FD2
:103EE0000AF1010A9AF80000302801D10AF1010A0A
:103EF0009AF80000312822DB9AF8000039281EDCED
:103F000000BF1AF8011BA1F1300005F02AF90022C8
:103F1000A94BCDE906012046294605F075F9CDE902
:103F20000401DDE9062304F09DFE04460D469AF8DF
:103F30000000302803DB9AF800003928E1DD9AF808
:103F400000002E2830D19AF8010030282CDB9AF896
:103F50000100392828DC0AF1010A00BF1AF8011B08
:103F6000A1F1300005F0FDF80022934BCDE90601E8
:103F70002046294605F048F9CDE90401DDE906238C
:103F800004F070FE04460D460022894B4046494627
:103F900005F060FB804689469AF80000302803DB74
:103FA0009AF800003928D9DD9AF80000652803D076
:103FB0009AF80000452823D10AF1010A9AF8000076
:103FC0002B2802D10AF1010A08E09AF800002D28F6
:103FD00004D14FF0FF3008900AF1010A08E01AF806
:103FE000010B3038099901EB810100EB4100099088
:103FF0009AF80000302803DB9AF800003928EEDD3B
:10400000DDE9082101FB02F005F0ABF842464B4622
:10401000CDE9000104F026FE02460B46CDE902017F
:104020000020654904F0E0F822462B46CDE9060160
:104030003046394605F0E8F8CDE90401DDE906230C
:1040400005F0E2F804460D46CBE906452046294630
:1040500005F058F8CBF814000320CBF80C005046BC
:104060000BB0BDE8F08F0146491E41EA610141EA0B
:10407000A10141EA211141EA212141EA2141481CE3
:1040800070472DE9F04104460E460CB1206810B986
:104090000020BDE8F081A06806446068B04203DB00
:1040A000A16820680844F4E73046FFF7DCFF0746C4
:1040B00038463B490968884705463DB93B49206871
:1040C00009688847002060602060E2E725B1284643
:1040D000D4E9001202F0D4FA34492068096888470C
:1040E00067602560A0682844D3E770B504460CB12A
:1040F000206808B9002070BDA168206845182846CE
:1041000002F048FAA1680844F5E72DE9FC47824629
:104110000E464FF00009DAE9064500221346204614
:10412000294604F0B3FF13D12EB102213046FFF728
:10413000A8FF814604E002201949096888478146A2
:10414000B9F1000F03D01DA00088A9F800009FE07E
:10415000DAF8140005F005F8074622462B4605F06C
:1041600079FA21F000410022154BCDE9000105F05C
:104170000FF83ED8134A144B2046294605F008F89C
:1041800037D80022114B2046294605F03BF930D89C
:1041900006B315213046FFF774FF19E03800002000
:1041A0003C000020F55D0008535E00084000002040
:1041B0000000F03F0000F0BF00002440300000008D
:1041C0000000B03C0000C0FFFFFFDF410000E0C185
:1041D000814604E01520FA49096888478146B9F10B
:1041E000000F55D0F7A14846DAF8142001F080FE00
:1041F0004EE02EB140213046FFF743FF814604E0F8
:104200004020EF49096888478146B9F1000F3FD047
:104210002046294603F07AFF074622462B4605F042
:1042200019FA21F000410022E74BCDE9000104F02A
:10423000AFFF0FD825F000412746E44AE44B38464B
:1042400004F0A6FF06D222462B46E2A1484601F022
:104250004FFE1DE025F000412746E04AE04B38467E
:1042600004F096FF07D325F000410022DD4B3846CD
:1042700005F0C8F806D222462B46DBA1484601F0DD
:1042800037FE05E022462B46D8A1484601F030FE15
:104290004846BDE8FC87014600220878302806DB46
:1042A0000878392803DC08783038024415E00878AB
:1042B000412806DB0878462803DC087837380244B2
:1042C0000BE00878612806DB0878662803DC0878AC
:1042D0005738024401E0002070471201491C087859
:1042E000302806DB0878392803DC087830380244A7
:1042F00015E00878412806DB0878462803DC0878B2
:10430000373802440BE00878612806DB0878662815
:1043100003DC08785738024401E00020DCE7120192
:10432000491C0878302806DB0878392803DC08782F
:104330003038024415E00878412806DB0878462822
:1043400003DC0878373802440BE00878612806DB84
:104350000878662803DC08785738024401E000201A
:10436000BAE71201491C0878302806DB087839289A
:1043700003DC08783038024415E00878412806DB71
:104380000878462803DC0878373802440BE00878C0
:10439000612806DB0878662803DC08785738024471
:1043A00001E0002098E7104696E72DE9F05F83468C
:1043B000884608F10104002798F80000222805D05B
:1043C0008B48C0F800800020BDE8F09F04E014F89E
:1043D000011B5C2900D1641C2078222804D020789D
:1043E00010B1781C071EF2D1781C754909688847FE
:1043F0008146B9F1000F01D10020E5E708F1010481
:104400004D469EE020785C2804D014F8010B05F896
:10441000010B96E0641C2078722818D006DC622814
:1044200009D066280BD06E287ED10CE0742812D0FB
:104430007528F9D113E0082005F8010B7FE00C2066
:1044400005F8010B7BE00A2005F8010B77E00D2051
:1044500005F8010B73E0092005F8010B6FE0601C03
:10446000FFF719FF0646241DB6F55C4F02D3B6F5DB
:10447000604F00D306B962E0B6F5584F1CD3B6F5CD
:104480005C4F19D260785C2802D1A078752800D0E2
:1044900055E0E01CFFF7FFFE8246A41DBAF55C4F15
:1044A00002D3BAF5604F00D349E0C6F30901504684
:1044B00061F39F2000F580360427802E01D201276A
:1044C00008E0B6F5006F01D2022703E0B6F5803FA1
:1044D00000D203273D44012F20D0022F15D0032FF7
:1044E0000AD0042F24D106F0BF0040F08001681EDE
:1044F00005460170B60900BF06F0BF0040F080011C
:10450000681E05460170B60900BF06F0BF0040F006
:104510008001681E05460170B60900BF3548C05DC0
:104520003043C1B2681E00E005E00546017000BFDF
:1045300000BF3D4403E0207805F8010B00BF00BF39
:10454000641C2078222803D0207800287FF45AAFFA
:10455000002028702078222800D1641CCBF810900D
:104560000420CBF80C0020462EE72DE9F05F8046B2
:1045700089460027BB46454611E02878002802DD21
:104580002878202805DB2878222802D028785C2883
:1045900001D1012000E0002040EA0B0B6D1C2878BF
:1045A0000028EAD1BBF1000F3ED1A5EB0807B9F115
:1045B000000F21D0F91C4846FFF763FD064620E0B6
:1045C0003C000020256400000000B03C44F3C2E43D
:1045D000E4E9634C252E3066000000008DEDB5A0A7
:1045E000F7C6B03E65CDCD412565000025660000CB
:1045F00038000020BE9A0008F81CFD490968884769
:10460000064616B90020BDE8F09F3446222004F883
:10461000010B4146204601F099FF2220E055002180
:10462000781C21543046EEE7B8F1000F16D1B9F1ED
:10463000000F05D003214846FFF723FD064604E09E
:104640000320EB490968884706460EB90020DAE7DF
:10465000E8A1304601F07AFF3046D4E745460BE04A
:104660005146E5A001F044FF08B17F1C03E0BAF118
:10467000200F00DA7F1D6D1C95F800A0BAF1000F25
:1046800002D0781C071EEBD1B9F1000F05D0F91C40
:104690004846FFF7F6FC064604E0F81CD4490968D2
:1046A000884706460EB90020ADE73446454622202D
:1046B00004F8010B47E028781F280ADD2878222813
:1046C00007D028785C2804D015F8010B04F8010BFA
:1046D00039E05C2004F8010B15F8011B8A460C290F
:1046E00019D006DC082912D0092920D00A2922D1A4
:1046F00015E00D2917D0222905D05C291BD15C209B
:1047000004F8010B1EE0222004F8010B1AE06220DD
:1047100004F8010B16E0662004F8010B12E06E208D
:1047200004F8010B0EE0722004F8010B0AE074207B
:1047300004F8010B06E05246B1A1204601F0D8FB77
:10474000641D00BF00BF28780028B4D1222004F8DF
:10475000010B002004F8010B304654E770B5044605
:104760000D4629462069FFF700FF70BD00E0401CA0
:1047700020B1017811B101782029F8DD70472DE9C9
:10478000F04706460C4620787B2804D09E480460FB
:104790000020BDE8F0870620F060601CFFF7E6FF10
:1047A000044620787D2801D1601CF2E7FFF74DFB1D
:1047B0000546B060B06808B90020EAE72046FFF778
:1047C000D5FF804641462846FFF7EFFD0746FFF735
:1047D000CDFF04460CB90020DBE7286928620020E1
:1047E000286120783A2803D0874804600020D0E769
:1047F000601CFFF7BBFF80464146284600F099F851
:104800000746FFF7B3FF04460CB90020C1E731E0CB
:10481000FFF71BFB071E00D1BBE72F607D603D4605
:10482000601CFFF7A3FF814649462846FFF7BDFD00
:104830008046FFF79BFF04460CB90020A9E72869D2
:1048400028620020286120783A2803D06E4804604E
:1048500000209EE7601CFFF789FF814649462846F5
:1048600000F067F88046FFF781FF04460CB900208E
:104870008FE700BF20782C28CAD020787D2801D16E
:10488000601C86E760480460002082E72DE9F0475D
:1048900005460C4620785B2804D05B480460002065
:1048A000BDE8F0870520E860601CFFF75FFF044665
:1048B00020785D2801D1601CF2E7FFF7C6FA0646B2
:1048C000A860A86808B90020EAE72046FFF74EFF75
:1048D00080464146304600F02CF80746FFF746FF79
:1048E00004460CB90020DBE717E0FFF7AEFA071E1D
:1048F00000D1D5E737607E603E46601CFFF736FF8B
:1049000081464946304600F014F88046FFF72EFFF6
:1049100004460CB90020C3E700BF20782C28E4D05F
:1049200020785D2801D1601CBAE737480460002078
:10493000B6E770B505460C460CB9002070BD0422E0
:1049400032A1204601F045FE18B90220E860201D82
:10495000F4E705222FA1204601F03BFE18B9002004
:10496000E860601DEAE704222CA1204601F031FE38
:1049700020B90120E8606861201DDFE72078222847
:1049800004D121462846FFF710FDD7E720782D28CF
:1049900005D02078302807DB2078392804DC214630
:1049A0002846FFF788FAC9E720785B2804D121461A
:1049B0002846FFF76BFFC1E720787B2804D121460A
:1049C0002846FFF7DCFEB9E70F4804600020B5E792
:1049D0002DE9F04780460D4616460024FFF735FACC
:1049E0000746002008490860E7B9BDE8F0870000E5
:1049F0003C00002022220000225C080C0A0D090065
:104A00007525303478000000380000206E756C6C1D
:104A10000000000066616C736500000074727565CB
:104A2000000000004046FFF7A1FE81464946384697
:104A3000FFF77FFF04462CB93846FFF713FA002032
:104A4000BDE8F08766B12046FFF790FE0446207867
:104A500030B13846FFF706FAFE4804600020EFE761
:104A600005B12C603846EBE710B50446002211462C
:104A70002046FFF7ADFF10BD2DE9FF4F89B08846F6
:104A800016461F4600200890079006904FF0070A30
:104A900000250998D0F8089000200290019000901D
:104AA00004E00298401C0290D9F80090B9F1000F80
:104AB000F7D10298002835D157B116B108F104009A
:104AC00000E0032001463846FFF7DBFA069009E0D4
:104AD00016B108F1040100E003210846DE49096827
:104AE00088470690069818B900200DB0BDE8F08FF1
:104AF000069C7B2004F8010B66B10A2004F8010B28
:104B0000002503E0092004F8010B6D1CA8F1010049
:104B1000A842F7DC7D2004F8010B002004F8010B0B
:104B20000698E2E7002F77D0BD680EB1022000E0C2
:104B3000012082460AF101013846FFF7A2FA044635
:104B40000CB90020D1E77B2004F8010B16B10A2034
:104B500004F8010B00202070B8685044B860099830
:104B6000D0F8089008F1010868E0B6B1414638462F
:104B7000FFF787FA04460CB90020B6E7002003903F
:104B800005E0092004F8010B0398401C03900398EA
:104B90004045F6DBB8684044B8603946D9F8200093
:104BA000FFF7E3FC3846FFF7A0FAB8600EB1022029
:104BB00000E00120824651463846FFF762FA04467B
:104BC0000CB9002091E73A2004F8010B16B1092036
:104BD00004F8010BB8685044B8603B463246414681
:104BE000484600F078FA3846FFF77FFAB8600EB111
:104BF000012000E00020D9F8001009B1012100E0F7
:104C0000002100EB010A0AF101013846FFF739FAE9
:104C1000044614B9002068E734E0D9F8000010B168
:104C20002C2004F8010B16B10A2004F8010B002017
:104C30002070B8685044B860D9F80090B9F1000FFE
:104C400093D116B108F1010000E002200146384678
:104C5000FFF717FA04460CB9002046E74EB10025CD
:104C600003E0092004F8010B6D1CA8F10100A84223
:104C7000F7DC7D2004F8010B002020703868284400
:104C8000069005E1029988007349096888470890F1
:104C9000089808B9002028E7029988006E49096839
:104CA00088470790079828B96C4908980968884789
:104CB00000201AE702988100089801F07AFD029816
:104CC0008100079801F075FD0998D0F8089008F167
:104CD000010806B1C2442EE00021D9F82000FFF7F8
:104CE00044FC0490079941F82500002332464146D0
:104CF000484600F0F0F929466D1C0590089A42F8E4
:104D00002100049898B1059888B1059801F042FCFB
:104D10008346049801F03EFC0BEB0001891C16B1A0
:104D200008F1020000E000200844824401E0012074
:104D30000190D9F80090B9F1000FCDD1019820B9B8
:104D400050464549096888470690069808B90120E9
:104D50000190019818B3002514E0079850F8250039
:104D600028B1079951F825003C49096888470898F7
:104D700050F8250028B1089951F8250037490968ED
:104D800088476D1C02988542E7DB3449079809681B
:104D9000884732490898096888470020A5E67B21A2
:104DA000069801700698441C16B10A2004F8010BFD
:104DB00000202070002548E05EB10020039005E04F
:104DC000092004F8010B0398401C03900398404508
:104DD000F6DB079951F8250001F0DCFB00900798FD
:104DE00050F825102046009A01F04AFC009804442F
:104DF0003A2004F8010B16B1092004F8010B0898B9
:104E000050F82510204601F0A1FB089951F8250023
:104E100001F0C0FB04440298401EA84202D02C209E
:104E200004F8010B16B10A2004F8010B00202070D1
:104E3000079951F82500094909688847089951F8E8
:104E400025000649096888476D1C02988542B3DB36
:104E5000024905E0380000203C000020400000200E
:104E6000079809688847F7490898096888474EB144
:104E7000002503E0092004F8010B6D1CA8F10100D6
:104E8000A842F7DC7D2004F8010B002004F8010B98
:104E900006982AE62DE9FF4F85B092461E464FF050
:104EA000000B052003900598D0F80880D94600250E
:104EB00000200290019003E009F10109D8F8008078
:104EC000B8F1000FF8D1B9F1000F16D12EB10321BE
:104ED0003046FFF7D6F8834604E00320DA49096834
:104EE00088478346BBF1000F03D0D8A1584601F094
:104EF0002DFB584609B0BDE8F08F002E57D0B5689D
:104F000001213046FFF7BDF804460CB90020F1E757
:104F10005B202070B068401CB0600598D0F8088015
:104F20002EE0334652460699491C404600F0D3F81D
:104F30003046FFF7DAF8B060D8F80000F0B1BAF107
:104F4000000F01D0022000E0012003900399491CCA
:104F50003046FFF796F804460CB90020CAE72C202B
:104F600004F8010BBAF1000F02D0202004F8010B65
:104F700000202070B16803980844B060D8F8008021
:104F8000B8F1000F02D002980028CAD002213046A2
:104F9000FFF777F804460CB90020ABE75D2004F872
:104FA000010B00202070306800EB050B91E04FEA08
:104FB0008900A5490968884707460FB9002099E785
:104FC0004FEA8901384601F0F4FB0598D0F80880D3
:104FD00021E0002352460699491C404600F07BF828
:104FE000049029466D1C049847F82100049870B17C
:104FF000049801F0CFFA801CBAF1000F01D0012112
:1050000000E00021014403980844039001E00120DE
:105010000290D8F80080B8F1000F02D00298002862
:10502000D7D0029820B988490398096888478346F1
:10503000BBF1000F01D101200290029890B1002530
:1050400008E057F8250020B157F825007D49096888
:1050500088476D1C4D45F4DB38467A490968884716
:10506000002047E75B208BF800000BF101040020D3
:105070002070002521E057F8250001F08BFA0190FF
:1050800057F825102046019A01F0FAFA01980444D5
:10509000A9F10100A8420AD02C2004F8010BBAF1B2
:1050A000000F02D0202004F8010B0020207057F8D8
:1050B00025006449096888476D1C4D45DBDB38468F
:1050C0006049096888475D2004F8010B002004F856
:1050D000010B58460EE72DE9F04104460F46904675
:1050E0001D46002614B90020BDE8F081002D49D0EE
:1050F000207B072845D2DFE800F0101C04282E345E
:105100003C0005212846FEF7BCFF064626B1AFF25B
:105110000471304601F01AFA33E006212846FEF702
:10512000B0FF064626B1AFF21471304601F00EFA18
:1051300027E005212846FEF7A4FF064626B1AFF278
:105140002471304601F002FA1BE029462046FEF7A2
:10515000DCFF064615E029462046FFF7FFFA064623
:105160000FE02B46424639462046FFF793FE06469F
:1051700007E02B46424639462046FFF77DFC0646AF
:1051800000BF37E0207B072833D2DFE800F00A10A9
:1051900004161C222A00AFF28C70FEF72AFE064687
:1051A00027E0AFF29070FEF724FE064621E0AFF252
:1051B0009470FEF71EFE06461BE000212046FEF717
:1051C000A4FF064615E000212046FFF7C7FA064671
:1051D0000FE00023424639462046FFF75BFE0646B5
:1051E00007E00023424639462046FFF745FC0646C5
:1051F00000BF00BF304677E710B504460023012208
:1052000019462046FFF767FF10BD10B5044600237E
:105210001A4619462046FFF75EFF10BDFEB505464B
:105220000C461646204608490968884700900194B4
:10523000002002906B46324600212846FFF74BFFC4
:10524000FEBD0000400000203C0000205B5D00002F
:1052500001468A68002001E0401C1268002AFBD148
:1052600070470246906801E0491E006808B10029B5
:10527000FADC704770B505460E46AC6800E024685D
:105280002CB13146206AFEF78EFD0028F7D120466A
:1052900070BD01604860704770B50546FEF7D5FDEA
:1052A00004460CB9002070BD28222946204601F092
:1052B0002CFA00202062E06840F48070E06000205A
:1052C000606020602046EEE770B505460E46AC688B
:1052D00006B970BD0CB9AE6009E000E0246814B1F5
:1052E00020680028FAD131462046FFF7D2FF00BFE0
:1052F000EFE770B506460D46144604B970BD206A46
:1053000018B1FE49206A096888472846FEF771FDF2
:10531000206221463046FFF7D7FF00BFEEE770B5A9
:1053200006460D46144604B970BDA08900F400700D
:1053300028B9206A18B1F149206A096888472562AE
:10534000E06840F40070E06021463046FFF7BCFFA3
:1053500000BFE9E770B505460C462046FFF79CFF05
:10536000064631462846FFF7AFFF70BD2DE9F041F4
:1053700005460E4614462046FFF78EFF07463A467E
:1053800031462846FFF7B5FFBDE8F08110B502466B
:105390000B46916801E009685B1E09B1002BFADC3D
:1053A00009B9002010BD486810B1D1E9000420609F
:1053B000086810B1D1E9004060609068884201D16E
:1053C000086890600020086048600846EAE770B509
:1053D00004460D4629462046FFF7D8FF0646FEF74D
:1053E00041FD70BD2DE9F04105460F460026AC6831
:1053F00001E0761C24682CB13946206AFEF7D3FC04
:105400000028F6D12CB131462846FFF7BFFFBDE892
:10541000F0810020FBE770B504460D462946204682
:10542000FFF7E0FF0646FEF71DFD70BD2DE9F041D8
:1054300006460F461446B56801E02D687F1E0DB183
:10544000002FFADC2DB921463046FFF73DFFBDE8BD
:10545000F0812560686860606C60B068A84201D126
:10546000B46001E06068046000BFF0E72DE9F0413E
:1054700006460F461446B56801E02D687F1E0DB143
:10548000002FFADC0DB9BDE8F0812868206068685B
:105490006060206808B120684460B068A84201D10B
:1054A000B46001E0606804600020686028602846FD
:1054B000FEF7D8FC00BFE6E72DE9F04105460E46B1
:1054C00017464FF00008AC6802E008F101082468B4
:1054D0002CB13146206AFEF766FC0028F5D144B1B4
:1054E0003046FEF786FC38623A4641462846FFF7CA
:1054F000BDFFBDE8F08110B5FEF7A7FC04460CB176
:105500000220E060204610BD10B5FEF79EFC044668
:105510000CB10120E060204610BD10B5FEF795FCEF
:1055200004460CB10020E060204610BD70B5054671
:10553000FEF78BFC044624B10DB1012000E00020F1
:10554000E060204670BD70B505460E46FEF77DFC56
:10555000044644B10320E060C4E9065628463146BB
:1055600003F0D0FD6061204670BD70B50546FEF7C2
:105570006CFC04462CB10420E0602846FEF739FCA0
:105580002061204670BD10B5FEF75FFC04460CB1EB
:105590000520E060204610BD10B5FEF756FC04461D
:1055A0000CB10620E060204610BD2DE9F05F814679
:1055B0008A460025AB46FFF7E6FF0646002410E0CA
:1055C00059F8240003F0CDFD0746FFF7BCFF054660
:1055D0000CB9B56003E029465846FFF75AFEAB46C2
:1055E000641C0EB15445EBDB3046BDE8F09F2DE95D
:1055F000F05F81468A460025AB46FFF7C4FF0646AA
:10560000002410E059F8240004F00EF90746FFF7D3
:105610009AFF05460CB9B56003E029465846FFF7E6
:1056200038FEAB46641C0EB15445EBDB3046BDE89A
:10563000F09F2DE9F047074688460025A946FFF769
:10564000A2FF0646002410E007EBC400D0E90021C9
:105650001046FFF778FF05460CB9B56003E0294610
:105660004846FFF716FEA946641C0EB14445EBDB25
:105670003046BDE8F0872DE9F0470746884600250B
:10568000A946FFF780FF064600240DE057F82400E6
:10569000FFF76BFF05460CB9B56003E029464846A5
:1056A000FFF7F7FDA946641C0EB14445EEDB30461A
:1056B000BDE8F0872DE9F047054689464FF0000820
:1056C00015B90020BDE8F087FEF7BFFB04460CB912
:1056D0000020F7E7E86820F48070E06068696061A6
:1056E000D5E90601C4E90601286968B12869FEF711
:1056F00080FB2061206938B9204601E0400000208D
:10570000FEF7B0FB0020DDE7286A50B1286AFEF7FB
:1057100070FB2062206A20B92046FEF7A3FB002020
:10572000D0E7B9F1000F01D12046CBE7AF6816E012
:1057300001213846FFF7BEFF064626B92046FEF790
:1057400091FB0020BEE7B8F1000F05D0C8F800605B
:10575000C6F80480B04601E0A660B0463F68002F5E
:10576000E6D12046AEE7014655E00278202A01D175
:10577000401C50E00278092A01D1401C4BE002781D
:105780000D2A01D1401C46E002780A2A01D1401CB2
:1057900041E002782F2A0BD142782F2A08D100E06D
:1057A000401C0278002A36D002780A2A33D0F7E764
:1057B00002782F2A0ED142782A2A0BD100E0401C11
:1057C00002782AB102782A2AF9D142782F2AF6D112
:1057D000801C20E00278222A19D110F8012B01F850
:1057E000012B0AE002785C2A03D110F8012B01F8A2
:1057F000012B10F8012B01F8012B027812B102786D
:10580000222AEFD110F8012B01F8012B03E010F848
:10581000012B01F8012B0278002AA6D10A707047EB
:1058200010B50221F948FBF74EF80121F748FBF7C4
:105830004AF80121F548FBF748F80221F348FBF745
:1058400044F810BD10B50221F048FBF73CF80121E7
:10585000EE48FBF73AF80121EC48FBF734F810BDAD
:1058600010B50221E948FBF72EF80221E748FBF7C3
:105870002CF810BD2DE9F04105462C460221E348E5
:10588000FBF723F8002619E0274607F08007802F52
:1058900004D10121DD48FBF716F803E00121DB48C4
:1058A000FBF713F86006040E0221D848FBF70BF84B
:1058B0000221D648FBF709F8701CC6B2082EE3DBBC
:1058C000BDE8F08110B50446FFF7AAFF7820FFF786
:1058D000D1FFFFF7C5FF0020FFF7CCFFFFF7C0FFA8
:1058E0002046FFF7C7FFFFF7BBFFFFF7ABFF10BD79
:1058F00010B50446FFF794FF7820FFF7BBFFFFF7D2
:10590000AFFF4020FFF7B6FFFFF7AAFF2046FFF7E3
:10591000B1FFFFF7A5FFFFF795FF10BD70B5044677
:105920000D461DB1E0B2FFF7E3FF02E0E0B2FFF782
:10593000C9FF70BD70B50646002418E004F1B00040
:105940000021FFF7EBFF00210846FFF7E7FF0021EA
:105950001020FFF7E3FF002505E001213046FFF7A7
:10596000DDFF681CC5B2802DF7DB601CC4B2082CBB
:10597000E4DB70BD06E041F6650100E0491E002948
:10598000FCD1401E0028F6D17047014605E00020FA
:1059900001E0421CD0B27B28FBDB0A1EA1F1010111
:1059A000F5D1704770B504460D4605F1B0000021F1
:1059B000FFF7B4FF102141EA14100021FFF7AEFFFA
:1059C00004F00F000021FFF7A9FF70BD10B5002102
:1059D0008D20FFF7A3FF00211420FFF79FFF002178
:1059E000AF20FFF79BFF10BD10B500218D20FFF702
:1059F00095FF00211020FFF791FF0021AE20FFF757
:105A00008DFF10BD70B5002418E004F1B000002136
:105A1000FFF784FF00210846FFF780FF00211020D8
:105A2000FFF77CFF002505E001210020FFF776FF4E
:105A3000681CC5B2802DF7DB601CC4B2082CE4DB07
:105A400070BD70B5002418E004F1B0000021FFF72C
:105A500065FF00210846FFF761FF00211020FFF7D6
:105A60005DFF002505E001210846FFF757FF681C90
:105A7000C5B2802DF7DB601CC4B2082CE4DB70BD1E
:105A80002DE9F04707460E4690469946002500242A
:105A9000A8F12000C5B27F2F02DD0027B01CC6B2DE
:105AA000B9F1100F24D131463846FFF77BFF0024AF
:105AB00008E004EB0511564A505C0121FFF72EFF68
:105AC000601CC4B2082CF4DB701CC1B23846FFF76E
:105AD00069FF002409E004EB051108314C4A505CD1
:105AE0000121FFF71BFF601CC4B2082CF3DB12E09E
:105AF00031463846FFF756FF00240AE005EB450122
:105B0000444A02EB4101085D0121FFF707FF601CD9
:105B1000C4B2062CF2DBBDE8F08710B502460120C6
:105B200000E050430B1EA1F10104E1B2F9D110BD18
:105B30002DE9FF5F074691461E460E9D4FF0000A75
:105B4000002435E0301B401EC1B20A20FFF7E5FFFC
:105B5000B9FBF0F00A21B0FBF1F201FB1208BAF137
:105B6000000F14D1701EA04211DDB8F1000F0CD14E
:105B7000AB4605EBDB71491001FB0471C8B22B4643
:105B800020220199FFF77CFF10E04FF0010AAB469D
:105B900005EBDB71491001FB0471C8B208F130015B
:105BA000CAB22B460199FFF76BFF00BF601CC4B25D
:105BB000B442C7DBBDE8FF9F2DE9F04104460F4624
:105BC0001546984600260FE0AA5D43463946204612
:105BD000FFF756FF04F10800C4B2782C02DD002460
:105BE000B81CC7B2701CC6B2A85D0028ECD1BDE8D5
:105BF000F0812DE9F04180460E46154600273146DA
:105C00004046FFF7CFFE002411E00000000C0140E9
:105C1000ED9C0008C59A0008744A02EB8511085DE6
:105C20000121FFF77BFE781CC7B2601CC4B2102CA8
:105C3000F2DB701CC1B24046FFF7B4FE00240CE05A
:105C40006900491C694A02EB4111085D0121FFF717
:105C500065FE781CC7B2601CC4B2102CF0DBBDE836
:105C6000F0812DE9F05F06460F4690461C46DDF8B0
:105C700028A04FF0000BE11704EB5171C910A4EB01
:105C8000C10131B92046E11704EB5171C1F3C705D9
:105C900006E02046E11704EB5171C910491CCDB252
:105CA0003D4615E029463046FFF77CFEB1460BE045
:105CB00059460BF1010B1AF801000121FFF72EFEE6
:105CC00009F1010000F0FF09C145F1DB681CC5B214
:105CD000A542E7DBBDE8F09F08B501210820FBF7EE
:105CE00001F80320ADF8000010208DF80300032018
:105CF0008DF8020069463E48FAF738FD03213C481A
:105D0000FAF7E1FD4FF44870FBF739FB0021AE20B4
:105D1000FFF704FE00210846FFF700FE00211020D7
:105D2000FFF7FCFD00214020FFF7F8FD0021B02027
:105D3000FFF7F4FD00218120FFF7F0FD0021FF2097
:105D4000FFF7ECFD0021A120FFF7E8FD0021A620D0
:105D5000FFF7E4FD0021A820FFF7E0FD00213F2030
:105D6000FFF7DCFD0021C820FFF7D8FD0021D3207C
:105D7000FFF7D4FD00210846FFF7D0FD0021D52014
:105D8000FFF7CCFD00218020FFF7C8FD0021D820BF
:105D9000FFF7C4FD00210520FFF7C0FD0021D92039
:105DA000FFF7BCFD0021F120FFF7B8FD0021DA204C
:105DB000FFF7B4FD00211220FFF7B0FD0021DB202A
:105DC000FFF7ACFD00213020FFF7A8FD00218D205A
:105DD000FFF7A4FD00211420FFF7A0FD0021AF2054
:105DE000FFF79CFDFFF70EFE08BD000044000020F9
:105DF000000C014070B5064600F00EFD056806F186
:105E00000B0020F00704B4429CBF002070BD2B465D
:105E10006A68BAB11068A04210D304F10801884240
:105E20003CBF5068586007D3516810194160116831
:105E3000091B016058601460101D70BD1346526844
:105E4000002AE7D12146284600F0EEFC0028DED1EA
:105E500070BD70B50446051F00F0DEFC0068002C24
:105E600014BF446870BD002C18BFAC423CBF204634
:105E70006468F8D301680A18AA4218BF456003D1C4
:105E80002A6805461144016028684119A1421CBFD7
:105E90006C6070BD6168696021680844286070BDED
:105EA00010B5044600F0B0FC0068005DC00602D5E5
:105EB00004F1200010BD204610BD00007CB51D4639
:105EC00016460C00009001D02044401E074B7B4436
:105ED0002A4669460190304600F08FFF05461CB106
:105EE0000020694600F09CFF28467CBD590F000049
:105EF0000FB41CB5084B06AA7B4469460090059870
:105F000000F07BFF04460020694600F089FF204630
:105F10001CBC5DF814FB0000250F00000FB47CB51D
:105F20000C0009AA009001D02044401E084B7B447D
:105F300069460190089800F060FF05461CB10020FA
:105F4000694600F06DFF28467CBC5DF814FB00003C
:105F5000F90E000070B5044685690068C10601D5D8
:105F6000302600E02026C00707D070BDD4E901210B
:105F700030469047206A401C20626D1EF6D570BDE9
:105F800070B5044685690078C00707D170BDD4E9B3
:105F9000012120209047206A401C20626D1EF6D50A
:105FA00070BD70B50C460546012A05D028788006DC
:105FB00000D5EA69002302E0012305E05B1C93425F
:105FC00002D2E05C0028F9D1A869E618C01AA861DD
:105FD000286A184428622846FFF7BCFF04E0D5E988
:105FE000012114F8010B9047B442F8D32846FFF77B
:105FF000C7FF70BD2DE9F0410646002410687529E1
:10600000314616A510D000F064FC002802DA4042A8
:1060100013A507E031688A0701D512A502E04907F8
:1060200004D511A5012401E000F05CFC00210A2246
:1060300006F1240709E0B0FBF2FCB0FBF2F302FB2F
:106040001C00303078541846491C0028F3D12346F0
:106050002A463046BDE8F04100F04DBC000000008B
:106060002D0000002B00000020000000F0B40D46C1
:106070000188090502D5214C7C4402E01F4C7C4478
:106080000E34002100F1240608E002F00F07120987
:10609000E75D42EA03721B097754491C52EA030781
:1060A000F3D102780023120704D5702D06D009B170
:1060B000022311342246F0BC00F01DBC0123103431
:1060C000F8E770B504460D462146106800F00AFC5A
:1060D000024629462046BDE870400023C6E7D21D8F
:1060E00022F00703D3E90023C0E70368126843F0F6
:1060F000200303600823C3610023B7E76142000067
:106100002DE9F05F894604464FF0000ADFF874B1CC
:10611000FB44C0F820A02046E1688847002874D0DE
:10612000252806D0D4E901219047206A401C20622E
:10613000F1E700265F462046E168884720280546AB
:1061400007DB312D05D2781910F8200C08B1064371
:10615000F1E7B00701D526F00406C4F81CA000271B
:10616000C4F818A02A2D09D0284601F0C7FF38B37B
:1061700004EB8708303DC8F8185019E059F8041BA3
:10618000204604EB87029161E1688847012F0546AC
:1061900018D1E069002820DA26F020061DE0D8F8A2
:1061A000180000EB800005EB40003038C8F81800FC
:1061B0002046E1688847054601F0A0FF0028EED19F
:1061C000012F0AD02E2D08D12046E16888477F1C78
:1061D0000546022F46F02006C4DBA069002803DA3A
:1061E000404246F00106A061F00701D026F01006FB
:1061F0006C2D0BD0682D09D04C2D39D06A2D35D09F
:10620000742D35D07A2D33D016E038E0E1682F4672
:1062100020468847B842054609D16C2F26D04FF456
:106220008060E168064320468847054604E06C2FFD
:106230001AD04FF4807006430DB3A5F14100192820
:1062400002D8203546F400664A4629462046266094
:106250004E46F9F7A5FF80B101280BD0F61D26F0B8
:10626000070000F1080956E74020E4E78020D8E75E
:106270000020D6E706F104094DE7284652E7206AD8
:10628000BDE8F09FF14100000FB400B58DB010A93A
:10629000099000910B904FF0FF300A9000200C9075
:1062A000064878440690064878446A4607900F9955
:1062B00009A800F0C1FE0DB05DF814FBB30D00009D
:1062C000CB0D00002DE9FF5F1D464FF0FF3B9146CF
:1062D0004FF000085F46D5E90146A96901987F1C87
:1062E0008847296A824688470028F6D1BAF1FF3FDD
:1062F0000CD0002E24F4C06419DD600614D5BAF168
:106300002B0F09D0BAF12D0F0ED103E0584604B07F
:10631000BDE8F09F44F48064A96901987F1C884718
:10632000761E8246002E02DDBAF1300F03D0B9F19D
:10633000000F26D032E0A969761E01987F1C44F434
:1063400000748847002E824605DDBAF1780F06D02A
:10635000BAF1580F03D0B9F1000F10D01EE0B9F117
:10636000000F02D0B9F1100F18D1A969761E01985B
:106370007F1C24F4007488478246102002E0082025
:1063800000E00A20814609E0A96908FB0908761E99
:1063900001987F1C44F4007488478246002E05DD76
:1063A0004946504600F034FE0028EDDAE9690198CC
:1063B0008847A00502D46FF00100A8E7E00725D1C7
:1063C000600613D5600502D5C8F1000000E0404624
:1063D00029680A1D2A600968220501D5087015E0A0
:1063E000220701D5088011E008600FE02868011D30
:1063F00029600068210502D580F8008006E02107A9
:1064000002D5A0F8008001E0C0F8008038467EE7A1
:106410002DE9FF5F4FF00008994614464646916902
:10642000D2E901A7DDF838B001988847054659EA56
:106430000B0005D009E0A1690198761C8847054644
:10644000216A284688470028F5D1681C03D05FEAF6
:10645000CA7005D015E04FF0FF3004B0BDE8F09FE2
:106460002068011D2160D0F800800AE05FEACA7050
:1064700001D108F8015BA169761C01987F1E88474D
:106480000546002F1ADD681C18D0B9F1000F0DD099
:10649000E81705EBD060421120F01F0059F82210D8
:1064A0002A1A012090400142E0D107E0BBF1000F21
:1064B000DCD12846216A88470028D7D0E1690198B5
:1064C0008847BBF1000F07D1002E05DD5FEACA70D7
:1064D00002D1002188F80010A068B84203DDBBF1AA
:1064E000000F03D017B16FF00100B6E73046B4E7F4
:1064F000401ECAB210F8011F8A4202D00029F9D109
:106500000020704710B5431E13F8014F002CFBD13B
:1065100005E011F8014B002C03F8014B03D0521E8B
:10652000F7D20021197010BD30B505460B462A463A
:1065300013F8014B12F8010B08B1A042F8D01CB1BE
:10654000002802D06D1CF1E7284630BD40EA010367
:10655000024630B59B0710D14FF0013400E008C26D
:1065600008C91D1B9D4315EAC41FF8D013F0FF0195
:1065700002F8011B0DD01B0AF8E711F8013B002BB4
:1065800002F8013B05D011F8013B002B02F8013B5A
:10659000F3D130BD10B5431C02E010F8011B71B1FE
:1065A0008107FAD14FF0013202C88C1A8C4314EAE9
:1065B000C211F9D0C01A0A0603D0C01E10BDC01AFD
:1065C00010BD0A0401D0801E10BD0902FCD0401E7F
:1065D00010BD40EA010370B59B072ED14FF0013684
:1065E000042A2AD308C810C99D1B9D43121F15EA0F
:1065F000C61517D0D8B2E1B2401A50EA056110D1E1
:1066000098B2A1B2401A50EA05410AD123F07F4066
:1066100024F07F41401A50EA052102D1180EA0EB68
:10662000146070BDA342DBD018BA21BA884201D9E8
:10663000012070BD4FF0FF3070BD0AB9002070BD61
:1066400010F8013B11F8014B63B1A3420AD1521E6D
:1066500008D010F8013B11F8014B1BB1A34201D146
:10666000521EEDD1181B70BD421E12F8013F002BC7
:10667000FBD111F8013B002B02F8013BF9D1704727
:10668000032A40F2308010F0030C00F0158011F85E
:10669000013BBCF1020F624498BF11F801CB00F836
:1066A000013B38BF11F8013BA2F1040298BF00F88A
:1066B00001CB38BF00F8013B11F0030300F0258047
:1066C000083AC0F0088051F8043B083A51F804CB6E
:1066D000A0E80810F5E7121D5CBF51F8043B40F834
:1066E000043BAFF30080D20724BF11F8013B11F83F
:1066F00001CB48BF11F8012B24BF00F8013B00F883
:1067000001CB48BF00F8012B704710B5203AC0F00C
:106710000B80B1E81850203AA0E81850B1E81850A2
:10672000A0E81850BFF4F5AF5FEA027C24BFB1E8DF
:106730001850A0E8185044BF18C918C0BDE8104050
:106740005FEA827C24BF51F8043B40F8043B08BF59
:106750007047D20728BF31F8023B48BF11F8012B20
:1067600028BF20F8023B48BF00F8012B70474FF0CC
:1067700000020429C0F0128010F0030C00F01B800E
:10678000CCF1040CBCF1020F18BF00F8012BA8BF1C
:1067900020F8022BA1EB0C0100F00DB85FEAC17CE0
:1067A00024BF00F8012B00F8012B48BF00F8012B93
:1067B00070474FF0000200B51346944696462039C4
:1067C00022BFA0E80C50A0E80C50B1F12001BFF4AA
:1067D000F7AF090728BFA0E80C5048BF0CC05DF810
:1067E00004EB890028BF40F8042B08BF704748BF5E
:1067F00020F8022B11F0804F18BF00F8012B7047D2
:10680000704770477047000010B500F049FC001D4C
:1068100010BD00BFF9230000004870470C050020A0
:10682000704770477047704738B504460A460020E5
:106830006946AFF30080002808BF38BD02460099C2
:10684000204600F035FC012038BD012000F03ABFA1
:10685000F8B5AFF30080054600200C46102000BFBD
:106860000646A819A0420DD9324669460020AFF36A
:106870000080070008BF00F025FF0098A04218BF65
:106880000546C419FFF7C8FF05600746F01D20F054
:1068900007004619284600F00AF8B44208BFF8BDC0
:1068A000A21B31463868BDE8F84000F001BC002169
:1068B0000160C0E9011070471020704710B500F06A
:1068C000F3FB006810BD10B5044600F0EDFB04605A
:1068D00010BD09684A0501D540B27047C905FCD50D
:1068E00000B2704709684A0501D5C0B27047C905B2
:1068F000FCD580B270472DE9F0470D469946924687
:10690000044600F124080168880604D5E06921F0F6
:106910001001216000E00120A84201DD471B00E0DA
:106920000027A1697A1902EB0900081AA0612078F2
:10693000C00602D42046FFF70DFB002608E0D4E98C
:1069400001211AF806009047206A401C761C20623C
:106950004E45F4DB2078C0060AD52046FFF7FAFA48
:1069600006E0D4E9012130209047206A401C2062D3
:10697000381EA7F10107F4DC07E0D4E9012118F87B
:1069800005009047206A401C2062281EA5F10105E1
:10699000F3DC2046FFF7F4FA2078000602D5022047
:1069A000BDE8F0870120FBE711680268006A530523
:1069B00001D508700AE0D30501D5088006E013066A
:1069C00003D5C217C1E9000200E00860012070474A
:1069D00070472DE9FF4F0C461E464FF0FF378BB036
:1069E000D2E90001DDF860800A908A46C1F30A55B9
:1069F00005B93D46002108464FF00000BAF1000FEE
:106A000000F4400005DA00EB80004FF4400101EA99
:106A100050004FEA9059B9F1010F00DDB9460A98CC
:106A200050EA4A000ED044F61050A5F2FF35454317
:106A30002F14B8F1000F1ED07542291E1EDDC9F1BA
:106A400000021CE0B8F1010F4FF0000001D030212E
:106A500003E0F24305E02154401CB042FBDB30462A
:106A60000022002121540B99C1F80880C1E90020BF
:106A70000FB0BDE8F08FBD1B6D1CDEE74A4600DAA3
:106A8000694206A800F08CFD06AB93E8070003AB53
:106A900083E8070050460A9900F0DEFE8DE8070003
:106AA000A0F500501F3800900398002D0ADD42F237
:106AB0001F014A460844002303A90390684601F0D9
:106AC00047F909E0A0F500504A461F38002303A902
:106AD0000390684601F051F98DE807000004000CAE
:106AE00003D04FF0FF30410800E01046B8F1000F2E
:106AF00003D00022009215461EE0751E05D400F05A
:106B0000F1FA303262556D1EF9D5B34601220843C1
:106B100002D000227F1C04E02078302801D100221E
:106B20007F1E002A099784D01DE0112D07DA00F09E
:106B3000D9FA303262556D1C50EA0102F5D1084392
:106B400002D00098C8B10EE00021681E05E0235C69
:106B5000625C63542254401E491C8142F7DBAB4601
:106B6000A81B401E0990002004F80B000B98099AFE
:106B7000C0F80880C0E9002B7AE711264FF0000822
:106B800057E72DE9F04F88460446D21D22F0070151
:106B900091B0D1E90001CDE90A0101F025FA0246E0
:106BA0000B98C00F01D02D2007E02068810701D588
:106BB0002B2002E0202101EAC000032A099001D025
:106BC000072A05DB03464146204600F0D9FA0BE1CF
:106BD0002078800601D5E06900E00620B8F1650F55
:106BE000814606D0B8F1660F18D0B8F1670F70D1A2
:106BF00031E00020B9F1110F009001DB112301E019
:106C000009F101030AAA01A90CA8FFF7E2FEDDE9D8
:106C10000C70002609F10105834647E001204B4630
:106C200000904FF000470AAA01A90CA8FFF7D1FE77
:106C3000DDE90DB00C995D46002610B909F101009F
:106C40000D18B9EB050003D4C0F1FF3609F10105B9
:106C5000A5EB09002BE0B9F1010F01DA4FF00109B2
:106C60000020B9F1110F0090484601DD112300E02A
:106C700003460AAA01A90CA8FFF7ABFEDDE90C70D8
:106C80004D4600268346207800070AD4AB4500DA3B
:106C90005D4601A8012D04DD411911F8011C3029C0
:106CA00007D04F4502DA17F1040F04DA01208246BB
:106CB0000FE06D1EEEE7002F02DCED1B3E4403E00B
:106CC000781CA84200DD7D1CB81B00F1010A4FF0C2
:106CD00000472078000703D4AA4501DB4FF0FF3AB4
:106CE0000021B7F1004F0DF143088DF8431024D077
:106CF00002202B23002F01DA7F422D230A21021EBE
:106D0000A0F1010000DC5FB197FBF1FC97FBF1F211
:106D100001FB1C7C17460CF1300C08F801CDEEE7A6
:106D2000A8F1010003702188090501D5452100E083
:106D30006521A0F1010800F8011C09980FA9A1EB39
:106D40000807FF1D00B10120411901EBEA70A1699C
:106D50003844081A401EA0612078C00602D420469C
:106D6000FFF7F8F8099828B1D4E901219047206A83
:106D7000401C20622078C00622D52046FFF7EAF8A2
:106D80001EE0002E04DBB34502DD01A8805D00E0BB
:106D90003020D4E901219047206A401C2062761CF3
:106DA000AAF101005FEA000A0AD100F079F9C0688F
:106DB0000168405CD4E901219047206A401C2062B0
:106DC000281EA5F10105DCDC07E0D4E9012118F853
:106DD000010B9047206A401C2062381EA7F1010772
:106DE000F3DC2046FFF7CCF8032011B041E60000A9
:106DF00001694A1C02610878704700B58FB0CDE97F
:106E000001310021059105497944CDE9031011466E
:106E10006846FFF775F90FB000BD0000E5FFFFFF02
:106E20000A6802F8010B0A607047D1E900239A4210
:106E300002D2531C0B601070704710B5436913B138
:106E4000AFF3008001E0FFF7ACF8012010BD12782D
:106E500000F124010A7000224A700122EDE7116856
:106E60004FF0FF32E9E700002DE9FF5F15468A4643
:106E70000446DFF8AC80F8440027D8E900103E460D
:106E8000CDE9001010E03AF816106A4602A800F0AA
:106E9000F9FB411C07D02178890603D5E26939182E
:106EA00091420DD80744761C2078800602D5E0690F
:106EB000B84205DDAE42E6DB3AF816000028E2D122
:106EC000A069C01BA0612046FFF744F8D8E9001074
:106ED000CDE90010002017E03AF818106A4602A821
:106EE00000F0D0FBB0F1FF3F81460BD000250DF143
:106EF000080B05E0D4E901211BF8050090476D1C43
:106F00004D45F7D308F10100B0428046E4DB206A2A
:106F1000384420622046FFF733F8BDE8FF9F0000A9
:106F2000263500002DE9F0418046D21D22F00702EF
:106F30000025D2E90002F52915A614D0011E72F130
:106F4000000106DA0023D0EB030063EB020211A676
:106F500008E0D8F800108B0701D50FA602E049071A
:106F600001D50EA601251146002408F1240704E0EE
:106F700000F0B8F830323A55641C50EA0102F7D1FB
:106F80002B46324621464046BDE8F041FFF7B3BCF0
:106F9000000000002D0000002B0000002000000079
:106FA00030B4002100F1240408E002F00705D20803
:106FB000303542EA4372DB086554491C52EA030546
:106FC000F3D10468002310A2250707D5A40600D436
:106FD00021B1C46901230DA2641EC46130BCFFF756
:106FE0008ABC10B5044621461068FFF77BFC0246B8
:106FF0002046BDE810400023D2E7D21D22F0070151
:10700000D1E90023CCE700000000000030000000C0
:107010003A2800D2303820F02002412A01D3A2F1D0
:107020003700884201D34FF0FF30704702681144A7
:107030001378016018467047D16005497944516161
:1070400004497944116200211161114600F0EEB843
:10705000EDFFFFFF29010000426842B1016811F80D
:10706000013B23B1521EC0E90012184670470121AE
:10707000C160881E704742685AB1C368016843B94D
:1070800083688B4205D0491E521CC0E900120020C3
:1070900070474FF0FF3070470048704704050020EC
:1070A0000048704724050020004870470405002070
:1070B000034640688C46002818BF88423CBF034600
:1070C0004068F8D318681844884207D00CF10300D0
:1070D00020F00700001D411A521A0146081D0A60DF
:1070E000FEF7B7BE30B5B0F10A024FEA900E71F16B
:1070F00000034EEA817EB0EB0E0061EB91014FEA96
:10710000101E4EEA017E10EB0E0041EB11114FEA0A
:10711000102E4EEA016E10EB0E0041EB11214FEAEA
:10712000104E4EEA014E10EB0E0041EB114140189B
:1071300041F100014FEAD00040EA41704FEAD1012D
:1071400010EB80054FEA810444EA907444EB01049B
:107150006D1944EB0404521BA3414FF0000348BFD8
:107160000A3200D530BD401C41F1000130BD10B5E0
:107170000446FFF749FB0068005D00F0010010BD08
:107180002DE9F0411F46044603260168072A01F451
:10719000006004DB08B116A505E016A503E008B100
:1071A00015A500E015A521F010002060A069C01E03
:1071B000A0610FB1401EA0612046FEF7CBFE4FB18B
:1071C000D4E9012138469047206A401C2062C01C47
:1071D000206206E0206AFAE7D4E9012115F8010BE4
:1071E0009047761EF8D22046FEF7CAFEBDE8F08131
:1071F0004E414E006E616E00494E4600696E66005B
:1072000010B5436913B1AFF3008001E0FFF72CFE26
:10721000012010BD128800F1240182840022C28462
:107220000122EDE711684FF0FF32E9E72DE9F34F56
:107230004FF0000A0C4656468DB001200C9001F12B
:107240000C000B9062690B9801219047051E2DD010
:10725000252D2CD0216A8847C0B162690B98012185
:107260009047216A88470028F7D16269411E0B9830
:10727000904700E0761CA1690D988847216A8847ED
:107280000028F7D1E1690D988847DBE7A1690D98DF
:107290008847A842074601D1761CD3E7E1690D98DB
:1072A00088477F1C02D1BAF1000F6FD06BE1626991
:1072B0000B9800273D46394690472A2804D1626939
:1072C0000B98012190470125DFF8D08262690B9865
:1072D00001219047A0F130010A290AD24745E5DC97
:1072E00007EB870100EB4107303FDFD445F0100585
:1072F000ECE7E90601D46FF000476C280AD04C286F
:1073000014D0682815D06A280DD074281CD07A288B
:107310001AD01DE062690B98012190476C2802D0B9
:1073200045F0040514E045F002050DE045F02005A8
:107330000AE062690B9801219047682802D045F065
:10734000080505E045F4006562690B980121904746
:10735000C4E9015765283DD019DC58287AD00CDCE7
:10736000452837D004DC252826D041289ED131E09D
:1073700046282FD0472899D12CE05B2877D0612868
:1073800028D063287CD0642823D15AE0F6E06F2807
:1073900048D008DC66281DD067281BD0692821D07A
:1073A0006E2816D127E0702845D0732868D075283C
:1073B00047D078280DD14DE0A1690D988847252840
:1073C00005463FF469AFE1690D9888476D1C3FF4AD
:1073D0006AAFD8E00D9923466A466FF00100AFF31B
:1073E0000080C5E045F0400023464FF00002606099
:1073F000A80736D43EE0E8077FF447AF2068011DB8
:1074000021600068290501D506701BE7290701D511
:10741000068017E7A90703D5F117C0E9006111E756
:1074200006600FE745F0400023464FF00802606019
:10743000A80716D41EE040F60E0125EA01006060A0
:1074400016E045F0400023464FF00A026060A807AE
:1074500007D40FE045F040006060A80708D5234638
:1074600010220D996FF00100AFF3008080E007E07B
:10747000102223460D996FF00100FEF723FF77E0FD
:107480004FF0000963284F46C8464B46CB4602D012
:107490005B2806D038E0E80601D40120A06001276F
:1074A00032E06269D4F80CB00B98012190475E2855
:1074B00007D14FF0010949466269D4F80CB00B9826
:1074C0009047216939B900210A4603AB43F82120CE
:1074D000491C0829FADBD8B3216949B308F101082E
:1074E00062690B98012190475D28F4D1B9F1000F32
:1074F00009D0002003A951F82020D24341F82020D0
:10750000401C0828F7DB03AB2069002820794FEAEC
:1075100040701ED05B462246CDF80080CDE9019731
:107520000D9900286FF0010020DAAFF300801FE012
:10753000C11703AA00EBD1614B1121F01F0102EB2F
:107540008302411A13680120884003431360C7E790
:1075500019E00D99224600286FF00100009702DA29
:10756000AFF3008004E0FEF753FF01E0AFF30080CB
:1075700000280ADA401C06D10C9820B14FF0FF30E9
:107580000FB0BDE8F08F5046FAE7E90701D10AF1E4
:10759000010A064400200C9054E60000CCCCCC0C30
:1075A0002DE9F047814616468AB0354878440DC823
:1075B0008DE80D0032487844801C03AC0DC884E887
:1075C0000D0041F69B300844372190FBF1F290FB0F
:1075D000F1F5A5F1800501FB12041B3C02D56442C4
:1075E000012000E00020DFF898A080460027FA4440
:1075F000AAF1BE0A0EE0E0070AD03246684607EB61
:10760000470101230AEB810100F0B7FB8DE8070079
:1076100064107F1C002CEED1194F7F44AE3F19E05F
:10762000E80715D007EB04100DF1180A90E80E00DA
:107630008AE80E00C068F04201D1981908903246DD
:10764000012306A903A800F098FB03AB83E8070019
:107650006D10641C002DE3D14FF0010332466946E2
:10766000B8F1000F03A802D000F072FB01E000F0B7
:1076700084FBC9E90001C9F808200AB0BDE8F08719
:107680007C2E000070B516460C460546FFF7BCF888
:10769000036893F80101012806D0FF2C0FD8185D6C
:1076A00068B101202C7070BDD3F807013246214625
:1076B00003F2071303442846BDE8704018474FF013
:1076C000FF3070BD10B500F039F8BDE8104000F093
:1076D0002FB870477546FFF7DFFCAE4605006946D8
:1076E000534620F00700854618B020B5F8F75EFF36
:1076F000BDE820404FF000064FF000074FF00008B3
:107700004FF0000B21F00701AC46ACE8C009ACE833
:10771000C009ACE8C009ACE8C0098D46704710B597
:107720000446AFF300802046BDE81040F8F79FBD47
:10773000002801D000F06AB87047000010B5012899
:1077400005D0002103A000F067F8012010BD09A1B9
:10775000F8E7000053494752544D454D3A204F75C4
:1077600074206F662068656170206D656D6F727939
:10777000000000003A2048656170206D656D6F72F1
:107780007920636F72727570746564004FF0013C0C
:1077900050F8042B51F8043B9A4221D1A2EB0C0380
:1077A000934313EACC1317D150F8042B51F8043B40
:1077B0009A4215D1A2EB0C03934313EACC130BD1DD
:1077C00050F8042B51F8043B9A4209D1A2EB0C0368
:1077D000934313EACC13DBD04FF00000704700BF97
:1077E000D01A01BAB1FA81F101F0180122FA01F0C0
:1077F000CB40C1F12001DBB2C0B2C01A2CFA01F3B8
:10780000D11A914311EAC311E6D1704701491820FA
:10781000ABBEFEE72600020070B505460C460A2006
:1078200000E06D1C00F011F835B128780028F8D17F
:1078300002E0641C00F009F814B120780028F8D1A7
:10784000BDE870400A20AFF3008008B569468DF8A6
:1078500000000320ABBE08BD5FEA400C08BF91F0FA
:10786000000F4FEA8C234FEAC12243EA51514FEAFD
:107870001C5018BF00F5F0404FEA300018BF41F02F
:1078800000415FEA6C5C00F02980BCF1FF3F08BF5B
:1078900040F080407047130C06BF12044FF0100CEC
:1078A0004FF0000C130E04BF12020CF1080C130F62
:1078B00004BF12010CF1040C930F04BF92000CF1F1
:1078C000020CD30F04BF52000CF1010C11464FF013
:1078D0000002A0F11F00A0EB0C00704711F0004F58
:1078E00008BF704731F000413FF4D5AF0B0C06BF25
:1078F00009044FF0100C4FF0000C0B0E04BF0902EE
:107900000CF1080C0B0F04BF09010CF1040C8B0FD8
:1079100004BF89000CF1020CCB0F04BF49000CF12D
:10792000010CCCF12003A0EB0C0022FA03F302FAC5
:107930000CF241EA030100F10100704720F07F4C96
:1079400080EA030023F07F47ACEB070303F57C5389
:1079500000F0004003F1FF032DE980494FEA154B89
:1079600009B44FEA144325EA0B4E24EA03480FF208
:10797000042606EB132749083E785FEA320203FB30
:107980000667C7F5000707FB06F64FEA54374FEACC
:10799000D64606F1020607FB066CCCF1005C4FEA06
:1079A0001C472CEA074C07FB06F40CFB06F504EB1E
:1079B00015464FEA961634BF00204FF000404FEABC
:1079C000D13706FB07FC4FEA1C4C0CFB0BF7D21B14
:1079D00003FB0CF761EB07010CFB0EF7B0EB074064
:1079E00072EB17420CFB08F734BFA2EB0742B2EB75
:1079F000074261EB17414FEA0C444FEA910706FB3F
:107A000007FC4FEA1C4C0CFB0BF7B0EBC74072EBCA
:107A1000573203FB0CF734BFA2EBC742B2EBC742AD
:107A200061EB57310CFB0EF7B0EBC70072EB5772EE
:107A30000CFB08F734BFA2EBC702B2EBC70261EB45
:107A40005771039F4FEA816141EA921104EBCC0424
:107A50004FEAD1374FEA826206FB07FC42EA9012F6
:107A60004FEA80604FEA1C4C0CFB0BF7D21B03FB68
:107A70000CF761EB07010CFB0EF7B0EB074072EB64
:107A800017420CFB08F734BFA2EB0742B2EB0742E8
:107A900061EB17414FEA8C554FEA910704EB9C24A8
:107AA00006FB07FC4FEA1C4C0CFB0BF7B0EBC74086
:107AB00072EB573203FB0CF734BFA2EBC742B2EBB9
:107AC000C74261EB57310CFB0EF7B0EBC70072EB0E
:107AD00057720CFB08F734BFA2EBC702B2EBC70228
:107AE00061EB577115EB4C254FEA816141EA921128
:107AF0004FEA82624FEAD13742EA901206FB07FC56
:107B000044F100044FEA80604FEA1C4C0CFB0BF779
:107B1000D21B03FB0CF761EB07010CFB0EF7B0EB7C
:107B2000074072EB17420CFB08F734BFA2EB074289
:107B3000B2EB074261EB174115EB1C154FEA81319F
:107B400041EA92414FEA823242EA90424FEA803063
:107B50004FEA0C7644F1000448EA03434EEA0B482E
:107B60004FF0000EB2EB080C71EB030724BF624626
:107B700039464EEB0E0E4FF0000B001852414941B2
:107B80004BEB0B0BB2EB080C71EB03077BF1000B1B
:107B900024BF624639464EEB0E0E4FF0000B001824
:107BA000524149414BEB0B0BB2EB080C71EB030755
:107BB0007BF1000B24BF624639464EEB0E0E51EAB4
:107BC000020718BF46F0010616EB0E7655F10002CB
:107BD00054F1000103D5BDE88901BDE80088BDE886
:107BE0008901BDE80048B619524141EB0101A3F1FA
:107BF0000103704780807F7E7D7C7B7A7978777601
:107C000076757473727171706F6E6E6D6C6C6B6A79
:107C10006A69686867666665646463636261616017
:107C2000605F5F5E5E5D5D5C5C5B5B5A5A59595894
:107C300058575756565555555454535352525251FE
:107C4000515050504F4F4F4E4E4D4D4D4C4C4C4B54
:107C50004B4B4A4A4A49494948484847474747469B
:107C600046464545454444444443434343424242D7
:107C700042414141002B9C4630D477002BD01CB5AB
:107C80004FEA370703B44FF010004FF01001BAF17C
:107C9000000F06D0BCF1000FDCBF40F0080040F040
:107CA00008014FF000000FBCBDE810400BF1010BC4
:107CB000BBF1010F08BF5FEA170722BF12F10102F3
:107CC00011F101014FF0004143F1000300F00040C9
:107CD00043EA00007047F9D35708D0E746EA064662
:107CE00013F1400F4FEA16461FDD13F1200FDFBFDF
:107CF00016430A46002120335B42BED0C3F1200761
:107D000046EA064602FA07F74FEA164646EA07062B
:107D1000C3F1200722FA03F201FA07F721FA03F16F
:107D20004FF0000342EA0702A7E746EA020646EAE6
:107D300006464FEA164646EA0106BCBF46EA064634
:107D4000360C4FF000034FF000024FF0000194E7B3
:107D50002DE9804C9A46934670B491E8380007C8E4
:107D600031EA400C48BF34EA430C03D5FFF7E6FD87
:107D7000FFF780FFF0BCBDE8008C2DE9804C9A46EF
:107D8000934670B491E8380007C810F0804F08BFE0
:107D900013F0804F03D100F005F8FFF76BFFF0BC44
:107DA000BDE8008C20F07F4780EA030023F07F4C81
:107DB00007EB0C03A3F57C5300F00040A3F1FE0396
:107DC00092F0000F00F0B38095F0000F00F0778084
:107DD0002DE901494FEA11404FEA144621EA0048D3
:107DE00000FB06FC24EA064708FB06F607FB08F83A
:107DF00000FB07F718EB06484CEB164C4FEA124B0A
:107E000018EB07484FEA15464CEB174022EA0B4E99
:107E10000BFB06FC25EA06470EFB06F607FB0EFEEB
:107E20000BFB07F71EEB064E4CEB164C4FF0000613
:107E30001EEB074E4CEB174B18EB0B0840F1000004
:107E400018EB0E0B58EB000840F100008F1A4FF0B2
:107E500000013CBFC943661B14BFB5EB040C0021F5
:107E60003CBFC943F61B4FEA17444EEA8E0E27EA81
:107E700004454FEA1C4704FB07622CEA074C05FB4C
:107E800007F70CFB05F604FB0CFC16EB074642EB70
:107E9000174216EB0C4642EB1C421BEB060658EB56
:107EA0000202414146EA9E0601D5BDE80189B619A4
:107EB000524141EB0101A3F10103BDE801894FEA01
:107EC00014454FEA114724EA054621EA074C05FB11
:107ED00007F406FB07F70CFB06F105FB0CFC11EBA6
:107EE000074144EB17444FEA124711EB0C4144EBB6
:107EF0001C4422EA074C05FB07F206FB07F70CFBC4
:107F000006F605FB0CFC16EB074642EB174216EB98
:107F10000C4642EB1C456A1854F1000148BF7047FB
:107F2000B619524141EB0101A3F10103704795F0ED
:107F3000000F37D04FEA11424FEA144721EA0246B8
:107F400024EA074C02FB07F106FB07F70CFB06F4DB
:107F500002FB0CFC14EB074441EB17414FEA1547B9
:107F600014EB0C4441EB1C4125EA074C02FB07F5DE
:107F700006FB07F70CFB06F602FB0CFC16EB0746AC
:107F800045EB174516EB0C4645EB1C42121951F117
:107F9000000148BF7047B619524141EB0101A3F1FE
:107FA000010370474FEA14454FEA114724EA05469A
:107FB00021EA074C05FB07F106FB07F70CFB06F26D
:107FC0004FF0000605FB0CFC12EB074241EB17419A
:107FD00012EB0C4251EB1C4148BF7047921841EB29
:107FE0000101A3F101037047490050EAC12018BF05
:107FF00004204A0D18BF40F0010040F2FF72B2EBBE
:10800000515F08BF40F00200012808BF05207047FB
:108010002DE9F0414F1E00EBC7010446D1E90001F4
:1080200015461E4637F006020DD02A46334601F0AB
:10803000EBF87F1E04EBC703D3E9002300F012FE28
:1080400037F00602F1D1022F25D0042F13D0062FCE
:1080500018BFBDE8F0812A46334601F0D5F8D4E9CF
:108060000A2300F0FFFD2A46334601F0CDF8D4E99B
:10807000082300F0F7FD2A46334601F0C5F8D4E99D
:10808000062300F0EFFD2A46334601F0BDF8D4E99F
:10809000042300F0E7FD2A46334601F0B5F8D4E9A1
:1080A000022300F0DFFD2A46334601F0ADF8D4E9A3
:1080B0000023BDE8F04100F0D5BD000000221346CA
:1080C0001046014900F08ABE0000F03F00F0CABD32
:1080D000002213461046114600F080BE40F20132E5
:1080E00000204FF0E04101F044BC0000024A0020B3
:1080F000110701F03EBC000001FDFFFF30380A28E7
:1081000001D2012070470020704700002DE9F041A6
:10811000C1F30A52A2F2FF362F4A304B0D460446F5
:10812000142E2FDA002E12DA00F09CFD00221346E6
:1081300001F068F94CD2002DA4BF0024254647DA8F
:1081400025F00040204318BF254D41D018E0DFF84E
:1081500094C02CFA06F705EA070C5CEA040C08BF89
:10816000BDE8F08100F07EFD0022134601F04AF9DF
:108170002ED2002D03DA4FF48010F0400544BD43A9
:10818000002425E0332EC8BFBDE8F081A6F1140C11
:108190004FF0FF3727FA0CF73C4208BFBDE8F081EB
:1081A00001F066F90022134601F02CF910D2002DDF
:1081B0000DDA142E08BF6D1C09D0C6F13400012160
:1081C00001FA00F02044A04238BF6D1C0446BC43B5
:1081D00029462046BDE8F0819C7500883CE4377E46
:1081E0000000F0BFFFFF0F002DE9F04D1D460C46CB
:1081F00098B0174621F0004123F00043002814BF37
:108200004FF0010C4FF0000C0CEB440CFE4A0CEB51
:1082100002064FEA620C66452BD33E0018BF0126CA
:1082200006EB45061644F94A964222D3F84A53EA29
:10823000070C02D0944205D148B918B0002011466D
:10824000BDE8F08D002808BF4FF0000C01D04FF0C2
:10825000010C0CEB440212F5001F0AD8002F14BFCA
:108260004FF0010C4FF0000C0CEB450212F5001F13
:1082700007D918B03A462B462146BDE8F04DFFF726
:1082800025BF0022DFF88CA3002CB8BF534526DAA7
:10829000DFF884C36345A8BF022220DADFF870C389
:1082A0009C451CDCDFF874C30CEB235CBCF1140FA1
:1082B00008DDCCF1340627FA06FC0CFA06F6BE42BD
:1082C0000DD108E05FB9CCF1140623FA06FC0CFAD4
:1082D00006F69E4203D10CF00102C2F1020251EAFD
:1082E000000C19D1002D17DA002C18BF022A01D07A
:1082F000012A07D00220FEF7E6FA18B0BDE8F04DDB
:10830000FFF7DCBE0220FEF7DEFAFFF7D7FE18B05B
:1083100081F00041BDE8F08DB7F1000C6CD1534500
:1083200025D104F1804212F5801201BF00280020FF
:10833000B74918B008BFBDE8F08DB548884207DCE2
:10834000002DA1BF6046294618B0BDE8F08D07E0BA
:10835000281E05DA80F0004118B06046BDE8F08DB7
:10836000AF497944D1E9000118B0BDE8F08DDFF8DC
:10837000A0C2634525D1002D1FDA19B1514512D194
:10838000D8B909E0002840F0EC82A24A214618B092
:1083900062F31E01BDE8F08D0020214618B060F3A5
:1083A0001E01BDE8F08D08DA18B02346BDE8F04D97
:1083B00002460020614600F011BD18B02146BDE81C
:1083C000F08D514518DAB5F1804F0DD0A5F1005C64
:1083D000BCF1FF5C10D1B4F1000C0DDB18B06146AC
:1083E000BDE8F04D00F0ECBB234618B00246BDE8F6
:1083F000F04D194600F008BF060024F0004C3BD1B8
:10840000D9B1514533D1002C06DD002DA1BF00208C
:10841000514618B0BDE8F08D002C01DD002D1BDBAE
:10842000002C13DA002D11DB012A4FF0000014BFDD
:1084300078497C4918B0BDE8F08D022A18BF002C9D
:108440000AD0012A08D1002C06DA0AE0002CB8BFB5
:10845000002D11DA012A04D0002018B00146BDE831
:10846000F08D18B000204FF00041BDE8F08DA1F173
:108470004050B0F17F601AD0012000EBE47050EA68
:10848000020421D0624C521E4FF0000B104304BF77
:108490004FF0000B644C654883427CDD644A6548BC
:1084A00093421FDD884217DB002D25DB37E0002CCF
:1084B00000DA4AB1022A0CBF01204FF0FF3018B099
:1084C000BDE8F04D00F04DBE0120FEF7FCF918B0FC
:1084D000BDE8F04DFFF7FCBD4D4A8A4202DC002D9D
:1084E0000ADC1CE0814202DA002D18DA04E0484B75
:1084F000994220DD002D12DD0220FEF7E4F9FFF79E
:10850000EDFD05460E46002253465846214600F032
:108510007BFE18B066F31E012846BDE8F08D0220F0
:10852000FEF7D1F9FFF7E2FD0A46214618B062F3E3
:108530001E01BDE8F08D00223046614601F08AF848
:1085400080460E466FF0010201F013FA4FF05532EB
:10855000394B00F08DFF4246334600F055FE0022B5
:10856000364B00F085FF8246424633460491104662
:10857000194600F049FE5246049B00F045FE8A462B
:1085800000904FF0C0422E4B4046314600F03CFE7A
:108590002C4A2B4B00E027E0CDE90601514600981C
:1085A00000F032FE82460191274A284B4046314670
:1085B00000F02AFE5246019B01F04CF882460B4621
:1085C00002460591DDE9060100F04CFBDDE90623DA
:1085D00000268846304601F03DF85246059B00F0E3
:1085E00047FF024600F07EB90020B1F5801F07DA90
:1085F00035223046614601F0BCF906466FF0340082
:1086000000EB215024E00000FFFF1F00FFFF0F00E0
:108610000000F03F0000F07F0000404301FCFFFF3E
:10862000422000000000F0FF0000F0BF0000E04129
:108630000000F043FFFFEF3F5555D53F0000E03FFE
:108640004715F73FFE822B6544DF5DF80BAE543EC5
:10865000A0F2FF300190C1F3130040F07F6141F0C0
:1086600040510291FE498842D8BF002004DDFD49F7
:108670008142C8BF012001DD0D9008E000200D906F
:108680000198401C01900298A0F580100290029978
:10869000F54878440B910D9900EBC100D0E9002317
:1086A0000F9330460A920B9900F0D4FFCDE90601F2
:1086B000DDE90A2130460F9B00F0D4FA02460B4652
:1086C0000020EA4900F08AFB059102460B46009023
:1086D000DDE9060100F098FD1490E5488A464FF068
:1086E000000878440299006812904FF0005040EA68
:1086F00061010D980F9B01EB804000F5002109916D
:108700000A9A129800F0A6FF32460B9B00F0B0FECA
:108710004246534600F078FD0646029140465146D7
:10872000099B129A00F070FDDDE9062300F0A0FE1F
:108730003246029B00F08EFF059B009A00F064FD1C
:108740000091149A049053461046194600F05CFDBF
:1087500006460246C7480B46029106217844FFF7B9
:1087600057FCCDE90510029B32461046194600F031
:108770004BFDDDE9053200F047FD05910646534605
:1087800040461946149A00F06DFA009B049A00F0D6
:108790003BFD3246059B00F065FACDE905104246E7
:1087A00053461046194600F02FFD0022B24B0291AD
:1087B0000A9000F057FADDE9053200F053FA0E4650
:1087C0004246AD4B404600F045FF029B0A9A00F03E
:1087D00041FFDDE9053200F04BFE424602910A906E
:1087E00033461046514600F00FFDCDE906015346D1
:1087F000149A02990A9800F007FD8A4602903346BF
:1088000042460099049800F0FFFC5346029A00F09B
:1088100029FA82460B4602460591DDE9060100F081
:1088200021FADDE9062300208846064600F012FF03
:108830005246059B00F01CFE824609914FF06042B3
:108840008E4B3046414600F0DFFC049006918C4A86
:108850008A4B5046099900F0D7FC82460291894A1A
:10886000894B3046414600F0CFFC5246029B00F057
:10887000F9F9864B7B440D9A03EBC203D3E900233D
:1088800000F0F0F90E900791019800F06AFC059154
:10889000DDE9061382460E9A049800F0E3F97C4A5B
:1088A0007A440D9B02EBC303D3E9002300930292A9
:1088B00000F0D8F95246059B00F0D4F9002688460E
:1088C00052463046059B00F0C5FE009B029A00F020
:1088D000C1FE069B049A00F0BDFE079B0E9A00F0B5
:1088E000C7FD024600200B4602903846294600F09C
:1088F0008BFC824601912B4638461946029A00F0BD
:10890000A9FE3246434600F07FFC5246019B00F030
:10891000A9F907468A46324643462946029800F09E
:1089200073FC05460E463A46534600F09BF9594AF9
:108930008846914221DBA8EB020353EA000210D1E2
:108940002A46334600F086FECDE90401524A534BD5
:108950003846514600F086F9DDE9042300F052FD67
:1089600021D20220FDF7AFFFFFF7B8FB0A462146F0
:1089700018B062F31E01BDE8F08D494B28F00042AB
:108980009A4210D3474A08EB020353EA00027FF4ED
:10899000C6AD2A46334600F05DFE3A46534600F027
:1089A00031FD7FF6BCAD0022019228F000403E4927
:1089B0003E4A01EB2051824223DA481C4FF48011D9
:1089C00021FA00F040443A4AC0F30A517A44394B44
:1089D000A1F2FF31CB4020EA0303C0F3130040F4BF
:1089E0008010C1F11401C84012680190B8F1000F65
:1089F000BCBF404201902846314600F02BFE0546A0
:108A00000E462A4633463846514600F02BF94FF0C1
:108A100000084246284B4046059100F0F5FBCDE9A1
:108A20000601264A264B4046059900F0EDFB0091D1
:108A300002902A4633464046059900F00BFE3A461E
:108A4000534600F015FD1F4A1F4B00F0DDFB009B55
:108A5000029A00F007F90746884602460B4635E0C1
:108A60008E9803007AB60B00821C00000000F03FD5
:108A7000C21C0000E81B00000000084009C7EE3FD0
:108A8000FD033ADCF5015B14E02F3EBEC01A000086
:108A9000841A000000009040FE822B654715973C29
:108AA00000CC904000346F3F01FCFFFF0000E03F2E
:108AB000D8190000FFFF0F00432EE63F396CA80CC9
:108AC000615C20BEEF39FAFE422EE63FDDE9060189
:108AD00000F0C8F8DDE9062305460E4600F0BAFDB1
:108AE0003A46434600F0C4FC0F462A4633460090FF
:108AF0001046194600F088FB824602462E488846FA
:108B00000B4605217844FFF783FA5246434600F0AE
:108B10007BFB2A46334600F0ABFC80468A463B4648
:108B200028463146009A00F06FFB3B46009A00F061
:108B300099F80691009000224FF08043404651463C
:108B400000F088FD0F460C904246534628463146B9
:108B500000F05AFB3B460C9A00F040F9069B009A45
:108B600000F078FD2A46334600F074FD0022134BD6
:108B700000F07EFC054601980E4601EB00510815F9
:108B8000002810DC28463146019A00F0F2FEFFF77B
:108B90002BFA042808BFFFF7A9FA28463146019AA4
:108BA00000F0E7FE05460B4618B02A465846214617
:108BB000BDE8F04D00F028BB701800000000F03F49
:108BC0002DE9F04106460F4600F05EFC041E0D46FE
:108BD00018BF0120284320F00040C0F17F6000F161
:108BE000E040C00F0ED0301C18BF0120384320F0E9
:108BF0000040C0F17F6000F1E040C00F04BF0120E1
:108C0000FDF761FE20462946BDE8F08110B5002938
:108C10000AD00878002807D005487844FEF7B6FD4A
:108C2000002801D0002010BD0248784410BD00008B
:108C30006E1900006619000010B500290AD00878E6
:108C4000002807D005487844FEF7A0FD002801D091
:108C5000002010BD0248784410BD0000521A0000E8
:108C60004A1A000010B591EA030F48BF83F0004391
:108C700000F1F884841A71EB030C05D2121943EB4E
:108C80000C03001B61EB0C01DFF824E14FEA1154E7
:108C9000A4EB135C1EEA430F18BF9EEA445F73D037
:108CA00023EA0E03DCF1200E21EA045143F4801381
:108CB00032D322FA0CFE10EB0E0023FA0CFE41EB2D
:108CC0000E01CCF1200E03FA0EFE10EB0E0051F156
:108CD0000001B1F5801FCCF1200E32D201EB04511E
:108CE00012FA0EF2BDE8104058BF7047401C38BF62
:108CF0005FEA420218BF7047002814BF20F001004D
:108D000041F100014FEA410313F5001F38BF7047DE
:108D1000A1F1C04100F070BB012A43EB0302ACF1AA
:108D2000200CDCF11F0E32BF4FF0000E23FA0CF3C3
:108D300010EB030041EB0451B4EB115FD0D0A1EB79
:108D4000045101F5801149085FEA300001EB04513C
:108D50000ED350F1000038BF12FA0EFE08D1BDE864
:108D60001040C9E7401C38BF5FEA4202CAD1C3E7DE
:108D7000BDE810404FEA410313F5001F38BF7047AC
:108D8000A1F1C04100F038BB9EEA445F08D011EA6F
:108D90005E0FBDE8104004BF01F0004100207047A5
:108DA000BDE8104070B500F0D9FA00BF64FBBE3ECC
:108DB0000000E0FF02494FF0000000F0A8BD00BF36
:108DC0000000F87F491058BFC1F140415B1058BF07
:108DD000C3F140438B42EFF3008070472DE9C0415F
:108DE00030B4DFF8A0C23CEA111418BF3CEA1314F7
:108DF00000F0EC8081EA03051CEA111444EAD57402
:108E000018BF1CEA131500F0C780A4EB05044FF04F
:108E1000004545EAC12145EAC32341EA505143EAEE
:108E2000525304F17F74994204F500344FEAC02094
:108E30004FEAC22208BF904200F09C804FEA1365BF
:108E40000FF24016765D4FEA134506FB05F7C7F1B2
:108E5000807706FB07F74FEAD737A7FB0368764210
:108E6000C8F58038A7FB06CE38BFA8F1010807FB7C
:108E700008E64FF0000EA6FB028CE6FB03CEDCF109
:108E8000000CCEF1004E38BFAEF1010EA6FB0C581F
:108E90004FF000074FF00005E6FB0E87A1FB08C668
:108EA000A0FB07CE16EB0E0645F10005E1FB0765BA
:108EB00015F1E04E7EBFA4F580345FEA46066D41B1
:108EC00016F1800745F100054FEA17274FEA0666BD
:108ED00047EA0567A6F1DE46B6F1805F4FEA152541
:108EE0001FD9384624F0010C05EBC471BCF1FE6FAC
:108EF00001EB0C1102D8F0BCBDE8008124425CBF3C
:108F000001F5801E9EEAC47F02D4F0BCBDE800815A
:108F1000244238D4F0BCA1F1C041BDE8004100F0CA
:108F20006BBA4FEAD22242EA43524FEAD323A7FB5D
:108F300002864FEAD02040EA415007FB03661EEA52
:108F40000E0F4FEAD12105FB026658BFA6EB005673
:108F5000B6EB00564FEA520E4EEAC37E18EB0E0EE9
:108F600056EB530EBDD518EB02085E417F1C55F140
:108F70000005B6E74FF480154FF000074FF00006EC
:108F80004FF00008ADE7F0BC4FF0000001F1C04128
:108F900001F00041BDE8008111EA0C1F0CEA131535
:108FA00000D00CE013EA0C1F00F025804FF0000009
:108FB000F0BC81EA030101F00041BDE80081F0BC92
:108FC000BDE8004181EA030100F016BAF0BCBDE83B
:108FD000004170B500F0C2F9097EFC3E00F007B810
:108FE00081EA03014FF0000001F00041704781EA7F
:108FF000030100F001BAF0BCBDE800414FF00000F1
:1090000021497047FFFDFBF9F7F5F4F2F0EEEDEBC7
:10901000E9E8E6E4E3E1E0DEDDDBDAD8D7D5D4D376
:10902000D1D0CFCDCCCBCAC8C7C6C5C4C2C1C0BFC2
:10903000BEBDBCBBBAB9B8B7B6B5B4B3B2B1B0AFC8
:10904000AEADACABAAA9A8A8A7A6A5A4A3A3A2A1AC
:10905000A09F9F9E9D9C9C9B9A9999989797969567
:1090600095949393929191908F8F8E8E8D8C8C8B03
:109070008B8A89898888878786858584848383828B
:10908000828181800000FF070000F87F51EA030C15
:1090900017D41CF5801F58BFBCF5801F00F1068057
:1090A000994218BF704708BF9042704707D711F523
:1090B000801F58BF13F5801F19D499427047894209
:1090C00070471CF5801F08D5BCF5801FF7D58B4273
:1090D00018BF704708BF824270474FF4001C1CEB5A
:1090E000410F38BF1CEB430F01D28B42704770B564
:1090F00000F034F9922449004FF000514FF08053B2
:10910000FFF760BE4FEA41034FEA5353A3F5806374
:10911000D3F11E03C8BFD3F1210C0CDD4FF0004288
:1091200042EAC12242EA505232FA03FC8CEAE17C64
:10913000ACEBE1707047102BC4BF0020704703F503
:10914000787CBCF1FF3F04D06FF0004282EA21003E
:10915000704770B500F002F94992248000207047F2
:10916000F2E710F0004248BF4042B0FA80F310FA34
:1091700003F10AD0C3F11D0303F580634FEA4150A8
:1091800002EB035202EBD12170474FF00000704711
:1091900051EA030C17D41CF5801F58BFBCF5801F83
:1091A00000F10680994218BF704708BF904270478F
:1091B00007D711F5801F58BF13F5801F19D49942A6
:1091C0007047894270471CF5801F08D5BCF5801F89
:1091D000F7D58B4218BF704708BF824270474FF4E3
:1091E000001C1CEB410F38BF1CEB430F01D28B421C
:1091F000704770B500F0B2F8922449004FF000516A
:109200004FF08053FFF7DEBDDFF848C170B51CEAB0
:10921000111E1EBF1CEA13159EEA0C0F95EA0C0FD7
:1092200000F06F8081EA030423EA4C134EEAD47EF7
:1092300021EA4C1141F4801143F48013AE44A1FBA8
:10924000024CA0FB0365AEF17F7E361955EB0C0591
:10925000A1FB034C4CF10003A0FB021C16EB0C0617
:10926000654153F10003094218BF46F0010613F4AB
:10927000007F0BD14FEA03314FEA0530340341EA56
:10928000155140EA16506FF003020AE04FEAC3217D
:109290004FEAC520F40241EA555140EA56506FF0BA
:1092A000020202EB2E4201EB025585EACE710AD092
:1092B0005FEA440C18BF24F0004450F1000041F173
:1092C000000120EAD47040F2FE7C624500D270BDFD
:1092D000A84214BF4FF080444FF04044002E08BF16
:1092E0000024BEF1806FA8BFA1F1C041BDE870406D
:1092F00080F282804FF0000001F1C04101F0004196
:1093000070479EEA0C0F0CEA131518BF95EA0C0F74
:1093100006D04FF0000081EA030E0EF0004170BD50
:1093200000F01CF88900013E00F007B800F009B811
:109330004FEA430C5FEA5C5C08D081EA030100F06D
:109340005BB84FEA410C5FEA5C5CF6D14FF000007D
:10935000014970470000FF070000F87F0EF1020E80
:109360002EF0030E5EF8046B364205D4012A43EB5F
:10937000030515F5001F12D8012841EB010C1CF55F
:10938000001F0CD80ED14FEAD17C15F5001F0CEB55
:109390004C0C0CF1020C08BF4CEBD37C04E04FF0FA
:1093A000080C01E04FEAD37C0CEB4C0526FA05F6DD
:1093B00006F00706B6F1040C06D20EEB860CBDE8EB
:1093C00070404CF0010C6047DFE80CF0090B020222
:1093D0004FF000414FF00000A1F5002170BD19468B
:1093E0001046012851EB010418BFD4F5001484BFC6
:1093F000002001F0004170BD0808A0F500114FEAFF
:109400003101704753EA010C17D41CF5801F58BF77
:10941000BCF5801F00F106808B4218BF704708BF63
:109420008242704707D713F5801F58BF11F5801F80
:1094300019D48B4270479B4270471CF5801F08D59A
:10944000BCF5801FF7D5994218BF704708BF9042FE
:1094500070474FF4001C1CEB430F38BF1CEB410F4F
:1094600001D2994270470FB40CBC03BCFFF7C1BED8
:1094700091EA030F10B581F000413FF5FBAB83F09B
:10948000004300F0EFB800002DE9F04101F5801C29
:10949000BCF5001FC0F2C3804FEA115C21EA0C51F9
:1094A0000CF1FD0C41F480115FEA5C0C0CF5C07C02
:1094B00001D3400049413DA4890241EA905187020D
:1094C0008E0E0A0CA45D04FB04F602FB06F6C6F140
:1094D0004046A4FB0662F60D46EA422606FB06F469
:1094E000A4FB01235242C3F1404338BF5B1EA6FBDD
:1094F00002420024E6FB0324D20B42EA4446A6FBC8
:109500000623A1FB02E2A3FB07E4A4184FF000022C
:1095100052F10002E3FB01426442C2F1404E38BF07
:10952000AEF1010EA6FB04234FF00002E6FB0E3263
:10953000A2FB03464FF00004B61954F10004E2FB0D
:109540000264A1FB06E6A4FB07E816EB08064FF051
:10955000000858F10008E4FB01687642C8F1405861
:1095600038BFA8F10108A2FB06E4A3FB08E52D190A
:109570004FF0000454F10004E2FB0854A1FB05E69F
:10958000A7FB04E818EB06084FF0000656F10006AA
:10959000E1FB048618F1200556F10006A809A8F1A0
:1095A0001B08B10908F03F08B8F10A0F40EA8660CD
:1095B0001CD901EB0C51BDE8F08100BFFCF5EEE8D1
:1095C000E2DDD8D3CFCBC7C3C0BDB9B6B4B1AEAC62
:1095D000A9A7A5A3A19F9D9B9A9896959392908FDA
:1095E0008D8C8B898887868584838281A0FB006827
:1095F00000FB01F208EB4208B8EB872807D53418C6
:1096000058EB0104D5D5401C51F10001D1E7341AC3
:1096100078EB0104CDD4401E71F10001C9E75FEA87
:109620004C0C5FEA9C5C0DD105D34FF0000001F0BB
:109630000041BDE8F081BDE8F04170B5FFF78EFE56
:109640006DDBFFBEBDE8F0414FF000000049704700
:109650000000F87F10B591EA030F48BF83F0004384
:109660003FF508AB841A71EB030C07D212198CF08A
:10967000004C43EB0C03001B61EB0C01DFF8A4E191
:109680004FEA1154A4EB135C1EEA430F18BF9EEA85
:10969000445F00F0B08023EA6E03524221EA045195
:1096A000C3EB6E0338BF5B1EDCF1200E25D322FA1C
:1096B0000CFE10EB0E0043FA0CFE41EB0E01CCF158
:1096C000200E03FA0EFE10EB0E0051F10001CCF15A
:1096D000200E29D412FA0EF201EB0451BDE810401D
:1096E00058BF7047401C1CBFB2F1004F70470028A4
:1096F0000CBF491C20F00100704712EB020E43EB37
:10970000030218BF4FF0010E4EEA4202ACF1200CEA
:10971000DCF11E0E54D943FA0CFE10EB0E0051F191
:10972000FF31CCF11E0ED5D50EF1010E12FA0EFE50
:10973000404141EB010101EB445C5FEA5C5C10D904
:1097400010EBDE7001EB045138BFBEF1004FBDE8F5
:10975000104018BF704700280CBF491C20F00100C2
:10976000704730D24FEAD42C11F5001124F4006474
:109770001BD0B1FA81F20B3AA41AA41ED2F1200335
:10978000914030FA03F31943904001EBCC71002C67
:1097900001EB0451BDE81040A8BF704701F1C04182
:1097A0004FF0000001F000417047B0FA80F310FA6A
:1097B00003F100D110BDE41A173C4805C90AE4E7DB
:1097C00001EB045110BD491001EB0451BDE81040FC
:1097D0004FEA300002E04FF0000170474A0008BF36
:1097E0000042F8D0B2F5001F28BF704701F00041D9
:1097F0004FF0000070479EEA445F07D011EA5E0F09
:10980000BDE8104004BF002100207047BDE81040B3
:1098100070B5FFF7A3FD00BF40DFF63E83F00041C7
:10982000104670470000E0FF43004FEAD30C4FEAB8
:109830003C0C43401FBF40070CF1605113F0FE4F3A
:1098400070471CF0006F03D100200CF000417047FE
:109850000CF0004343EA507010B540EACC0000F031
:109860000EF800BF000000924FEA0001FFF7C4BDF0
:109870004FF000414FF00000A1F5002170470EF1BC
:10988000020E2EF0030E5EF8044B244204D44FEA7D
:109890004102B2F17F4F11D84FEA4003B3F17F4F3D
:1098A0000CD80ED14FEAD07CB2F17F4F0CEB4C0CB0
:1098B0000CF1020C08BF4CEBD17C04E04FF0080C1B
:1098C00001E04FEAD17C0CEB4C0324FA03F404F0E2
:1098D0000704B4F1040C06D20EEB840CBDE8104072
:1098E0004CF0010C6047DFE80CF0070802024FF073
:1098F0000040A0F5800010BD0846420018BFD2F11C
:10990000807288BF00F0004010BDFDF73AB90CF03E
:109910000F03092B08BF082000F059800A2B0BD039
:10992000082B18BF704708BF1CF0400F0AD04FF03B
:1099300000004FF0000170471CF0400F18BF4FF0BF
:10994000004070471CF0100F08D020F0704300F06A
:109950007F4242EAD3014FEA4370704700F0604013
:1099600021F07F4242EA000201F07F4040EA72703B
:1099700070474FF0FF0C4CF4E06C1CEA11531CBF15
:109980009CEA030C9445C2BFDA4201EB02517047D6
:10999000002B0DD0BCF1000F0FD0002A01F00041C8
:1099A000A4BF41F0E04141F07F614FF000007047FB
:1099B00001F000414FF00000704750EA01334FF0D2
:1099C0009B0C18BF4CF0806C7FF4F4A970471CF41A
:1099D000801F11D01CF4E02F03D06FEACC31490076
:1099E00070474FF04050EFF3008222F0704242EA9D
:1099F000000282F3008870474FF000007047414238
:109A0000434445464748494A4B4C4D4E4F505152AE
:109A1000535455565758595A61626364656667686E
:109A2000696A6B6C6D6E6F7071727374757677782E
:109A3000797A303132333435363738392B2F7F7FCE
:109A40007F7F7F7F7F7F7F7F7F7F7F7F7F7F7F7F26
:109A50007F7F7F7F7F7F7F7F7F7F7F7F7F7F7F7F16
:109A60007F7F7F7F7F7F7F7F7F3E7F7F7F3F34351C
:109A7000363738393A3B3C3D7F7F7F407F7F7F00E0
:109A80000102030405060708090A0B0C0D0E0F104E
:109A90001112131415161718197F7F7F7F7F7F1AF5
:109AA0001B1C1D1E1F202122232425262728292A8E
:109AB0002B2C2D2E2F303132337F7F7F7F7F000084
:109AC000C0E0F0F8FC0000000000000000002F00E3
:109AD0000000000700070000147F147F1400242AF0
:109AE0007F2A120062640813230036495522500071
:109AF000000503000000001C224100000041221C60
:109B0000000014083E08140008083E080800000081
:109B1000A06000000808080808000060600000005D
:109B20002010080402003E5149453E0000427F409B
:109B300000004261514946002141454B3100181453
:109B4000127F10002745454539003C4A49493000FD
:109B5000017109050300364949493600064949297A
:109B60001E000036360000000056360000000814C3
:109B7000224100001414141414000041221408009F
:109B8000020151090600324959513E007C1211125E
:109B90007C007F49494936003E41414122007F41D6
:109BA00041221C007F49494941007F090909010000
:109BB0003E4149497A007F0808087F0000417F4103
:109BC00000002040413F01007F08142241007F40F7
:109BD000404040007F020C027F007F0408107F009D
:109BE0003E4141413E007F09090906003E415121A5
:109BF0005E007F09192946004649494931000101A3
:109C00007F0101003F4040403F001F2040201F00D7
:109C10003F4038403F006314081463000708700891
:109C20000700615149454300007F41410000552A2A
:109C3000552A55000041417F000004020102040042
:109C400040404040400000010204000020545454B1
:109C500078007F4844443800384444442000384465
:109C600044487F00385454541800087E090102000B
:109C700018A4A4A47C007F080404780000447D405C
:109C800000004080847D00007F10284400000041D7
:109C90007F4000007C04180478007C0804047800ED
:109CA000384444443800FC24242418001824241880
:109CB000FC007C0804040800485454542000043F6D
:109CC000444020003C4040207C001C2040201C00E0
:109CD0003C4030403C004428102844001CA0A0A078
:109CE0007C004464544C44141414141414000000F4
:109CF0000000000000000000000000000000000064
:109D0000F800000000000000333000000000100CDC
:109D100006100C0600000000000000000040C078A3
:109D200040C0784000043F04043F040400007088F1
:109D3000FC08300000001820FF211E0000F008F091
:109D400000E018000000211C031E211E0000F00886
:109D500088700000001E2123241927211010160EE0
:109D600000000000000000000000000000000000F3
:109D7000E018040200000000071820400000020460
:109D800018E000000000402018070000004040805C
:109D9000F0804040000202010F01020200000000BA
:109DA000F0000000000101011F010101000000009E
:109DB000000000000080B070000000000000000003
:109DC000000000000000010101010101010000008C
:109DD0000000000000003030000000000000000023
:109DE0000080601804006018060100000000E01008
:109DF000080810E000000F102020100F00001010C5
:109E0000F8000000000020203F2020000000700823
:109E10000808887000003028242221300000300813
:109E200088884830000018202020110E000000C053
:109E30002010F8000000070424243F240000F80844
:109E400088880808000019212020110E0000E01069
:109E50008888180000000F112020110E000038081B
:109E600008C83808000000003F00000000007088AB
:109E70000808887000001C222121221C0000E0102C
:109E8000080810E0000000312222110F000000003D
:109E9000C0C00000000000003030000000000000E2
:109EA00080000000000000806000000000000080D2
:109EB000402010080000010204081020004040402B
:109EC000404040400004040404040404000008105E
:109ED00020408000000020100804020100007048AB
:109EE000080808F0000000003036010000C030C84B
:109EF00028E810E0000718272423140B000000C0F6
:109F000038E0000000203C23020227382008F888AF
:109F10008888700000203F202020110E00C03008EB
:109F20000808083800071820202010080008F80842
:109F3000080810E000203F202020100F0008F888BB
:109F400088E8081000203F20202320180008F88807
:109F500088E8081000203F200003000000C03008FF
:109F6000080838000007182020221E020008F80800
:109F7000000008F808203F210101213F20000808C7
:109F8000F8080800000020203F2020000000000802
:109F900008F8080800C08080807F00000008F8886A
:109FA000C028180800203F20012638200008F808A3
:109FB0000000000000203F20202020300008F8F89A
:109FC00000F8F80800203F003F003F200008F8306C
:109FD000C00008F808203F200007183F00E01008E4
:109FE000080810E0000F10202020100F0008F808CB
:109FF000080808F000203F210101010000E01008DE
:10A00000080810E0000F18242438504F0008F88882
:10A010008888887000203F2000030C302000708862
:10A0200008080838000038202121221C00180808E0
:10A03000F8080818000000203F2000000008F80879
:10A04000000008F808001F202020201F0008788842
:10A050000000C83808000007380E010000F80800AA
:10A06000F80008F800033C0700073C0300081868E4
:10A07000808068180820302C03032C30200838C852
:10A0800000C83808000000203F2000000010080829
:10A0900008C83808002038262120201800000000B9
:10A0A000FE020202000000007F40404000000C3031
:10A0B000C000000000000000010638C000000202DD
:10A0C00002FE000000004040407F0000000000044D
:10A0D0000202020400000000000000000000000076
:10A0E000000000000080808080808080800002026C
:10A0F00004000000000000000000000000000080DC
:10A1000080808000000019242222223F2008F800CD
:10A110008080000000003F112020110E0000000090
:10A120008080800000000E1120202011000000001F
:10A13000808088F800000E112020103F2000008051
:10A140008080800000001F222222221300008080D5
:10A15000F0888888180020203F2020000000008020
:10A160008080808000006B94949493600008F800D5
:10A170008080800000203F210000203F2000809848
:10A1800098000000000020203F2020000000000078
:10A19000809898000000C08080807F000008F80050
:10A1A0000080808000203F24022D3020000008081D
:10A1B000F8000000000020203F2020000080808068
:10A1C0008080808000203F20003F20003F80800072
:10A1D0008080800000203F210000203F2000008080
:10A1E0008080800000001F202020201F0080800031
:10A1F000808000000080FFA12020110E00000000E0
:10A200008080808000000E112020A0FF8080808050
:10A21000008080800020203F21200001000000807D
:10A220008080808000003324242424190000808052
:10A23000E0808000000000001F20200000808000DF
:10A240000000808000001F202020103F20808080A0
:10A25000000080808000010E300806010080800030
:10A2600080008080800F300C030C300F0000808055
:10A2700000808080000020312E0E31200080808000
:10A28000000080808080818E701806010000808030
:10A2900080808080000021302C22213000000000CE
:10A2A00000807C020200000000003F4040000000EF
:10A2B00000FF00000000000000FF0000000002029C
:10A2C0007C800000000040403F00000000000601CC
:10A2D00001020204040000000000000000303132DE
:10A2E0003334353637383941424344454640305897
:10A2F0000030313233343536373839616263646562
:10A3000066403078000400000800000000000000F3
:10A310000200010000100000000000000000F03FFB
:10A32000000000000000F83F0000000000000000F6
:10A330000000004003B8E23F000000000000000001
:10A3400006D0CF43EBFD4C3E033333333333E33F8F
:10A35000FFAB6FDBB66DDB3F4D268F515555D53FBB
:10A3600001411DA96074D13F65DBC9934A86CD3F89
:10A37000EF4E454A287ECA3F3E5555555555C53F77
:10A3800093BDBE166CC166BF2CDE25AF6A56113F69
:10A39000F16BD2C541BDBBBED0A4BE726937663E6B
:10A3A00000000000000000000000000000000000AD
:10A3B00002400000000000A0000000000540000076
:10A3C000000000C8000000000C4000000000409C9D
:10A3D00000000000194000000020BCBE000000008A
:10A3E00034400000BFC91B8E00000004B5400000CF
:10A3F000504BCFD06607E2CF010000006C41000057
:10A400003E8251AADFEEA73401000000D9420000CD
:10A41000DCB5A0E23A301F97FFFFFFFFB445000014
:10A42000FD25A0C8E9A3C14FFFFFFFFFFF3F0000CC
:10A430000000008000000000FF3F000000000080DE
:10A44000000000006465766963655F696422203AF4
:10A450002022255B5E225D222C0D0A226E616D6535
:10A4600022203A2022255B5E225D222C0D0A0D0A55
:10A470002270696422203A2025642C0D0A226B6523
:10A480007922203A2022255B5E225D220000000016
:10A4900076657273696F6E3D2573267265733D70C4
:10A4A000726F6475637473252532462573252532D2
:10A4B000466465766963657325253246257326658E
:10A4C000743D2564266D6574686F643D257326733D
:10A4D00069676E3D25730000504F5354202F6D71F6
:10A4E00074742F76312F646576696365732F726596
:10A4F0006720485454502F312E310D0A417574682D
:10A500006F72697A6174696F6E3A25730D0A486FCC
:10A5100073743A6F74612E6865636C6F7564732E23
:10A52000636F6D0D0A436F6E74656E742D54797090
:10A53000653A6170706C69636174696F6E2F6A73DC
:10A540006F6E0D0A436F6E74656E742D4C656E6789
:10A5500074683A25640D0A0D0A7B226E616D6522CE
:10A560003A222573227D0000B4A6000800000020D6
:10A57000C402000028010008B8A70008C402002097
:10A58000A40C00008401000810010000430000003A
:10A59000F8FFFFFF00404040404040404040414104
:10A5A00041414140404040404040404040404040A8
:10A5B0004040404040050202020202020202020242
:10A5C000020202020220202020202020202020023F
:10A5D00002020202020290909090909010101010CF
:10A5E000101010101010101010101010101010106B
:10A5F00002020202020288888888888808080808FF
:10A6000008080808080808080808080808080808CA
:10A6100002020202400000000000000000000000F2
:10A62000000000000000000000000000000000002A
:10A63000000000000000000000000000000000001A
:10A64000000000000000000000000000000000000A
:10A6500000000000000000000000000000000000FA
:10A6600000000000000000000000000000000000EA
:10A6700000000000000000000000000000000000DA
:10A6800000000000000000000000000000000000CA
:10A6900000000000000000001C000000430000005B
:10A6A000F8FFFFFF0C0000000E0000000F0000008C
:10A6B0002E0000001184A24A046809010203040666
:10A6C0000708090C691005140204060813F55D1447
:10A6D00008535E09131CE1031C3636251060028CFA
:10A6E0002BFE92010213FE180A04047E01407E42F2
:10A6F000427E020413427E402809FC242424FC25C7
:10A7000026240879CF9100101140308F80844C5559
:10A71000252525554C8080802809060909E6F80C76
:10A720000402010315041E2E071F302040010B15E3
:10A730002010C049BF0917C0080B504448507F4043
:10A74000407F504844C0111B40E0581A439E0515F5
:10A75000485060C04BFE420109129F111380701DCA
:10A76000FF201004012AFC050910201E60180708AC
:10A7700030670316807F080C110404745454555636
:10A78000545454743F112F848341211D0501061137
:10A790007D818185E3180902028272020202FE08AD
:10A7A0000D10423202028017814020100C03000875
:08A7B00011030C102040808011
:04000005080000ED02
:00000001FF
