:020000040800F2
:10000000700F0020910500087D0200087F020008A3
:100010008B02000897020008A302000800000000FD
:10002000000000000000000000000000AF02000817
:10003000B102000800000000A7050008B302000894
:10004000AB050008AB050008AB050008B7020008C7
:10005000AB050008AB050008B5020008031C00084A
:10006000AB050008AB050008AB050008AB050008B0
:10007000AB050008AB050008AB050008AB050008A0
:10008000AB050008AB050008AB050008AB05000890
:10009000AB050008AB050008AB050008AB05000880
:1000A000AB050008AB050008AB050008AB05000870
:1000B000AB050008AB050008AB050008AB05000860
:1000C000AB050008AB050008AB050008AB05000850
:1000D000AB0500087F1A000887450008971A00083A
:1000E000AB050008AB050008AB05000800F002F8FE
:1000F00000F0B4F80AA090E8000C82448344AAF10E
:100100000107DA4501D100F0A9F8AFF2090EBAE80B
:100110000F0013F0010F18BFFB1A43F0010318473B
:1001200050AD000070AD00000A444FF0000C10F814
:10013000013B13F0070408BF10F8014B1D1108BF65
:1001400010F8015B641E05D010F8016B641E01F805
:10015000016BF9D113F0080F1EBF10F8014BAD1C55
:100160000C1B09D16D1E58BF01F801CBFAD505E073
:1001700014F8016B01F8016B6D1EF9D59142D6D3CD
:10018000704700000023002400250026103A28BFF5
:1001900078C1FBD8520728BF30C148BF0B607047F9
:1001A0006E2907F08380702906F0218466290AF001
:1001B0002E8065290AF02B8067290AF028806129A2
:1001C000AFF3008003681B0A28BF41F08001692952
:1001D00006F09283642906F08F83752906F08C83DC
:1001E0006F2907F08083782906F0ED83E92907F06D
:1001F0001B83E42907F01883F52907F01583EF29FD
:1002000007F07D83F82906F0EC830368DB0928BF3B
:1002100041F08001632907F09C82732907F0A182D5
:10022000E32907F07984F32907F07E8400207047E2
:100230001FB59DE8030006F08DFF07F0B3FB040037
:100240000020002109F064F9401C606000200021BA
:1002500009F074F9E0601FBD10B510BD07F0BCFED9
:100260001146FFF7E5FF01F083FF07F0DAFE03B464
:10027000FFF7F2FF03BC07F04BFF000070470EA131
:100280001C4801F0D8FB00BFFEE71BA1194801F094
:10029000D2FB00BFFEE727A1164801F0CCFB00BF50
:1002A000FEE733A1134801F0C6FB00BFFEE770472D
:1002B00070477047704770470D0A2A2A2A2A2A2A4F
:1002C0002A2A2A2A2A2A2A2A2A2A2A2A2A486172F1
:1002D000644661756C745F48616E646C65722A2A4D
:1002E0002A2A2A2A2A2A2A2A2A2A2A2A2A2A2A2A6E
:1002F0002A0D0A00003801400D0A2A2A2A2A2A2A31
:100300002A2A2A2A2A2A2A2A2A2A2A2A2A4D656DAC
:100310004D616E6167655F48616E646C65722A2A23
:100320002A2A2A2A2A2A2A2A2A2A2A2A2A2A2A2A2D
:100330002A0D0A000D0A2A2A2A2A2A2A2A2A2A2AC1
:100340002A2A2A2A2A2A2A2A2A4275734661756C81
:10035000745F48616E646C65722A2A2A2A2A2A2AE6
:100360002A2A2A2A2A2A2A2A2A2A2A2A0D0A00007E
:100370000D0A2A2A2A2A2A2A2A2A2A2A2A2A2A2A1A
:100380002A2A2A2A2A55736167654661756C745F4B
:1003900048616E646C65722A2A2A2A2A2A2A2A2A25
:1003A0002A2A2A2A2A2A2A2A2A2A0D0A0000000092
:1003B0000CB50020019000906C48006840F480303B
:1003C0006A49086000BF6948006800F40030009086
:1003D0000198401C0190009818B90198B0F5A06FE1
:1003E000F1D16248006800F4003010B101200090A3
:1003F00001E0002000900098012843D15C4800688B
:1004000040F010005A4908600846006820F00300D8
:1004100008600846006840F00200086053484068E1
:10042000524948600846406848600846406840F4C1
:10043000806048600846406820F47C1048600846A8
:10044000406840F4E81048600846006840F080705A
:10045000086000BF4548006800F000700028F9D02F
:100460004248406820F00300404948600846406820
:1004700040F00200486000BF3C48406800F00C00BB
:100480000828F9D10CBD10B5FFF792FF10BD10B5CB
:100490003648006840F0010034490860084640686A
:1004A00034490840314948600846006832490840EC
:1004B0002E4908600846006820F48020086008463D
:1004C000406820F4FE0048604FF41F008860FFF78A
:1004D000DAFF4FF000602949086010BD10B5002117
:1004E00000200022214B5B6803F00C0121B104299C
:1004F00006D0082928D107E0214B224C236027E0B1
:100500001F4B204C236023E0184B5B6803F47010F2
:10051000164B5B6803F48032022303EB904022B950
:10052000194B4343174C23600DE0104B5B6803F4F9
:10053000003323B1144B4343124C236003E0104BB0
:100540004343104C236003E00D4B0E4C236000BF6F
:1005500000BF064B5B68C3F303130C4CE15C094B13
:100560001B68CB40074C236010BD00000010024008
:10057000002002400000FFF8FFFFF6FE08ED00E05B
:1005800000127A000000002000093D000400002055
:100590000948804709480047FEE7FEE7FEE7FEE717
:1005A000FEE7FEE7FEE7FEE7FEE7FEE70448054953
:1005B000054A064B704700008F040008ED00000854
:1005C00070050020700F00207007002070070020C9
:1005D00031490143314A1160704770B50021002351
:1005E0000F22C47804B32D4C246804F4E064C4F5ED
:1005F000E064210AC1F10403CA40447804FA03F11B
:100600008478144021430901254C0678A1550478CB
:1006100004F01F050124AC4005786D11AD0005F113
:10062000E025C5F8004109E0047804F01F05012425
:10063000AC401C4D0678761145F8264070BD1A4A2C
:100640000A400243154B1B1F1A60704739B1134A09
:10065000121D12680243114B1B1D1A6006E00F4A5F
:10066000121D126882430D4B1B1D1A60704704282F
:1006700008D14FF0E021096941F004014FF0E02278
:10068000116107E04FF0E021096921F004014FF00A
:10069000E0221161704700000000FA050CED00E057
:1006A00000E400E080E100E080FFFF1F10B5044699
:1006B000CC48844208D10121042000F02DFB002108
:1006C000042000F029FB46E0C748844208D10121FC
:1006D000082000F021FB0021082000F01DFB3AE07B
:1006E000C248844208D10121102000F015FB0021EE
:1006F000102000F011FB2EE0BD48844208D10121FA
:10070000202000F009FB0021202000F005FB22E062
:10071000B848844208D10121402000F0FDFA0021B0
:10072000402000F0F9FA16E0B348844208D10121D4
:10073000802000F0F1FA0021802000F0EDFA0AE0BC
:10074000AE48844207D10121801500F0E5FA00216E
:10075000A01500F0E1FA10BD10B50121084600F027
:10076000DBFA0021012000F0D7FA10BD2DE9F0419D
:10077000024600250026002000230024002791F8CF
:1007800003C00CF00F0591F803C00CF0100CBCF185
:10079000000F03D091F802C04CEA050591F800C0A3
:1007A000BCF1000F31D0146800202BE04FF0010C99
:1007B0000CFA00F3B1F800C00CEA03069E4220D107
:1007C00083004FF00F0C0CFA03F7BC4305FA03FC4F
:1007D0004CEA040491F803C0BCF1280F06D14FF095
:1007E000010C0CFA00FCC2F814C00AE091F803C036
:1007F000BCF1480F05D14FF0010C0CFA00FCC2F817
:1008000010C0401C0828D1D31460B1F800C0BCF15E
:10081000FF0F34DD546800202EE000F1080C4FF08B
:10082000010808FA0CF3B1F800C00CEA03069E4276
:1008300021D183004FF00F0C0CFA03F7BC4305FAEB
:1008400003FC4CEA040491F803C0BCF1280F05D165
:1008500000F1080C08FA0CF8C2F8148091F803C0F3
:10086000BCF1480F07D100F1080C4FF0010808FA5D
:100870000CF8C2F81080401C0828CED35460BDE8A4
:10088000F0814FF6FF710180022181700421C17057
:1008900070470246002093680B400BB1012000E036
:1008A000002070470146886880B2704702460020E9
:1008B000D3680B400BB1012000E0002070470146D7
:1008C000C86880B2704701617047416170470AB1E2
:1008D000016100E041617047C16070474FF48032B0
:1008E0000A4382618161826182698269704702463E
:1008F0000020434B18684FF68073184040EA0210FE
:1009000008433F4B186070473E49C8617047F0B5D7
:100910000A46002300240021002500F00046B6F11D
:10092000004F02D1364EF16901E0354E7168C0F3D7
:10093000034583B200F44016B6F5401F08D121F0FC
:1009400070612F4E766826F070662D4F7E6012E043
:1009500000F48016B6F5801F06D1032606FA05F4CA
:10096000A14341F0706106E0460D360103FA06F638
:10097000B14341F0706122B1460D360103FA06F62B
:10098000314300F00046B6F1004F02D11C4EF16138
:1009900001E01B4E7160F0BD30B500228B071C0FCB
:1009A0000F2303FA04F2164B08338C1053F824304B
:1009B0009343134C08348D1044F8253023468C1093
:1009C00053F824308C07240F00FA04F423430C4C12
:1009D00008348D1044F8253030BD0A49DC310860F8
:1009E0007047000000080140000C01400010014069
:1009F0000014014000180140001C0140002001408B
:100A00000000014000002042DF48006840F0010083
:100A1000DD49086008464068DC490840DA4948601A
:100A200008460068DA490840D74908600846006867
:100A300020F4802008600846406820F4FE004860EA
:100A40004FF41F0088607047CF49096821F4803156
:100A5000CD4A11601146096821F480211160B0F57A
:100A6000803F03D0B0F5802F0ED106E0C64909685B
:100A700041F48031C44A116007E0C349096841F478
:100A8000A021C14A116000E000BF00BF704710B54F
:100A900001460022002300204A11012A02D1BA4C4B
:100AA000236806E0022A02D1B74C236A01E0B64C63
:100AB000636A01F01F02012494401C400CB1012024
:100AC00000E0002010BD38B5002000900024002573
:100AD00000BF3120FFF7DBFF05460098401C009067
:100AE0000098B0F5A06F01D0002DF2D03120FFF7B3
:100AF000CEFF08B1012400E00024204638BD0146A5
:100B00000020A14A106820F0F80040EAC1001060FF
:100B10007047A04908607047024600209A4B586809
:100B200020F47C1042EA01031843974B5860704749
:100B300098490866704701460020934A506820F0A3
:100B400003000843506070478F48406800F00C0075
:100B50007047014600208C4A506820F0F00008439E
:100B60005060704701460020874A506820F4E060DA
:100B700008435060704701460020834A506820F4C3
:100B8000605040EAC1005060704729B17E4A527AF5
:100B900002437D4B5A7204E07B4A527A82437A4B7D
:100BA0005A7270477B49D83108607047014600206F
:100BB000754A506820F44040084350607047002157
:100BC000714A20321170704A82F82010012802D038
:100BD00004280AD104E001216B4A2032117005E09B
:100BE0000521694A2032117000E000BF00BF704744
:100BF0006949086070476449096A0143624A1162A1
:100C00007047654944390860704730B500210022BB
:100C1000002400235C4D6D6805F00C0121B104290E
:100C200005D0082923D105E05C4D056022E05B4D2D
:100C300005601FE0544D6D6805F47012524D6D68EB
:100C400005F48034022505EB92421CB9544D5543FE
:100C500005600BE04C4D6D6805F400351DB1504D3D
:100C60005543056002E04D4D5543056002E04B4D94
:100C7000056000BF00BF444D6D6805F0F001090933
:100C8000484D6B5C0568DD4045603F4D6D6805F47F
:100C9000E061090A434D6B5C4568DD4085603A4D73
:100CA0006D6805F46051C90A3E4D6B5C4568DD40D6
:100CB000C560354D6D6805F44041890B3A4D6B5C5C
:100CC000C568B5FBF3F5056130BD29B12E4A5269FF
:100CD00002432D4B5A6104E02B4A526982432A4B4E
:100CE0005A61704729B1284A92690243264B9A619A
:100CF00004E0254A92698243234B9A61704729B1E7
:100D0000214AD2690243204BDA6104E01E4AD269CB
:100D100082431D4BDA61704729B11B4AD2680243F6
:100D2000194BDA6004E0184AD2688243164BDA6045
:100D3000704729B1144A12690243134B1A6104E047
:100D4000114A12698243104B1A61704712494039A7
:100D5000086070470F49C86470470B49C8717047F5
:100D60000948406A40F08070074948627047014670
:100D70000020054A92680A400AB1012000E00020E4
:100D80007047014988727047001002400000FFF868
:100D9000FFFFF6FE000042428004424200127A0049
:100DA00000093D00140000202400002010B5044676
:100DB000FA48844208D101214015FFF7ADFF002118
:100DC0006015FFF7A9FF17E0F548844208D101211B
:100DD0000015FFF7A1FF00212015FFF79DFF0BE095
:100DE000F048844208D10121C803FFF795FF002194
:100DF0004FF40040FFF790FF10BD30B502460020D1
:100E000000235068E84C20400D790C6844EA052422
:100E1000204350609068E54C2040D1E902542C43B7
:100E20004D7944EA450420439060D06A20F4700074
:100E30000C7C641EE4B2234340EA0350D06230BD10
:100E400000210160017141718160C1600121017463
:100E5000704721B1826842F00102826003E082683B
:100E600022F001028260704721B1826842F48072F0
:100E7000826003E0826822F480728260704710B55D
:100E80000023CBB21AB144681C43446002E04468BA
:100E90009C43446010BD816841F008018160704747
:100EA000014600208A6802F008020AB1012000E031
:100EB00000207047816841F004018160704701465D
:100EC00000208A6802F004020AB1012000E000203C
:100ED000704721B1826842F4A002826003E0826818
:100EE00022F4A00282607047014600208A6802F462
:100EF00080020AB1012000E00020704710B50A46C8
:100F000000210023416821F46041531E41EA43312E
:100F1000416010BD21B1426842F40062426003E0CA
:100F2000426822F4006242607047F0B504460D4604
:100F300000200021092D11DDE068A5F10A0606EB6D
:100F40004607072606FA07F18843A5F10A0606EBCD
:100F5000460603FA06F10843E0600CE0206905EB61
:100F60004507072606FA07F1884305EB450603FA0D
:100F700006F108432061072A0FDA606B561E06EB64
:100F800086071F2606FA07F18843561E06EB8606DB
:100F900005FA06F10843606322E00D2A0FDA206BA0
:100FA000D61F06EB86071F2606FA07F18843D61FD1
:100FB00006EB860605FA06F10843206310E0E06AB6
:100FC000A2F10D0606EB86071F2606FA07F18843F5
:100FD000A2F10D0606EB860605FA06F10843E0626B
:100FE000F0BD21B1826842F48012826003E0826821
:100FF00022F48012826070470146C86C80B270474C
:1010000066484C300068704721B1426842F4806203
:10101000426003E0426822F480624260704721B17E
:10102000426842F48052426003E0426822F48052F7
:10103000426070470A460021816821F4E041114373
:101040008160704721B1826842F40042826003E00F
:10105000826822F400428260704721B1826842F4C3
:101060000212826003E0826822F4021282607047FA
:10107000014600208A6802F400120AB1012000E053
:1010800000207047F0B504461546002000220026D7
:10109000092911DDE068A1F10A0707EB470C0727D2
:1010A00007FA0CF29043A1F10A0707EB470703FA8E
:1010B00007F21043E0600CE0206901EB410C0727C8
:1010C00007FA0CF2904301EB410703FA07F21043D1
:1010D0002061A06BC0F30156EF1C06F1010CA7EBD9
:1010E0000C0707EB870C1F2707FA0CF29043EF1C45
:1010F00006F1010CA7EB0C0707EB870701FA07F2D3
:101100001043A063F0BD10B50A4600210023816B97
:1011100021F44011531E41EA0351816310BD08B50B
:10112000002300930090009B0B440093009B1A60E7
:1011300008BD08B5024600200090009201F1280089
:10114000009B184400900098006880B208BD0A46D1
:1011500000214168164B19401143416070474162BC
:10116000826270470A460021416821F01F01114345
:101170004160704740B109490831096841F40001F4
:10118000064A0832116007E004490831096821F471
:101190000001024A0832116070470000002401403B
:1011A00000280140003C0140FFFEF0FFFDF7F1FF89
:1011B000FFFD3FFF0246002013680B400BB10120EA
:1011C00000E000207047CA430260704770B50246D5
:1011D0000020002300240B125568CEB205EA060455
:1011E00015681D4015B10CB1012000E0002070BD54
:1011F00000220A12D34303607047000010B5044672
:10120000FB48844209D101218803FFF785FD0021B5
:101210004FF48040FFF780FD32E0F648844209D168
:1012200001214804FFF785FD00214FF40030FFF74E
:1012300080FD25E0F048844209D101218804FFF7B0
:1012400078FD00214FF48020FFF773FD18E0EB4894
:10125000844209D10121C804FFF76BFD00214FF43E
:101260000020FFF766FD0BE0E548844208D101212C
:101270000805FFF75EFD00214FF48010FFF759FDD0
:1012800010BD2DE9F04786B005460E460024A24663
:1012900000BFA1460027B08900B100BF2F462C8AAD
:1012A0004CF6FF700440F08804432C82AC894EF663
:1012B000F3100440B088318908437189084304431E
:1012C000AC81AC8A4FF6FF400440B0890443AC8245
:1012D00001A8FFF79AFCC648874202D1DDF810A0AA
:1012E00001E0DDF80CA0A88900F4004040B10AEB51
:1012F000CA0000EB0A1031684900B0FBF1F807E0C2
:101300000AEBCA0000EB0A1031688900B0FBF1F863
:101310006420B8FBF0F004012009642101FB10896E
:10132000A88900F4004040B1322000EBC900B0FBB6
:10133000F1F000F00700044308E0322000EB091050
:101340006421B0FBF1F000F00F0004432C8106B0E3
:10135000BDE8F0874FF41651016000218180C18003
:1013600001810C21418100218181704710B5024625
:101370000020108A4FF2FF0318400B884C8823434B
:101380008C882343CC8823431843108210BD00214E
:10139000018041808180C180704721B1828942F4FF
:1013A0000052828104E082894DF6FF731A408281E7
:1013B0007047F0B50346002400260025002040F6C3
:1013C0006A17B94200D100BF1846C1F3421401F0B8
:1013D0001F06012707FA06F5012C01D10C3004E0A5
:1013E000022C01D1103000E014301AB107682F43ED
:1013F000076002E00768AF430760F0BD1AB1838A57
:101400000B43838202E0838A8B4383827047028A84
:101410004FF6F0731A400282028A0A430282704732
:1014200082894FF2FF731A40828182890A43828146
:10143000704721B1828942F00202828104E08289F0
:101440004FF6FD731A4082817047028A4FF6DF73B0
:101450001A400282028A0A430282704721B1028A3C
:1014600042F48042028204E0028A4BF6FF731A4083
:1014700002827047C1F30802828070470146888863
:10148000C0F308007047818941F0010181817047F4
:10149000028BD2B20283028B42EA0122028370479E
:1014A000028B02F47F420283028B0A43028370475D
:1014B00021B1828A42F02002828204E0828A4FF6C1
:1014C000DF731A408282704721B1828A42F0100293
:1014D000828204E0828A4FF6EF731A40828270475C
:1014E00021B1828A42F00802828204E0828A4FF6A9
:1014F000F7731A408282704721B1828942F4004218
:10150000828103E08289C2F30E028281704721B199
:10151000828A42F40062828204E0828A4FF2FF7380
:101520001A4082827047828A4FF6FB731A40828289
:10153000828A0A438282704721B1828A42F0020283
:10154000828204E0828A4FF6FD731A4082827047DD
:1015500002460020B1F5007F00D100BF13880B4088
:101560000BB1012000E00020704701F40072B2F5D9
:10157000007F00D100BFCA430280704770B50246A9
:10158000002400230025002040F66A16B14200D155
:1015900000BFC1F3421501F01F03012606FA03F351
:1015A000012D02D19689334006E0022D02D1168A20
:1015B000334001E0968A33400C12012606FA04F407
:1015C0001688344013B10CB1012000E0002070BD3A
:1015D00010B50022002340F66A14A14200D100BFDA
:1015E0000A1201249440A3B2DC43048010BD000021
:1015F000003801400044004000480040004C0040DA
:1016000000500040002044490860091D0860091D81
:101610000860091D086041483F491431086070475F
:1016200000213D498279002A3AD00A4612680368AF
:101630009A430B461A600A1D126803689A430B1DF1
:101640001A60027911440A6803681A430A60324A30
:101650000832126803689A432F4B08331A601A1D28
:10166000126803689A432C4B0C331A604279102A93
:101670000ED11A1F126803681A43274B08331A60E9
:101680001A1D126803681A43234B0C331A600DE0CD
:101690002149427911440A6803681A430A6005E047
:1016A000027911440A6803689A430A60704700216E
:1016B000016001710C21417100218171704716494F
:1016C000103109680143144A103211607047014615
:1016D0000020114A143212680A400AB1012000E0C9
:1016E000002070470C491431086070470146002003
:1016F0000022094B1B6803EA0102074B14331B68E5
:101700000B4013B10AB1012000E0002070470249EC
:10171000143108607047000000040140FFFF0F0013
:101720004FF0E020006920F004004FF0E021086154
:101730000920364908700846007800EB4001C1EBEB
:10174000C0104FF6FF7101EAC000314908807047B0
:10175000002120F07F402D4A127842434FF0E023D1
:101760005A6100229A6101221A6100BF4FF0E02203
:10177000116901F001021AB101F48032002AF5D09A
:1017800000224FF0E0231A619A617047002100B9EE
:10179000704720F07F401E4A128842434FF0E023FA
:1017A0005A6100229A6101221A6100BF4FF0E022C3
:1017B000116901F001021AB101F48032002AF5D05A
:1017C00000224FF0E0231A619A6100BFE0E770B594
:1017D0000446002600254FF4FA7094FBF0F0C6B2E0
:1017E0004FF4FA7094FBF0F100FB114085B205E074
:1017F0004FF4FA70FFF7CAFF701EC6B2002EF7D181
:1018000015B12846FFF7C2FF70BD00002800002078
:101810002A00002010B586B0044601210420FFF7FD
:1018200061FA01218803FFF75DFA18208DF817008F
:101830004FF40070ADF8140003208DF8160005A9D0
:10184000B948FEF793FF04208DF817000002ADF8A9
:10185000140003208DF8160005A9B348FEF786FF93
:1018600001940020ADF810000C20ADF80E0000200F
:10187000ADF80C00ADF80A00ADF8080001A9AB48BE
:10188000FFF7FFFC0121A948FFF787FD012240F285
:101890002551A648FFF78DFD25208DF80000012079
:1018A0008DF8030000208DF8010002208DF8020061
:1018B0006846FEF792FE06B010BD10B586B004462D
:1018C00001210420FFF70EFA01214804FFF717FA5F
:1018D00018208DF817000420ADF8140003208DF8AF
:1018E000160005A99048FEF741FF04208DF8170067
:1018F0000820ADF8140003208DF8160005A98A48C9
:10190000FEF734FF01940020ADF810000C20ADF874
:101910000E000020ADF80C00ADF80A00ADF808008C
:1019200001A98348FFF7ADFC01218148FFF735FD90
:10193000012240F225517E48FFF73BFD26208DF81D
:10194000000001208DF8030000208DF801008DF8C3
:1019500002006846FEF741FE06B010BD10B586B025
:10196000044601210820FFF7BDF901218804FFF793
:10197000C6F918208DF817004FF48060ADF81400F8
:1019800003208DF8160005A96A48FEF7EFFE042033
:101990008DF817004002ADF8140005A96548FEF760
:1019A000E5FE01940020ADF810000C20ADF80E000B
:1019B0000020ADF80C00ADF80A00ADF8080001A950
:1019C0005D48FFF75EFC012240F225515A48FFF7BF
:1019D000F0FC01215848FFF7E0FC27208DF80000BB
:1019E00001208DF803008DF801008DF80200684693
:1019F000FEF7F3FD06B010BD5049087800214F4AAC
:101A0000117070472DE9F04107460C461546002637
:101A10000DE014F8011B3846FFF72CFD00BF4021F4
:101A20003846FFF795FD0028F9D0701C86B2AE420B
:101A3000EFDBBDE8F0810FB430B5CBB0054601ACAB
:101A400050A800904FF4947101A8009B4F9A04F0A5
:101A5000B7FE002000900BE014F8011B2846FFF7AA
:101A600009FD00BF40212846FFF772FD0028F9D08C
:101A700020780028F0D14BB030BC5DF814FB10B5D5
:101A800040F225512948FFF779FD18B12021274858
:101A9000FFF76BFD10BD10B540F225512648FFF74A
:101AA0006DFD00B910BD2448FFF7E8FCC4B224481E
:101AB0000078052831D2DFE800F00309172026005E
:101AC000AA2C02D101201E4908702AE0552C03D10E
:101AD00002201B49087006E0AA2C01D1012000E079
:101AE0000020174908701CE01CB903201449087035
:101AF00002E000201249087013E01248047004202C
:101B00000F4908700DE0FB2C03D10E4800780B49FB
:101B1000087000200A49087003E000200849087096
:101B200000BF00BF00BFBDE7000801400038014012
:101B300000440040000C0140004800402C00002000
:101B40002D0000202E00002010B5044684F0010274
:101B50004FF400510D48FEF7BAFE0D48047010BD59
:101B600008B501211020FFF7BDF810208DF8030003
:101B70004002ADF8000003208DF8020069460348DA
:101B8000FEF7F4FD0020FFF7DFFF08BD0010014065
:101B90002F0000201FB501210420FFF7A3F8012129
:101BA0000846FFF79FF848208DF80F000220ADF897
:101BB0000C0003208DF80E0003A91E48FEF7D6FD89
:101BC00001210020FEF7E8FE0220019000208DF8A0
:101BD00008000C208DF8090001208DF80A0001A8EA
:101BE000FFF71EFD07208DF8000002208DF8010090
:101BF0008DF8020001208DF803006846FEF7EDFC29
:101C00001FBD10B50A20FFF7C1FD02210948FEF7EC
:101C100040FE50B908480078012803D10020FFF7A2
:101C200093FF02E00120FFF78FFF0220FFF76FFD17
:101C300010BD0000000801402F00002010B56648CC
:101C4000006820F00F00644908600846006840F012
:101C500003000860002201215F48FEF738FE1420CF
:101C6000FFF794FD012211465B48FEF730FE1E206F
:101C7000FFF76EFD10BD10B500245748006820F036
:101C80000F00554908600846006840F008000860E9
:101C900004E0601CC4B20120FFF75AFD01214E4848
:101CA000FEF7F7FD08B1642CF3DB642C01DB0120A7
:101CB00010BD002404E0601CC4B20120FFF748FD01
:101CC00001214548FEF7E5FD08B9642CF3DB642CDF
:101CD00001DB0120ECE70020EAE710B5002404E076
:101CE000601CC4B20120FFF733FD01213A48FEF722
:101CF000D0FD08B1642CF3DB002404E0601CC4B206
:101D00000120FFF725FD01213348FEF7C2FD08B988
:101D1000642CF3DB2820FFF71BFD01212E48FEF782
:101D2000B8FD08B1012010BD0020FCE770B500240B
:101D3000002506E06006040EFFF7CFFF0443681C91
:101D4000C5B2082DF6DB204670BD7CB505460E46B3
:101D5000FFF774FFFFF78FFFF8B9002405E0FFF7E6
:101D6000E5FF0DF80400601CC4B2052CF7DB9DF8FC
:101D700000009DF8011008449DF8021008449DF8E9
:101D8000031008449DF80410884208D19DF8000013
:101D900030709DF80200287001E001207CBD002019
:101DA000FCE708B501210420FEF79CFF0120ADF8F7
:101DB000000010208DF8030003208DF80200694612
:101DC0000548FEF7D3FC01210348FEF77CFDFFF731
:101DD00035FFFFF750FF08BD0008014000B587B090
:101DE00001214FF40170FEF77DFF4FF40040FEF734
:101DF000DDFE1020ADF8180000208DF81B00032038
:101E00008DF81A0006A93048FEF7B0FC2F48FEF7FF
:101E1000CDFF002001908DF808008DF809004FF4E7
:101E2000602003900020049001208DF8140001A987
:101E30002648FEF7E2FF01212448FFF70AF823486D
:101E4000FFF729F800BF2148FFF72AF80028FAD148
:101E50001E48FFF72FF800BF1C48FFF730F8002896
:101E6000FAD107B000BD10B507230122042117489D
:101E7000FFF75BF801211548FFF72BF800BF02219F
:101E80001248FFF797F90028F9D01048FFF7B4F887
:101E900010BD70B5FFF7E7FF0446B4F5966F01DC9F
:101EA000642070BD40F6AC50844201DB0020F8E7AE
:101EB00040F6AC50001B6421484340F6FC01B0FBE7
:101EC000F1F5E8B2EDE70000000801400024014010
:101ED00010B50446224620210D48FEF7F8FC0D48B7
:101EE000047010BD08B501214020FEF7FBFE202044
:101EF000ADF8000010208DF8030003208DF80200DB
:101F000069460348FEF732FC0020FFF7E1FF08BDF9
:101F1000001801403000002010B5044684F0010292
:101F200040210E48FEF7D3FC0D48047010BD08B5E3
:101F300001214020FEF7D6FE4020ADF80000102021
:101F40008DF8030003208DF8020069460348FEF770
:101F50000DFC0020FFF7E0FF08BD00000018014065
:101F6000310000201FB5B0480278B0A1684604F0E7
:101F700041FC10236A460021302004F09FFAAD484E
:101F80000278ADA1684604F035FC10236A460221B0
:101F9000302004F093FAAA480278AAA1684604F017
:101FA00029FC10236A460421302004F087FAA74850
:101FB000007830B11023A6A20621182004F07EFA82
:101FC00005E01023A3A20621182004F077FAA24806
:101FD000007830B110239EA20621502004F06EFA42
:101FE00005E010239BA20621502004F067FA1FBDD4
:101FF00010B5FFF738FF99490880FFF74AFF90496D
:1020000008709748007870B9874800781E2803DB6D
:102010000120FFF75DFF06E0834800781C2802DC02
:102020000020FFF755FF80480078232803DA844812
:102030000078192803DC0120FFF76EFF0AE07A48D8
:102040000078202806DC7E480078232802DB002068
:10205000FFF762FF10BD10B5FFF7CEFC0446E01E8F
:1020600008281FD2DFE800F01A040A11151E1E16F8
:1020700001207B490870FFF72BFF14E0012078490D
:1020800008700020FFF724FF0DE00120FFF75CFD42
:1020900009E000BF0020FFF757FD04E00020704971
:1020A000087000E000BF00BF10BD10B504F02CF9AF
:1020B00010236CA20021084604F000FA10236BA242
:1020C0000221002004F0FAF910236AA20421002062
:1020D00004F0F4F9102369A20621002004F0EEF9BF
:1020E000102367A20621382004F0E8F910BD10B5CE
:1020F0004FF4A060FEF76CFAFFF712FB4FF4E130EB
:10210000FFF788FB4FF4E130FFF7D7FB4FF4E130E6
:10211000FFF724FCFFF73EFDFFF722FDFFF7E2FE8D
:10212000FFF705FFFFF75AFE04F058FA09E0102305
:1021300054A20021084604F0C1F94FF47A70FFF769
:1021400046FBFFF72EFE0028F1D13A493648FFF74B
:10215000FCFDFFF74DFF04F0D7F810234CA200213F
:10216000084604F0ABF94FF47A70FFF730FB10BD6E
:1021700000250024FFF7BBFF02F0AEF904F0C4F81D
:10218000102348A20021084604F098F903E04FF418
:10219000FA70FFF7FBFA47A148A002F03EF90028C9
:1021A000F5D1102351A2042104F088F94FF4FA70FC
:1021B000FFF7ECFA04F0A8F810234EA2002108461D
:1021C00004F07CF907E03BA13CA002F026F94FF4B3
:1021D000FA70FFF7DBFA00F00CFA0028F3D100F0F8
:1021E000F8FCFFF762FF1EE0FFF735FF681C80B2C6
:1021F000054664280ADB0F490B48FFF7A6FDFFF7E9
:10220000F7FE00F081FC002502F0E8F8002002F063
:1022100041F9044614B1204600F006FDFFF7A2FE86
:102220000A20FFF7D4FADFE73200002025326443AA
:102230002000000033000020253264252520000006
:1022400036000020253364252520000030000020C2
:102250004F4E20004F464600310000203400002041
:102260003700002054656D703A00000048756D69B4
:102270003A000000536F696C3A000000463A0000D3
:10228000423A00004448543131204572726F720066
:10229000486172647761726520696E6974204F4B82
:1022A00000000000436F6E6E656374204D515454FE
:1022B0002E2E2E00434F4E4E4543540041542B4387
:1022C000495053544152543D22544350222C226DC4
:1022D000717474732E6865636C6F7564732E636FAD
:1022E0006D222C313838330D0A0000004D51545402
:1022F000204F4B00446576696365206C6F67696E9B
:10230000202E2E2E00000000F0B58BB005460026D2
:102310000024284604F0C0FDC7B20DB11C2F02DA1C
:1023200001200BB0F0BD06E0A85D01A98855002092
:10233000A855701CC6B2BE42F6DB002001A9885524
:102340000026002455E001A8805D2B2810D008DC71
:10235000202814D023282ED0252825D026283FD168
:1023600030E02F2812D03D2833D03F2838D114E058
:102370002819FCA104F0FAFDE01CC4B236E02819CB
:10238000F9A104F0F3FDE01CC4B22FE02819F7A175
:1023900004F0ECFDE01CC4B228E02819F4A104F01C
:1023A000E5FDE01CC4B221E02819F2A104F0DEFD35
:1023B000E01CC4B21AE02819EFA104F0D7FDE01C1C
:1023C000C4B213E02819EDA104F0D0FDE01CC4B2A2
:1023D0000CE02819EAA104F0C9FDE01CC4B205E034
:1023E00001A8805D2855601CC4B200BF00BF701CEE
:1023F000C6B2BE42A7DB0020285500BF91E72DE9F9
:10240000F04FC9B005460C4616461F460DF5A47898
:1024100098E8000F0020489055B14CB1D948864249
:1024200006D32FB1B9F1000F02D0BAF1780F03DA59
:10243000012049B0BDE8F08F402118A804F03BFE10
:10244000384604F029FD05903B4648AA40210090FB
:1024500018A801F007F8482106A804F02CFEBBF1EB
:10246000000F09D0C8A03346C9A248218DE8310029
:1024700006A804F0D5F909E0C3A03346CAA2482152
:102480008DE81101039506A804F0CAF9402128A897
:1024900004F011FE06A804F0FFFC059018A804F053
:1024A000FBFC049028A8009006AA18A8DDE90413F4
:1024B00000F092FE00204890402138A804F0FBFD77
:1024C00028A804F0E9FC059028AB48AA4021009018
:1024D00038A800F027FF38A8FFF716FFBBF1000F60
:1024E0000CD038A8A8A12B46B7A2CDE90046CDE96B
:1024F00002105146484604F093F90CE038A8A2A116
:102500002B46BF4ACDE901860094CDE90310514620
:10251000484604F085F900208BE72DE9F041ACB086
:1025200001270D250026002405F1F00004F0E4F851
:1025300006461EB938462CB0BDE8F08103E04FF4E2
:10254000FA70FFF723F9AFA1B0A001F066FF0028F1
:10255000F5D10120902108AA0023CDE90032CDE970
:102560000210B4A3BF4AC0A1C2A0FFF748FFC4A194
:102570000D20CDE9000105F1F00108ABC14A30465C
:1025800004F04EF9304604F087FC1FFA80F841460B
:10259000304601F068FFFA2001F07CFF044624B1C8
:1025A000B9A1204604F042FC0446CCB100200390BF
:1025B000B84803A904ABB84ACDE90010B749204692
:1025C00004F0E4FA04280AD1B248039904ABB24AF1
:1025D000CDE90010B2A1BA48FFF72DFA002700BFDD
:1025E000304604F0B8F8B7A1B7A001F016FF38469E
:1025F000A1E730B5B3B000202F90309031903290E9
:102600000125A02107AA9EA3CDE90032CDE9021041
:1026100088A3944A94A1B0A0FFF7F1FE07A892A363
:1026200097A2B0A10090A648FFF705FA2FA80021B5
:1026300002910391CDE90410084601210B0290A2FA
:10264000CDE9001007A988A001F06DF8002842D15B
:10265000309A91B22F9801F006FFFA2001F01AFF8C
:102660000446002C33D0204601F028F802282ED151
:10267000204601F0BDF9062823D2DFE800F0030967
:102680000E13181DA3A18E48FFF7D5F900251DE0F4
:10269000A5A18B48FFF7CFF918E0AAA18848FFF75A
:1026A000CAF913E0B0A18648FFF7C5F90EE0B6A15C
:1026B0008348FFF7C0F909E0BCA18148FFF7BBF9E7
:1026C00004E0C5A17E48FFF7B6F900BF00BF2FA800
:1026D00000F0ACFF03E0C7A17948FFF7ACF928464A
:1026E00033B030BD10B58CB004463021684604F0DC
:1026F000E2FCC9A1204604F0ABFB3021684604F09F
:10270000DAFCCB480278CBA1684604F073F869463E
:10271000204604F02BFC3021684604F0CCFCCB486A
:102720000278CBA1684604F065F86946204604F0BB
:102730001DFC3021684604F0BEFCCB480278CBA1DA
:10274000684604F057F86946204604F00FFC302133
:10275000684604F0B0FCCB48007808B1CAA098E104
:1027600096E1000025324200253230002532460035
:102770002533460025323500253233002532360018
:10278000253344009554415D7368613100000000B9
:1027900025640A25730A70726F64756374732F253C
:1027A000730A25730000000025640A25730A7072FD
:1027B0006F64756374732F25732F64657669636521
:1027C000732F25730A25730076657273696F6E3DEA
:1027D0002573267265733D70726F6475637473251B
:1027E00025324625732665743D2564266D6574681B
:1027F0006F643D2573267369676E3D257300000085
:1028000098AD0008434F4E4E4543540041542B436E
:10281000495053544152543D22544350222C2231AA
:1028200038332E3233302E34302E3333222C38309E
:102830000D0A00006F38467A6C78645838554F3767
:10284000556676524B64754A647A744C54616C6672
:102850003059766E3235764832616670412F6B3D65
:102860000000000000CF9D74794E385A4153466FE6
:1028700039640000323032352D30352D30310000D2
:1028800064310000E0AD00086465766963655F69E6
:1028900064000000DC020020CC0200204CAD0008E7
:1028A000637265617465206465766963653A2025A5
:1028B000732C2025732C2025642C2025730D0A00F1
:1028C000003801404F4B000041542B434950434CCA
:1028D0004F53450D0A000000323031382D31302D74
:1028E000333100004F6E654E45545F4465764C6948
:1028F0006E6B0D0A4E414D453A2025732C095052FE
:102900004F49443A2025732C094B45593A25730DFC
:102910000A000000546970733A09C1ACBDD3B3C951
:10292000B9A60D0A000000005741524E3A09C1AC49
:10293000BDD3CAA7B0DCA3BAD0ADD2E9B4EDCEF313
:102940000D0A00005741524E3A09C1ACBDD3CAA787
:10295000B0DCA3BAB7C7B7A8B5C4636C69656E74B9
:1029600069640D0A000000005741524E3A09C1AC9B
:10297000BDD3CAA7B0DCA3BAB7FECEF1C6F7CAA7CB
:10298000B0DC0D0A000000005741524E3A09C1ACBC
:10299000BDD3CAA7B0DCA3BAD3C3BBA7C3FBBBF2EA
:1029A000C3DCC2EBB4EDCEF30D0A00005741524E2A
:1029B0003A09C1ACBDD3CAA7B0DCA3BAB7C7B7A8A0
:1029C000C1B4BDD328B1C8C8E7746F6B656EB7C713
:1029D000B7A8290D0A0000004552523A09C1ACBD02
:1029E000D3CAA7B0DCA3BACEB4D6AAB4EDCEF30D49
:1029F0000A0000005741524E3A094D5154545F505D
:102A000061636B6574436F6E6E65637420466169C4
:102A10006C65640D0A0000007B226964223A223151
:102A20003233222C22706172616D73223A7B000076
:102A3000320000202274656D70223A7B2276616C30
:102A40007565223A25647D2C0000000033000020CB
:102A50002268756D69223A7B2276616C7565223A2F
:102A600025647D2C000000003600002022736F6971
:102A70006C223A7B2276616C7565223A25647D2C46
:102A8000000000002F000020747275650000000037
:102A9000A5A00246A6A1684603F0ACFE6946204602
:102AA00004F064FA3021684604F005FBA54800787C
:102AB00010B1AFF22C0000E09BA00246A2A1684634
:102AC00003F098FE6946204604F050FA302168462B
:102AD00004F0F1FAA148007810B1AFF2540000E020
:102AE00091A002469EA1684603F084FE69462046F6
:102AF00004F03CFAA0A1204604F038FA204604F085
:102B0000CBF9C0B20CB010BD30B5C5B000204190BB
:102B1000429043904490002400254FF4807101A816
:102B200004F0C9FA01A8FFF7DDFD0446002C23D00C
:102B300041A800232246AFF2B8210090AFF2D8207E
:102B400001F047F8A0B908E001A8415D429A501C85
:102B5000429041988154681C05B2A542F4DB429A28
:102B600091B2419801F07FFC41A800F05FFD03E0C5
:102B700082A18A48FEF75FFF45B030BD70B588B0CE
:102B800005460C46002004900590069007902346C9
:102B90002A4683A18148FEF74EFF204604F07CF9C7
:102BA000064604A80121002200923346CDE9012106
:102BB0000390224629460A2000F029FF38B9059AD9
:102BC00091B2049801F04FFC04A800F02FFD08B06A
:102BD00070BD00B595B00020119012901390149024
:102BE00003A80290AFF26830AFF2843374A23821A8
:102BF000009003A803F014FE03AA79A16748FEF72A
:102C00001AFF11A8012302AA00210090142001F04C
:102C1000EAF838B9129A91B2119801F024FC11A87F
:102C200000F004FD15B000BD2DE9F04F89B0074656
:102C3000002008900790069005900490002500263B
:102C400080468146384600F039FD0546032D04D004
:102C5000042D3BD0092D50D141E0674804A905AAB5
:102C600008ABCDE90021029006AA07A9384601F079
:102C7000F2F90646002E28D18246BDF814000899C4
:102C8000CDE90010BDF818305CA14448079AFEF762
:102C9000D2FE089802F06AFB834667A1584602F00C
:102CA0006BFF039066A1039802F066FF044644B1EF
:102CB000E068012802D1FEF747FF02E00020FEF79E
:102CC00043FF584601F050FD00BF00BF384601F0F9
:102CD000C2FA18B95BA13148FEF7ADFE10E03846E4
:102CE00001F000F920B95FA12C48FEF7A4FE03E033
:102CF00063A12A48FEF79FFE02E04FF0FF3600BFB7
:102D000000BF01F06BFB701C10B909B0BDE8F08F7B
:102D10000F2D01D0032D05D1079803F01CFD089855
:102D200003F019FD00BFF0E766616C7365000000F9
:102D3000226C6564223A7B2276616C7565223A25A5
:102D4000737D2C00300000202266616E223A7B22C7
:102D500076616C7565223A25737D2C003100002068
:102D60002262757A7A6572223A7B2276616C756589
:102D7000223A25737D0000007D7D00005741524EB0
:102D80003A094544505F4E65774275666665722024
:102D90004661696C65640D0A00000000003801405E
:102DA0005075626C69736820546F7069633A2025AE
:102DB000732C204D73673A2025730D0A0000000024
:102DC000247379732F25732F25732F7468696E67A9
:102DD0002F70726F70657274792F736574000000C4
:102DE00053756273637269626520546F7069633AE8
:102DF0002025730D0A00000038000020746F7069F0
:102E0000633A2025732C20746F7069635F6C656E64
:102E10003A2025642C207061796C6F61643A20251A
:102E2000732C207061796C6F61645F6C656E3A2001
:102E300025640D0A00000000706172616D7300006E
:102E40006C656400546970733A094D5154542050B4
:102E500075626C6973682053656E64204F4B0D0A70
:102E600000000000546970733A094D5154542053C6
:102E70007562736372696265204F4B0D0A00000032
:102E8000546970733A094D515454205375627363F9
:102E900072696265204572720D0A0000F0B5044641
:102EA000142C06DA01EA020523EA010685EA060087
:102EB00019E0282C04DA81EA020787EA030012E00D
:102EC0003C2C0ADA01EA020501EA030787EA050653
:102ED00002EA030787EA060005E0502C03DA81EADC
:102EE000020787EA0300F0BD0146142901DAF7481A
:102EF0000AE0282901DAF64806E03C2901DAF5481B
:102F000002E0502900DAF4487047F0B5024601208B
:102F10009040441EE54301EA050020FA02F601EA6A
:102F20000400C2F1200C00FA0CF746EA0703184629
:102F3000F0BDF0B50246C2F1200C012000FA0CF001
:102F4000441EE54301EA040000FA02F601EA050026
:102F5000C2F1200C20FA0CF746EA07031846F0BD30
:102F60002DE9F04FDDB007468A4615460AF10809FB
:102F700009F101094FEACA005B9048464FEAE9713E
:102F800009EB91618E1148464FEAE97109EB9161B5
:102F90008911A9EB81115C915C98002800DD761CF9
:102FA0005C98C0F140008144D04604E0002007F85E
:102FB000080008F10108B8EB861FF7DB802007F84E
:102FC0000A000121C1EB86115B9878545B98C0F32D
:102FD00007200221C1EB861178545B98C0F30740AB
:102FE0000321C1EB861178545B98000E0421C1EBDC
:102FF00086117854B9485690B9485790B748C0439D
:103000005890B748C0435990B6485A904FF00008BE
:10301000A5E0002452E0102C32D24FEA881000EBD9
:103020008400385C000601A941F824004FEA8810AA
:1030300000EB8400401C385C51F824104FF48032BF
:1030400002FB001001A941F824004FEA881000EBB0
:103050008400801C385C51F82410121202FB00100E
:1030600001A941F824004FEA881000EB8400C01C3D
:10307000385C51F82410084401A941F824001CE0F0
:10308000502C1AD2E01E01AA52F82000A4F1080226
:1030900001AB53F822205040A4F10E0253F8222035
:1030A0005040A4F1100253F8222080EA02010120CE
:1030B000FFF73FFF01A941F82400641C502CAAD35C
:1030C00056985590579854905898539059985290B4
:1030D0005A98519000242AE005205599FFF729FFBE
:1030E00083462046529B539A5499FFF7D7FE584483
:1030F000009051990098084400902046FFF7F4FE94
:1031000000990844009001A850F824100098084441
:10311000009052985190539852901E205499FFF766
:1031200008FF53905598549000985590641C502C6B
:10313000D2D35699559808445690579954980844B4
:103140005790589953980844589059995298084460
:1031500059905A99519808445A9008F10108B0457D
:10316000FFF657AF5698E8705698000AA870569820
:10317000000C68705698000E28705798E8715798A0
:10318000000AA8715798000C68715798000E2871B2
:103190005898E8725898000AA8725898000C6872FB
:1031A0005898000E28725998E8735998000AA87325
:1031B0005998000C68735998000E28735A98E8744F
:1031C0005A98000AA8745A98000C68745A98000E0D
:1031D00028745DB0BDE8F08F2DE9F04FADF5B36D0B
:1031E00007460E4692469846DDF8BC9540254FF0BE
:1031F000360B5C20CDF89405002404E000200DF28D
:1032000054510855641C402CF8DBAE421DD0AE4230
:103210000FDD4A4631463846FFF7A2FE002405E09E
:1032200019F804000DF254510855641C142CF7DBF6
:1032300014E0AE4212DA002404E0385D0DF254517D
:103240000855641CB442F8DB08E0002404E0385D53
:103250000DF254510855641CAC42F8DB002408E020
:103260000DF25450005D80EA0B000DF21451085528
:10327000641C402CF4DB002405E00DF21450005DCA
:1032800015A90855641C402CF7DB002406E01AF849
:10329000041015AA04F140001154641C4445F6DBE7
:1032A00008EB05014A4615A8FFF75AFE002409E07D
:1032B0000DF25450005DDDF8941548400DF2D441F4
:1032C0000855641C402CF3DB002413E09979825AE2
:1032D000A1EBD96EDCBC1B8FD6C162CA0123456746
:1032E00089ABCDEFF0E1D2C30DF2D440005D0DF813
:1032F0000400641C402CF7DB002406E019F80410DD
:1033000004F140000DF80010641C142CF6DB4A4652
:1033100005F114016846FFF723FE0DF5B36DBDE816
:10332000F08F00002DE9F04F07468946099C0025E3
:103330000026AC46A846AA4600211CB90020106011
:10334000BDE8F08F0320B4FBF0F04FF0030BB4FBAB
:10335000FBFE0BFB1E4BBBF1000F02D04FF0010B2D
:1033600001E04FF0000B00EB0B06B6F1804F05D3E8
:103370004FF0FF3010606FF02900E1E7B600701CDD
:10338000814500D327B9701C10606FF02900D7E782
:103390000320B4FBF0F000EB40060025394629E09D
:1033A00013F801CB13F8018B13F801AB87484FEAF0
:1033B0009C0B10F80B0001F8010B4FEA0C1000EB0E
:1033C000281000F03F00DFF804B21BF8000001F8FD
:1033D000010B4FEA880000EBAA1000F03F001BF839
:1033E000000001F8010B0AF03F001BF8000001F893
:1033F000010BED1CB542D3D3A5422DD213F801CB5E
:10340000681CA04202D213F8010B00E000208046A5
:103410006E48CCF3850B10F80B0001F8010B4FEA56
:103420000C1000EB281000F03F00DFF8A0B11BF8F3
:10343000000001F8010B681CA04207D23F2000EAFF
:1034400088001BF8000001F8010B02E03D2001F8A4
:10345000010B3D2001F8010BC81B10600020087013
:1034600000BF6DE72DE9F047074689469046DDF835
:1034700020C0002100220024002600250020044650
:103480000246014645E0002601E0491C761C6145E4
:1034900002D2585C2028F8D0614500D13BE0ACEB6B
:1034A0000100022807D3585C0D2804D1481C185C81
:1034B0000A2800D12CE0585C0A2800D128E01EB16F
:1034C0006FF02B00BDE8F087585C3D2806D1601CEA
:1034D0000446022802D96FF02B00F3E7585C7F28DE
:1034E00006DC585CDFF8E8A01AF800007F2802D15B
:1034F0006FF02B00E6E7585CDFF8D4A01AF8000064
:10350000402803DA14B16FF02B00DBE7521C00BF38
:10351000491C6145B7D300BF1AB90020C8F80000A4
:10352000D0E7D00800EB40004FEA400A02F0070065
:1035300000EB40004000C01D0AEBD002121B0FB18F
:10354000914504D2C8F800206FF02900BAE703249F
:103550000020064602463D4631E018780D2805D089
:1035600018780A2802D01878202800D125E0187889
:10357000DFF85CA01AF80000402801D1012000E02B
:103580000020241A1878DFF848A01AF8000066F323
:103590009F100646501C024604280DD1002214B18B
:1035A000300C05F8010B012C02D9300A05F8010B8B
:1035B000022C01D905F8016B00BF491E5B1C0029D4
:1035C000CBD1E81BC8F8000000207BE702A300086D
:1035D00042A3000870B504460E460025206898B93D
:1035E00001202073304603F087F820602068E0B1A6
:1035F00000206060A66003E00020216848556D1C33
:10360000A068A842F8D810E00220207303E0002050
:10361000216848556D1CA068A842F8D80020606059
:10362000A068B04201D20020206070BD10B50446F1
:10363000207B012802D1206803F08DF80020206053
:103640006060A060207310BD0246002301230DE0DE
:1036500002F07F000870D2092AB1087840F080009B
:103660000870491C01E0184670475B1C042BEFDD15
:103670004FF0FF30F8E7F0B504460D46264601232B
:1036800000201060002114E0775C07F07F071068CD
:1036900007FB03001060705C00F0800008B9481C54
:1036A000F0BDDB01B3F5001F02D36FF00100F7E7B7
:1036B000491CA942E8DB4FF0FF30F1E7F8B50446BA
:1036C000FF2720780511012D01DB0E2D01DD384685
:1036D000F8BD032D24D1002000906A460421601C0F
:1036E000FFF7C9FF2044461C0098022803D3207826
:1036F00000F0010008B1FF20EAE77078317840EA75
:103700000120801C0099884201D9FF20E0E7F8A140
:10371000B01C03F08BFB08B10F2700E0032700E08B
:103720002F463846D4E72DE9FF4F83B082468B46BB
:103730009146159C0025002002900F2701904846D5
:1037400003F0AAFB0FFA80F8B9F1000F03D10120B2
:1037500007B0BDE8F08F08F10200384487B2109836
:1037600008B145F00205129878B145F004051298A9
:1037700003F092FBC0B20290139803F08DFB014658
:103780000298001D0844384487B2119820B10128DE
:1037900004D0022808D104E000BF07E045F00C0582
:1037A00004E045F0140501E00220D1E700BF1498C1
:1037B00008B145F02405BAF1000F02D0BBF1000FAB
:1037C00001D10320C4E745F0C005504603F064FB77
:1037D0000646584603F060FB3044001D384487B26B
:1037E00039462046FFF7F6FE206808B90420AFE707
:1037F0003946206803F03DFC10216268501C60606F
:1038000020688154D4E90023D118781FFFF71CFFEA
:1038100000B201900198002804DA2046FFF706FF65
:10382000052095E76168019808446060002162689E
:10383000501C60602068815404216268501C6060E4
:10384000206881544D216268501C6060206881545A
:1038500051216268501C6060206881545421626864
:10386000501C6060206881546268501C6060206851
:10387000815404216268501C606020688154616832
:10388000481C6060206845540698010A6268501C14
:103890006060206881540698C1B26268501C606004
:1038A00020688154C8F307216268501C606020685A
:1038B00081546268501C6060206800F80280D4E97E
:1038C000001288184246494603F09EFA6068404458
:1038D000606005F00400B8B30026139808B986A00C
:1038E0001390129803F0D8FA86B2310A6268501C1D
:1038F0006060206881546268501C60602068865453
:10390000D4E9001288183246129903F07DFA6068F3
:1039100030446060139803F0BFFA86B2310A6268DF
:10392000501C6060206881546268501C6060206890
:103930008654D4E9001288183246139903F064FAC9
:1039400060683044606000BF05F08000C8B1504638
:1039500003F0A2FA86B2310A6268501C60602068E7
:1039600081546268501C606020688654D4E900125B
:1039700088183246514603F047FA60683044606068
:1039800000BF05F04000C8B1584603F085FA86B282
:10399000310A6268501C6060206881546268501C63
:1039A000606020688654D4E900128818324659466F
:1039B00003F02AFA60683044606000BF0020C7E668
:1039C00010B5044602212046FFF704FE206808B91E
:1039D000012010BDE0216268501C606020688154A5
:1039E00000216268501C6060206881540020F0E76C
:1039F00001464878022801D001207047887810B12C
:103A00008878012801D1C878F7E7FF20F5E72DE98C
:103A1000FF4F83B0834617469946139C0025002626
:103A20000020029001908046BBF1000F03D10120DD
:103A300007B0BDE8F08F00260AE00498805D2328D7
:103A400003D00498805D2B2801D10220F0E7761C7A
:103A50000498805D0028F0D148F03008119808B132
:103A600048F0010806EB0900851C109820B10128D8
:103A700004D002280AD105E000BF09E048F002089E
:103A8000AD1C05E048F00408AD1C01E00320CFE7C1
:103A900000BF67B33878022821D14FF0000A00BF79
:103AA00050460AF1010A385C7D28F9D1AAF1030ACF
:103AB0000AF1070002900298A9EB000AE81CA0EBAB
:103AC0000A012046FFF786FD206808B90420AFE709
:103AD000EA1CA2EB0A01206803F0CBFA1FE0691D83
:103AE0002046FFF777FD206840B90420A0E70AE0F0
:103AF000246372657100000000000000691D2068E9
:103B000003F0B7FA0BE0691D2046FFF763FD20685C
:103B100008B904208CE7691D206803F0AAFA6168DF
:103B2000481C6060206800F80180D4E90002811818
:103B30002846FFF789FD01900198002804DA204605
:103B4000FFF774FD052073E7616801980844606021
:103B5000C6F307216268501C606020688154626867
:103B6000501C606020688654D4E9001288183246E0
:103B7000049903F049F9606830446060109860B1BE
:103B80004FEA1B216268501C6060206881546268A3
:103B9000501C6060206800F802B0C7B13878022875
:103BA0000BD1D4E9001288183946029A03F0EAF9D9
:103BB000616802980844606009E0D4E9001288183E
:103BC0004A46394603F0DEF96068484460600020E8
:103BD0002EE72DE9F04190B004460D461646984672
:103BE000169F2346F7A2302104A8009502F018FE84
:103BF00001200021CDE9000133460A4604A9CDE9A0
:103C000002070A20FFF703FF18B1012010B0BDE83A
:103C1000F0810020FAE72DE9F04F85B080460D468F
:103C20009146012004900027002600244FF0000A4E
:103C3000404603F031F900F10D0B584602F05CFDEF
:103C400007461FB9049805B0BDE8F08F4246E5A1CC
:103C5000384602F0CFFD384603F01EF9C6B2F01D1B
:103C600000EB050AAAEB050002F046FD044624B964
:103C7000384602F070FD0498E5E70220207000202D
:103C80006070A67032463946E01C03F07BF9290EBD
:103C9000F01C2154C5F30741301D2154C5F3072101
:103CA000701D2154B01D255401200021CDE90001D3
:103CB00053462246CFA1CDE902090A20FFF7A7FE0D
:103CC00008B900200490384602F045FD204602F075
:103CD00042FD0498B7E72DE9F84380460C461546A7
:103CE0001E462F2108F1060003F084F80746002045
:103CF000009017B90120BDE8F8837F1C6A460421B3
:103D000008F10100FFF7B7FC252002F0F5FC206068
:103D1000206808B90220EEE72521206803F0A9F900
:103D200024223946206803F02DF9243700982C38D6
:103D300030803188481C02F0DFFC2860286820B9F8
:103D4000206802F008FD0320D5E73288511C28685E
:103D500003F08FF932883946286803F013F9002000
:103D6000C9E72DE9FF5F07460D469046384603F048
:103D700093F886B2284603F08FF81FFA80FA4FF0C6
:103D80000009F01D02F0B8FC04461CB9012004B083
:103D9000BDE8F09FF11D204603F06BF996A0016885
:103DA00021608088A08032463946204603F02CF8F6
:103DB000284603F071F883460120002100915B46FC
:103DC0002A46CDE90208019121460A20FFF71FFE8D
:103DD00010B94FF0000901E04FF00109204602F050
:103DE000BAFC4846D3E72DE9FF5F8046174699465F
:103DF0000E9C0026B246B3460025B8F1000F03D151
:103E0000012004B0BDE8F09F0BE057F8250008B989
:103E10000220F6E757F8250003F03EF80644681C38
:103E2000C5B24D45F1DB09EB4900801C00EB060AE9
:103E30000AF105012046FFF7CDFB206808B90320F1
:103E4000DFE782216268501C606020688154D4E9F9
:103E5000000281185046FFF7F7FB0FFA80FBBBF119
:103E6000000F04DA2046FFF7E1FB0420C9E7606891
:103E7000584460604FEA18216268501C60602068F6
:103E800081546268501C6060206800F80280002540
:103E900024E057F8250002F0FFFF0646C6F307218D
:103EA0006268501C6060206881546268501C6060C9
:103EB00020688654D4E90023D01857F825103246DC
:103EC00002F0A2FF6068304460600198C1B262688D
:103ED000501C606020688154681CC5B24D45D8DB19
:103EE00000208EE70146FF208A78A2B9CA78142AFA
:103EF00011D10A7932B1012A05D0022A04D0802AD0
:103F000006D103E000BF00BF002003E0012001E074
:103F1000022000BF00BF70472DE9F05F80460F46CA
:103F200091461C460026B246B3460025B8F1000F64
:103F300002D10120BDE8F09F0BE057F8250008B939
:103F40000220F7E757F8250002F0A6FF0644681C98
:103F5000C5B24D45F1DB022000EB490000EB060A3B
:103F60000AF105012046FFF735FB206808B9032058
:103F7000E0E7A2216268501C606020688154D4E9A7
:103F8000000281185046FFF75FFB0FFA80FBBBF180
:103F9000000F04DA2046FFF749FB0420CAE76068F7
:103FA000584460604FEA18216268501C60602068C5
:103FB00081546268501C6060206800F8028000250F
:103FC0003CE00000247379732F25732F25732F7421
:103FD00068696E672F70726F70657274792F706F79
:103FE000737400007B2264735F6964223A22257334
:103FF000227D00002464700024637273702F00001F
:1040000057F8250002F048FF0646C6F3072162680C
:10401000501C6060206881546268501C6060206899
:104020008654D4E90023D01857F82510324602F000
:10403000EBFE606830446060681CC5B24D45DFDB54
:10404000002077E7014601208A781AB9CA781E2A2B
:1040500000D1002070472DE9FC5F81460D461446D3
:104060001E46DDE90C8B99F8000000F00F0A0020D5
:1040700001900AF008000090CAF341008BF800009C
:1040800001AA042109F10100FFF7F5FA4844471C91
:104090000198022802D30AF0010010B1FF20BDE808
:1040A000FC9F7878397840EA012020802088801CA5
:1040B0000199884201D9FF20F1E7AFF2CC51B81C39
:1040C00002F0B4FE08B10F20E9E79BF8000020B130
:1040D00001283DD0022877D13BE0009808B1FF20AD
:1040E000DDE72188481C02F007FB2860286808B932
:1040F000FF20D4E72288511C286802F0BAFF2288EA
:10410000B91C286802F03EFF0198801E2188401AE1
:10411000A8F80000B8F80010481C02F0EDFA306072
:10412000306820B9286802F016FBFF20B7E7B8F81E
:104130000020511C306802F09CFFB8F80020B4F851
:1041400000C0BB1C0CEB0301306802F01BFF4FE00A
:1041500000BF2088801C0199884201D9FF209EE77A
:104160002088C01C395C2088801C385C41EA002112
:104170000E9801800E9808B9FF2090E72188481C0E
:1041800002F0BAFA2860286808B9FF2087E7228879
:10419000511C286802F06DFF2288B91C286802F0C3
:1041A000F1FE0198001F2188401AA8F80000B8F815
:1041B0000010481C02F0A0FA3060306828B9286866
:1041C00002F0C9FAFF206AE710E0B8F80020511C9D
:1041D000306802F04EFFB8F80020B4F800C03B1D74
:1041E0000CEB0301306802F0CDFE01E0FF2056E742
:1041F00000BF2B21284602F0FDFD20B923212846CF
:1042000002F0F8FD08B1FF2049E7002047E770B54C
:1042100005460C4604212046FFF7DCF9206808B962
:10422000012070BD40216268501C6060206881548C
:1042300002216268501C6060206881542912626803
:10424000501C6060206881546268501C6060206867
:1042500085540020E5E701464878022801D0012076
:104260007047887820B9C8780A2801D10020F7E77C
:104270000120F5E770B505460C4604212046FFF7FE
:10428000A9F9206808B9012070BD50216268501C4E
:1042900060602068815402216268501C6060206860
:1042A000815429126268501C6060206881546268E1
:1042B000501C6060206885540020E5E7014648787E
:1042C000022801D001207047887820B9C8780A28D0
:1042D00001D10020F7E70120F5E770B505460C464F
:1042E00004212046FFF776F9206808B9012070BD47
:1042F00062216268501C60602068815402216268FB
:10430000501C60602068815429126268501C6060F3
:10431000206881546268501C6060206885540020C9
:10432000E5E702465078022801D0012070479078D6
:10433000B0EB112F05D1D078CBB2984201D100203B
:10434000F4E70120F2E770B505460C46042120464B
:10435000FFF740F9206808B9012070BD702162683C
:10436000501C60602068815402216268501C6060AB
:104370002068815429126268501C60602068815452
:104380006268501C6060206885540020E5E70146A3
:104390004878022801D001207047887820B9C87871
:1043A0000A2801D10020F7E70120F5E710B50446FF
:1043B00002212046FFF70EF9206808B9012010BD40
:1043C000C0216268501C60602068815400216268CE
:1043D000501C6060206881540020F0E710B54FF455
:1043E0000071794802F045FE00207849088010BD30
:1043F0007648008808B901207047744800887449DD
:104400000988884203D1002070490880F4E76F488A
:1044100000886F4908800120EEE72DE9F04104464D
:104420000D46C826204602F037FD87B23A4621469F
:104430006848FDF7E7FA0FE0FFF7DAFF48B92946C9
:10444000614802F0F3FC20B1FFF7C8FF0020BDE88F
:10445000F0810A20FDF79AF9301EA6F10101CEB2D3
:10446000EAD10120F3E730B589B004460D46FFF7E5
:10447000B5FF2A4658A101A802F0BCF95AA101A82B
:10448000FFF7CBFF20B92A4621465248FDF7BAFA7A
:1044900009B030BD70B50546002400BFFFF7A8FF86
:1044A00080B952A1484802F0C1FC044654B13A21F7
:1044B000204602F09FFC044614B1641C204670BDE7
:1044C0000020FCE70520FDF761F9281EA5F1010198
:1044D0008DB2E3D100BFF2E710B5FFF77FFF01F027
:1044E00013FF082343A20021084601F0E7FF03E081
:1044F0004FF4FA70FDF74AF940A141A0FFF78DFF94
:104500000028F5D1082340A2022101F0D7FF03E0E3
:104510004FF4FA70FDF73AF938A13EA0FFF77DFF9E
:104520000028F5D108233FA2042101F0C7FF03E0D2
:104530004FF4FA70FDF72AF930A13EA0FFF76DFFA6
:104540000028F5D108233FA2062101F0B7FF03E0C0
:104550004FF4FA70FDF71AF93DA13FA0FFF75DFF98
:104560000028F5D144A14A48FDF765FA01F0CCFED8
:10457000102348A20021084601F0A0FF4FF4FA7072
:10458000FDF704F910BD10B540F225511148FCF7B4
:10459000F5FFB8B10D480088B0F5007F02D30020C8
:1045A0000A4908800B48001D0088C1B207480288EC
:1045B0000088401C054B1880034881542021054881
:1045C000FCF7D3FF10BD00000C0300203A000020D0
:1045D0003C0000200044004041542B4349505345C7
:1045E0004E443D25640D0A003E0000004950442C15
:1045F00000000000312E41542E2E2E004F4B0000A3
:1046000041540D0A00000000322E43574D4F4445DF
:104610002E2E2E0041542B43574D4F44453D310D16
:104620000A000000332E41542B4357444843502E78
:104630002E2E000041542B4357444843503D312C0B
:10464000310D0A00342E43574A41502E2E2E0000C1
:10465000474F54204950000041542B43574A415082
:104660003D22616263222C22616263313233343530
:1046700036220D0A00000000352E204553503832F6
:10468000363620496E6974204F4B0D0A0000000039
:10469000003801404553503832363620496E69742F
:1046A000204F4B00FE480068704770B504460D4629
:1046B0002CB9AC4201D0012070BD0020FCE70DB93F
:1046C0000120F9E705E0207808B90020F4E7641C30
:1046D0006D1C207802F066F80646287802F062F831
:1046E0008642F0D0207802F05DF80646287802F085
:1046F00059F8301AE0E770B50446204602F0CCFBCA
:10470000451C2846E74909688847061E00D170BD48
:104710002A462146304602F035FC3046F7E730B9EC
:10472000E149E04A1160E149E14A116070470168DE
:1047300009B1016800E0DC49DA4A1160416809B159
:10474000416800E0D949DA4A116000BFEEE710B5D0
:104750002820D4490968884704461CB128212046EE
:1047600002F0A9FC204610BD70B5044622E0256881
:10477000A08900F4807020B9A06810B1A068FFF78C
:10478000F3FFA08900F4807028B9206918B1C849E6
:10479000206909688847A08900F4007028B9206A58
:1047A00018B1C349206A096888472046C04909688A
:1047B00088472C46002CDAD170BD2DE9F04F8BB024
:1047C00083468A460020044605460026B94F00214C
:1047D000884689460990012008909AF800002D2803
:1047E00002D1B54F0AF1010A9AF80000302801D130
:1047F0000AF1010A9AF80000312822DB9AF8000039
:1048000039281EDC00BF1AF8011BA1F1300005F0A9
:104810002AF90022A94BCDE906012046294605F0D8
:1048200075F9CDE90401DDE9062304F09DFE044697
:104830000D469AF80000302803DB9AF8000039286A
:10484000E1DD9AF800002E2830D19AF801003028D6
:104850002CDB9AF80100392828DC0AF1010A00BF94
:104860001AF8011BA1F1300005F0FDF80022934B6E
:10487000CDE906012046294605F048F9CDE90401B5
:10488000DDE9062304F070FE04460D460022894B44
:104890004046494605F060FB804689469AF800008C
:1048A000302803DB9AF800003928D9DD9AF8000097
:1048B000652803D09AF80000452823D10AF1010A9F
:1048C0009AF800002B2802D10AF1010A08E09AF8B0
:1048D00000002D2804D14FF0FF3008900AF1010AA2
:1048E00008E01AF8010B3038099901EB810100EB5F
:1048F000410009909AF80000302803DB9AF8000084
:104900003928EEDDDDE9082101FB02F005F0ABF806
:1049100042464B46CDE9000104F026FE02460B4616
:10492000CDE902010020654904F0E0F822462B465B
:10493000CDE906013046394605F0E8F8CDE9040135
:10494000DDE9062305F0E2F804460D46CBE906450D
:104950002046294605F058F8CBF814000320CBF880
:104960000C0050460BB0BDE8F08F0146491E41EAED
:10497000610141EAA10141EA211141EA212141EA13
:104980002141481C70472DE9F04104460E460CB108
:10499000206810B90020BDE8F081A0680644606876
:1049A000B04203DBA16820680844F4E73046FFF713
:1049B000DCFF074638463B490968884705463DB94C
:1049C0003B49206809688847002060602060E2E772
:1049D00025B12846D4E9001202F0D4FA34492068FF
:1049E0000968884767602560A0682844D3E770B5E8
:1049F00004460CB1206808B9002070BDA168206889
:104A00004518284602F048FAA1680844F5E72DE960
:104A1000FC4782460E464FF00009DAE906450022BF
:104A200013462046294604F0B3FF13D12EB10221CC
:104A30003046FFF7A8FF814604E0022019490968C3
:104A400088478146B9F1000F03D01DA00088A9F85E
:104A500000009FE0DAF8140005F005F8074622464A
:104A60002B4605F079FA21F000410022154BCDE9E3
:104A7000000105F00FF83ED8134A144B2046294692
:104A800005F008F837D80022114B2046294605F0DA
:104A90003BF930D806B315213046FFF774FF19E013
:104AA0004000002044000020F96600085767000815
:104AB000480000200000F03F0000F0BF000024404C
:104AC000300000000000B03C0000C0FFFFFFDF41ED
:104AD0000000E0C1814604E01520FA4909688847D2
:104AE0008146B9F1000F55D0F7A14846DAF81420F5
:104AF00001F080FE4EE02EB140213046FFF743FF2B
:104B0000814604E04020EF49096888478146B9F1B1
:104B1000000F3FD02046294603F07AFF0746224681
:104B20002B4605F019FA21F000410022E74BCDE9B0
:104B3000000104F0AFFF0FD825F000412746E44AFA
:104B4000E44B384604F0A6FF06D222462B46E2A1EB
:104B5000484601F04FFE1DE025F000412746E04A9F
:104B6000E04B384604F096FF07D325F000410022C1
:104B7000DD4B384605F0C8F806D222462B46DBA1AD
:104B8000484601F037FE05E022462B46D8A14846AC
:104B900001F030FE4846BDE8FC8701460022087857
:104BA000302806DB0878392803DC087830380244DE
:104BB00015E00878412806DB0878462803DC0878E9
:104BC000373802440BE00878612806DB087866284D
:104BD00003DC08785738024401E0002070471201D6
:104BE000491C0878302806DB0878392803DC087867
:104BF0003038024415E00878412806DB087846285A
:104C000003DC0878373802440BE00878612806DBBB
:104C10000878662803DC08785738024401E0002051
:104C2000DCE71201491C0878302806DB08783928AF
:104C300003DC08783038024415E00878412806DBA8
:104C40000878462803DC0878373802440BE00878F7
:104C5000612806DB0878662803DC087857380244A8
:104C600001E00020BAE71201491C0878302806DB71
:104C70000878392803DC08783038024415E00878D1
:104C8000412806DB0878462803DC087837380244D8
:104C90000BE00878612806DB0878662803DC0878D2
:104CA0005738024401E0002098E7104696E72DE9C6
:104CB000F05F8346884608F10104002798F8000059
:104CC000222805D08B48C0F800800020BDE8F09F66
:104CD00004E014F8011B5C2900D1641C2078222810
:104CE00004D0207810B1781C071EF2D1781C7549C9
:104CF000096888478146B9F1000F01D10020E5E736
:104D000008F101044D469EE020785C2804D014F898
:104D1000010B05F8010B96E0641C2078722818D06E
:104D200006DC622809D066280BD06E287ED10CE004
:104D3000742812D07528F9D113E0082005F8010B6A
:104D40007FE00C2005F8010B7BE00A2005F8010B41
:104D500077E00D2005F8010B73E0092005F8010B41
:104D60006FE0601CFFF719FF0646241DB6F55C4F87
:104D700002D3B6F5604F00D306B962E0B6F5584FDE
:104D80001CD3B6F55C4F19D260785C2802D1A078AC
:104D9000752800D055E0E01CFFF7FFFE8246A41DF9
:104DA000BAF55C4F02D3BAF5604F00D349E0C6F3C1
:104DB0000901504661F39F2000F580360427802EBC
:104DC00001D2012708E0B6F5006F01D2022703E007
:104DD000B6F5803F00D203273D44012F20D0022F9B
:104DE00015D0032F0AD0042F24D106F0BF0040F0C5
:104DF0008001681E05460170B60900BF06F0BF00BD
:104E000040F08001681E05460170B60900BF06F03B
:104E1000BF0040F08001681E05460170B60900BF62
:104E20003548C05D3043C1B2681E00E005E005466C
:104E3000017000BF00BF3D4403E0207805F8010B7E
:104E400000BF00BF641C2078222803D020780028EF
:104E50007FF45AAF002028702078222800D1641CEB
:104E6000CBF810900420CBF80C0020462EE72DE95B
:104E7000F05F804689460027BB46454611E028780A
:104E8000002802DD2878202805DB2878222802D097
:104E900028785C2801D1012000E0002040EA0B0BBB
:104EA0006D1C28780028EAD1BBF1000F3ED1A5EB9C
:104EB0000807B9F1000F21D0F91C4846FFF763FD40
:104EC000064620E044000020256400000000B03CBD
:104ED00044F3C2E4E4E9634C252E30660000000090
:104EE0008DEDB5A0F7C6B03E65CDCD41256500007E
:104EF0002566000040000020C2A30008F81CFD4900
:104F000009688847064616B90020BDE8F09F344678
:104F1000222004F8010B4146204601F099FF22208F
:104F2000E0550021781C21543046EEE7B8F1000F1F
:104F300016D1B9F1000F05D003214846FFF723FD34
:104F4000064604E00320EB490968884706460EB987
:104F50000020DAE7E8A1304601F07AFF3046D4E7D6
:104F600045460BE05146E5A001F044FF08B17F1C27
:104F700003E0BAF1200F00DA7F1D6D1C95F800A048
:104F8000BAF1000F02D0781C071EEBD1B9F1000F67
:104F900005D0F91C4846FFF7F6FC064604E0F81C6D
:104FA000D4490968884706460EB90020ADE7344663
:104FB0004546222004F8010B47E028781F280ADD27
:104FC0002878222807D028785C2804D015F8010B0F
:104FD00004F8010B39E05C2004F8010B15F8011B03
:104FE0008A460C2919D006DC082912D0092920D0BC
:104FF0000A2922D115E00D2917D0222905D05C29D4
:105000001BD15C2004F8010B1EE0222004F8010BE8
:105010001AE0622004F8010B16E0662004F8010B88
:1050200012E06E2004F8010B0EE0722004F8010B70
:105030000AE0742004F8010B06E05246B1A12046B4
:1050400001F0D8FB641D00BF00BF28780028B4D150
:10505000222004F8010B002004F8010B304654E72D
:1050600070B504460D4629462069FFF700FF70BD64
:1050700000E0401C20B1017811B101782029F8DD51
:1050800070472DE9F04706460C4620787B2804D06F
:105090009E4804600020BDE8F0870620F060601C98
:1050A000FFF7E6FF044620787D2801D1601CF2E777
:1050B000FFF74DFB0546B060B06808B90020EAE78D
:1050C0002046FFF7D5FF804641462846FFF7EFFD13
:1050D0000746FFF7CDFF04460CB90020DBE728693F
:1050E00028620020286120783A2803D0874804608D
:1050F0000020D0E7601CFFF7BBFF804641462846F2
:1051000000F099F80746FFF7B3FF04460CB90020FA
:10511000C1E731E0FFF71BFB071E00D1BBE72F60A3
:105120007D603D46601CFFF7A3FF81464946284647
:10513000FFF7BDFD8046FFF79BFF04460CB900203A
:10514000A9E7286928620020286120783A2803D03E
:105150006E48046000209EE7601CFFF789FF8146CF
:105160004946284600F067F88046FFF781FF04466D
:105170000CB900208FE700BF20782C28CAD02078F7
:105180007D2801D1601C86E760480460002082E72A
:105190002DE9F04705460C4620785B2804D05B4893
:1051A00004600020BDE8F0870520E860601CFFF780
:1051B0005FFF044620785D2801D1601CF2E7FFF70D
:1051C000C6FA0646A860A86808B90020EAE72046A3
:1051D000FFF74EFF80464146304600F02CF8074668
:1051E000FFF746FF04460CB90020DBE717E0FFF7A6
:1051F000AEFA071E00D1D5E737607E603E46601CE0
:10520000FFF736FF81464946304600F014F88046E5
:10521000FFF72EFF04460CB90020C3E700BF20783B
:105220002C28E4D020785D2801D1601CBAE73748EB
:1052300004600020B6E770B505460C460CB90020A6
:1052400070BD042232A1204601F045FE18B90220AB
:10525000E860201DF4E705222FA1204601F03BFE67
:1052600018B90020E860601DEAE704222CA120465E
:1052700001F031FE20B90120E8606861201DDFE700
:105280002078222804D121462846FFF710FDD7E7D1
:1052900020782D2805D02078302807DB2078392881
:1052A00004DC21462846FFF788FAC9E720785B2806
:1052B00004D121462846FFF76BFFC1E720787B2801
:1052C00004D121462846FFF7DCFEB9E70F48046009
:1052D0000020B5E72DE9F04780460D46164600242C
:1052E000FFF735FA0746002008490860E7B9BDE82E
:1052F000F08700004400002022220000225C080CFD
:105300000A0D0900752530347800000040000020A7
:105310006E756C6C0000000066616C7365000000C7
:1053200074727565000000004046FFF7A1FE8146DB
:1053300049463846FFF77FFF04462CB93846FFF749
:1053400013FA0020BDE8F08766B12046FFF790FE13
:105350000446207830B13846FFF706FAFE4804606C
:105360000020EFE705B12C603846EBE710B50446A6
:10537000002211462046FFF7ADFF10BD2DE9FF4F7B
:1053800089B0884616461F46002008900790069070
:105390004FF0070A00250998D0F8089000200290E5
:1053A0000190009004E00298401C0290D9F800900F
:1053B000B9F1000FF7D10298002835D157B116B1D5
:1053C00008F1040000E0032001463846FFF7DBFA4D
:1053D000069009E016B108F1040100E00321084637
:1053E000DE49096888470690069818B900200DB074
:1053F000BDE8F08F069C7B2004F8010B66B10A2003
:1054000004F8010B002503E0092004F8010B6D1CD2
:10541000A8F10100A842F7DC7D2004F8010B002070
:1054200004F8010B0698E2E7002F77D0BD680EB1B3
:10543000022000E0012082460AF101013846FFF710
:10544000A2FA04460CB90020D1E77B2004F8010B36
:1054500016B10A2004F8010B00202070B8685044EF
:10546000B8600998D0F8089008F1010868E0B6B172
:1054700041463846FFF787FA04460CB90020B6E7E4
:105480000020039005E0092004F8010B0398401C5C
:10549000039003984045F6DBB8684044B86039464D
:1054A000D9F82000FFF7E3FC3846FFF7A0FAB86010
:1054B0000EB1022000E00120824651463846FFF737
:1054C00062FA04460CB9002091E73A2004F8010B77
:1054D00016B1092004F8010BB8685044B8603B4687
:1054E00032464146484600F078FA3846FFF77FFAE0
:1054F000B8600EB1012000E00020D9F8001009B119
:10550000012100E0002100EB010A0AF10101384607
:10551000FFF739FA044614B9002068E734E0D9F8F7
:10552000000010B12C2004F8010B16B10A2004F879
:10553000010B00202070B8685044B860D9F8009082
:10554000B9F1000F93D116B108F1010000E002207B
:1055500001463846FFF717FA04460CB9002046E723
:105560004EB1002503E0092004F8010B6D1CA8F1E1
:105570000100A842F7DC7D2004F8010B0020207018
:1055800038682844069005E1029988007349096843
:1055900088470890089808B9002028E702998800F1
:1055A0006E49096888470790079828B96C49089898
:1055B0000968884700201AE702988100089801F0DE
:1055C0007AFD02988100079801F075FD0998D0F8DE
:1055D000089008F1010806B1C2442EE00021D9F874
:1055E0002000FFF744FC0490079941F825000023B0
:1055F00032464146484600F0F0F929466D1C0590B8
:10560000089A42F82100049898B1059888B1059845
:1056100001F042FC8346049801F03EFC0BEB0001D4
:10562000891C16B108F1020000E000200844824401
:1056300001E001200190D9F80090B9F1000FCDD11F
:10564000019820B950464549096888470690069850
:1056500008B901200190019818B3002514E00798BB
:1056600050F8250028B1079951F825003C490968F0
:105670008847089850F8250028B1089951F8250066
:105680003749096888476D1C02988542E7DB344931
:1056900007980968884732490898096888470020B0
:1056A000A5E67B21069801700698441C16B10A20D5
:1056B00004F8010B00202070002548E05EB10020B6
:1056C000039005E0092004F8010B0398401C0390A7
:1056D00003984045F6DB079951F8250001F0DCFB03
:1056E0000090079850F825102046009A01F04AFCD7
:1056F000009804443A2004F8010B16B1092004F87C
:10570000010B089850F82510204601F0A1FB0899DC
:1057100051F8250001F0C0FB04440298401EA84245
:1057200002D02C2004F8010B16B10A2004F8010B5A
:1057300000202070079951F8250009490968884719
:10574000089951F825000649096888476D1C029898
:105750008542B3DB024905E0400000204400002000
:1057600048000020079809688847F74908980968A1
:1057700088474EB1002503E0092004F8010B6D1C99
:10578000A8F10100A842F7DC7D2004F8010B0020FD
:1057900004F8010B06982AE62DE9FF4F85B09246E2
:1057A0001E464FF0000B052003900598D0F80880A6
:1057B000D946002500200290019003E009F101097B
:1057C000D8F80080B8F1000FF8D1B9F1000F16D168
:1057D0002EB103213046FFF7D6F8834604E00320BC
:1057E000DA49096888478346BBF1000F03D0D8A186
:1057F000584601F02DFB584609B0BDE8F08F002E49
:1058000057D0B56801213046FFF7BDF804460CB902
:105810000020F1E75B202070B068401CB060059864
:10582000D0F808802EE0334652460699491C40467F
:1058300000F0D3F83046FFF7DAF8B060D8F800008F
:10584000F0B1BAF1000F01D0022000E00120039076
:105850000399491C3046FFF796F804460CB900201E
:10586000CAE72C2004F8010BBAF1000F02D0202067
:1058700004F8010B00202070B16803980844B06060
:10588000D8F80080B8F1000F02D002980028CAD0E2
:1058900002213046FFF777F804460CB90020ABE749
:1058A0005D2004F8010B00202070306800EB050B30
:1058B00091E04FEA8900A5490968884707460FB972
:1058C000002099E74FEA8901384601F0F4FB05987A
:1058D000D0F8088021E0002352460699491C404632
:1058E00000F07BF8049029466D1C049847F82100CD
:1058F000049870B1049801F0CFFA801CBAF1000F3F
:1059000001D0012100E000210144039808440390E4
:1059100001E001200290D8F80080B8F1000F02D019
:1059200002980028D7D0029820B9884903980968BE
:1059300088478346BBF1000F01D1012002900298F5
:1059400090B1002508E057F8250020B157F8250050
:105950007D49096888476D1C4D45F4DB38467A4916
:1059600009688847002047E75B208BF800000BF1AF
:10597000010400202070002521E057F8250001F0E7
:105980008BFA019057F825102046019A01F0FAFA97
:1059900001980444A9F10100A8420AD02C2004F87F
:1059A000010BBAF1000F02D0202004F8010B0020F7
:1059B000207057F825006449096888476D1C4D45DB
:1059C000DBDB38466049096888475D2004F8010B35
:1059D000002004F8010B58460EE72DE9F04104467B
:1059E0000F4690461D46002614B90020BDE8F08100
:1059F000002D49D0207B072845D2DFE800F0101C9D
:105A000004282E343C0005212846FEF7BCFF06463C
:105A100026B1AFF20471304601F01AFA33E00621E4
:105A20002846FEF7B0FF064626B1AFF214713046A5
:105A300001F00EFA27E005212846FEF7A4FF0646EE
:105A400026B1AFF22471304601F002FA1BE029467C
:105A50002046FEF7DCFF064615E029462046FFF704
:105A6000FFFA06460FE02B46424639462046FFF72E
:105A700093FE064607E02B46424639462046FFF78E
:105A80007DFC064600BF37E0207B072833D2DFE8E5
:105A900000F00A1004161C222A00AFF28C70FEF7E8
:105AA0002AFE064627E0AFF29070FEF724FE064677
:105AB00021E0AFF29470FEF71EFE06461BE00021C7
:105AC0002046FEF7A4FF064615E000212046FFF71A
:105AD000C7FA06460FE00023424639462046FFF744
:105AE0005BFE064607E00023424639462046FFF7A4
:105AF00045FC064600BF00BF304677E710B50446B8
:105B00000023012219462046FFF767FF10BD10B59C
:105B1000044600231A4619462046FFF75EFF10BDD3
:105B2000FEB505460C4616462046084909688847D2
:105B300000900194002002906B46324600212846D6
:105B4000FFF74BFFFEBD000048000020440000208E
:105B50005B5D000001468A68002001E0401C12687D
:105B6000002AFBD170470246906801E0491E006898
:105B700008B10029FADC704770B505460E46AC68DE
:105B800000E024682CB13146206AFEF78EFD002823
:105B9000F7D1204670BD01604860704770B505467A
:105BA000FEF7D5FD04460CB9002070BD2822294619
:105BB000204601F02CFA00202062E06840F480705A
:105BC000E0600020606020602046EEE770B505468A
:105BD0000E46AC6806B970BD0CB9AE6009E000E0D5
:105BE000246814B120680028FAD131462046FFF716
:105BF000D2FF00BFEFE770B506460D46144604B964
:105C000070BD206A18B1FE49206A09688847284695
:105C1000FEF771FD206221463046FFF7D7FF00BF37
:105C2000EEE770B506460D46144604B970BDA0896E
:105C300000F4007028B9206A18B1F149206A096897
:105C400088472562E06840F40070E06021463046F5
:105C5000FFF7BCFF00BFE9E770B505460C462046DC
:105C6000FFF79CFF064631462846FFF7AFFF70BDA1
:105C70002DE9F04105460E4614462046FFF78EFFFB
:105C800007463A4631462846FFF7B5FFBDE8F081A2
:105C900010B502460B46916801E009685B1E09B128
:105CA000002BFADC09B9002010BD486810B1D1E919
:105CB00000042060086810B1D1E90040606090687D
:105CC000884201D10868906000200860486008465A
:105CD000EAE770B504460D4629462046FFF7D8FF8F
:105CE0000646FEF741FD70BD2DE9F04105460F4621
:105CF0000026AC6801E0761C24682CB13946206A85
:105D0000FEF7D3FC0028F6D12CB131462846FFF728
:105D1000BFFFBDE8F0810020FBE770B504460D46EB
:105D200029462046FFF7E0FF0646FEF71DFD70BD41
:105D30002DE9F04106460F461446B56801E02D688E
:105D40007F1E0DB1002FFADC2DB921463046FFF73A
:105D50003DFFBDE8F0812560686860606C60B068F8
:105D6000A84201D1B46001E06068046000BFF0E7C0
:105D70002DE9F04106460F461446B56801E02D684E
:105D80007F1E0DB1002FFADC0DB9BDE8F081286847
:105D9000206068686060206808B120684460B0686E
:105DA000A84201D1B46001E060680460002068602E
:105DB00028602846FEF7D8FC00BFE6E72DE9F04151
:105DC00005460E4617464FF00008AC6802E008F1A1
:105DD000010824682CB13146206AFEF766FC0028D1
:105DE000F5D144B13046FEF786FC38623A4641466A
:105DF0002846FFF7BDFFBDE8F08110B5FEF7A7FC10
:105E000004460CB10220E060204610BD10B5FEF73C
:105E10009EFC04460CB10120E060204610BD10B588
:105E2000FEF795FC04460CB10020E060204610BD52
:105E300070B50546FEF78BFC044624B10DB1012078
:105E400000E00020E060204670BD70B505460E46BB
:105E5000FEF77DFC044644B10320E060C4E9065629
:105E60002846314603F0D0FD6061204670BD70B514
:105E70000546FEF76CFC04462CB10420E060284681
:105E8000FEF739FC2061204670BD10B5FEF75FFCBF
:105E900004460CB10520E060204610BD10B5FEF7A9
:105EA00056FC04460CB10620E060204610BD2DE9EA
:105EB000F05F81468A460025AB46FFF7E6FF0646BF
:105EC000002410E059F8240003F0CDFD0746FFF749
:105ED000BCFF05460CB9B56003E029465846FFF7FC
:105EE0005AFEAB46641C0EB15445EBDB3046BDE8B0
:105EF000F09F2DE9F05F81468A460025AB46FFF70B
:105F0000C4FF0646002410E059F8240004F00EF9FE
:105F10000746FFF79AFF05460CB9B56003E029462E
:105F20005846FFF738FEAB46641C0EB15445EBDB18
:105F30003046BDE8F09F2DE9F0470746884600252A
:105F4000A946FFF7A2FF0646002410E007EBC400B5
:105F5000D0E900211046FFF778FF05460CB9B5607F
:105F600003E029464846FFF716FEA946641C0EB119
:105F70004445EBDB3046BDE8F0872DE9F0470746A6
:105F800088460025A946FFF780FF064600240DE05D
:105F900057F82400FFF76BFF05460CB9B56003E026
:105FA00029464846FFF7F7FDA946641C0EB1444553
:105FB000EEDB3046BDE8F0872DE9F047054689461F
:105FC0004FF0000815B90020BDE8F087FEF7BFFBD1
:105FD00004460CB90020F7E7E86820F48070E06020
:105FE00068696061D5E90601C4E90601286968B1FC
:105FF0002869FEF780FB2061206938B9204601E05E
:1060000048000020FEF7B0FB0020DDE7286A50B111
:10601000286AFEF770FB2062206A20B92046FEF74E
:10602000A3FB0020D0E7B9F1000F01D12046CBE758
:10603000AF6816E001213846FFF7BEFF064626B9D5
:106040002046FEF791FB0020BEE7B8F1000F05D017
:10605000C8F80060C6F80480B04601E0A660B0460B
:106060003F68002FE6D12046AEE7014655E00278B2
:10607000202A01D1401C50E00278092A01D1401C9D
:106080004BE002780D2A01D1401C46E002780A2A32
:1060900001D1401C41E002782F2A0BD142782F2AEF
:1060A00008D100E0401C0278002A36D002780A2A83
:1060B00033D0F7E702782F2A0ED142782A2A0BD163
:1060C00000E0401C02782AB102782A2AF9D14278ED
:1060D0002F2AF6D1801C20E00278222A19D110F84C
:1060E000012B01F8012B0AE002785C2A03D110F899
:1060F000012B01F8012B10F8012B01F8012B02787C
:1061000012B10278222AEFD110F8012B01F8012BED
:1061100003E010F8012B01F8012B0278002AA6D128
:106120000A70704710B50221F948FAF7CCFB01213B
:10613000F748FAF7C8FB0121F548FAF7C6FB022138
:10614000F348FAF7C2FB10BD10B50221F048FAF788
:10615000BAFB0121EE48FAF7B8FB0121EC48FAF747
:10616000B2FB10BD10B50221E948FAF7ACFB0221E1
:10617000E748FAF7AAFB10BD2DE9F04105462C4689
:106180000221E348FAF7A1FB002619E0274607F0B1
:106190008007802F04D10121DD48FAF794FB03E04A
:1061A0000121DB48FAF791FB6006040E0221D84872
:1061B000FAF789FB0221D648FAF787FB701CC6B2B2
:1061C000082EE3DBBDE8F08110B50446FFF7AAFF17
:1061D0007820FFF7D1FFFFF7C5FF0020FFF7CCFFC6
:1061E000FFF7C0FF2046FFF7C7FFFFF7BBFFFFF732
:1061F000ABFF10BD10B50446FFF794FF7820FFF702
:10620000BBFFFFF7AFFF4020FFF7B6FFFFF7AAFF86
:106210002046FFF7B1FFFFF7A5FFFFF795FF10BD81
:1062200070B504460D461DB1E0B2FFF7E3FF02E092
:10623000E0B2FFF7C9FF70BD70B50646002418E054
:1062400004F1B0000021FFF7EBFF00210846FFF743
:10625000E7FF00211020FFF7E3FF002505E0012103
:106260003046FFF7DDFF681CC5B2802DF7DB601CF0
:10627000C4B2082CE4DB70BD06E041F6650100E025
:10628000491E0029FCD1401E0028F6D17047014666
:1062900005E0002001E0421CD0B27B28FBDB0A1E97
:1062A000A1F10101F5D1704770B504460D4605F125
:1062B000B0000021FFF7B4FF102141EA14100021C3
:1062C000FFF7AEFF04F00F000021FFF7A9FF70BD3C
:1062D00010B500218D20FFF7A3FF00211420FFF748
:1062E0009FFF0021AF20FFF79BFF10BD10B50021DD
:1062F0008D20FFF795FF00211020FFF791FF00216F
:10630000AE20FFF78DFF10BD70B5002418E004F13A
:10631000B0000021FFF784FF00210846FFF780FF4F
:1063200000211020FFF77CFF002505E0012100205F
:10633000FFF776FF681CC5B2802DF7DB601CC4B286
:10634000082CE4DB70BD70B5002418E004F1B00047
:106350000021FFF765FF00210846FFF761FF0021DC
:106360001020FFF75DFF002505E001210846FFF73B
:1063700057FF681CC5B2802DF7DB601CC4B2082C27
:10638000E4DB70BD2DE9F04707460E46904699467E
:1063900000250024A8F12000C5B27F2F02DD0027D0
:1063A000B01CC6B2B9F1100F24D131463846FFF700
:1063B0007BFF002408E004EB0511564A505C0121E4
:1063C000FFF72EFF601CC4B2082CF4DB701CC1B2B6
:1063D0003846FFF769FF002409E004EB0511083196
:1063E0004C4A505C0121FFF71BFF601CC4B2082C13
:1063F000F3DB12E031463846FFF756FF00240AE08F
:1064000005EB4501444A02EB4101085D0121FFF71C
:1064100007FF601CC4B2062CF2DBBDE8F08710B5A4
:106420000246012000E050430B1EA1F10104E1B23D
:10643000F9D110BD2DE9FF5F074691461E460E9D1E
:106440004FF0000A002435E0301B401EC1B20A2084
:10645000FFF7E5FFB9FBF0F00A21B0FBF1F201FB19
:106460001208BAF1000F14D1701EA04211DDB8F16C
:10647000000F0CD1AB4605EBDB71491001FB047139
:10648000C8B22B4620220199FFF77CFF10E04FF0A5
:10649000010AAB4605EBDB71491001FB0471C8B280
:1064A00008F13001CAB22B460199FFF76BFF00BF1C
:1064B000601CC4B2B442C7DBBDE8FF9F2DE9F041C8
:1064C00004460F461546984600260FE0AA5D43464F
:1064D00039462046FFF756FF04F10800C4B2782C75
:1064E00002DD0024B81CC7B2701CC6B2A85D00282B
:1064F000ECD1BDE8F0812DE9F04180460E4615460D
:10650000002731464046FFF7CFFE002411E000008F
:10651000000C0140F1A50008C9A30008744A02EB71
:106520008511085D0121FFF77BFE781CC7B2601C56
:10653000C4B2102CF2DB701CC1B24046FFF7B4FEAF
:1065400000240CE06900491C694A02EB4111085D16
:106550000121FFF765FE781CC7B2601CC4B2102C85
:10656000F0DBBDE8F0812DE9F05F06460F4690466E
:106570001C46DDF828A04FF0000BE11704EB517129
:10658000C910A4EBC10131B92046E11704EB5171E8
:10659000C1F3C70506E02046E11704EB5171C910AD
:1065A000491CCDB23D4615E029463046FFF77CFE3A
:1065B000B1460BE059460BF1010B1AF8010001211D
:1065C000FFF72EFE09F1010000F0FF09C145F1DBE4
:1065D000681CC5B2A542E7DBBDE8F09F08B5012104
:1065E0000820FAF77FFB0320ADF8000010208DF89B
:1065F000030003208DF8020069463E48FAF7B6F81A
:1066000003213C48FAF75FF94FF44870FBF7DFF8D5
:106610000021AE20FFF704FE00210846FFF700FE30
:1066200000211020FFF7FCFD00214020FFF7F8FDBE
:106630000021B020FFF7F4FD00218120FFF7F0FDDD
:106640000021FF20FFF7ECFD0021A120FFF7E8FD6E
:106650000021A620FFF7E4FD0021A820FFF7E0FDC0
:1066600000213F20FFF7DCFD0021C820FFF7D8FD07
:106670000021D320FFF7D4FD00210846FFF7D0FD0D
:106680000021D520FFF7CCFD00218020FFF7C8FDB9
:106690000021D820FFF7C4FD00210520FFF7C0FD31
:1066A0000021D920FFF7BCFD0021F120FFF7B8FD44
:1066B0000021DA20FFF7B4FD00211220FFF7B0FD22
:1066C0000021DB20FFF7ACFD00213020FFF7A8FD03
:1066D00000218D20FFF7A4FD00211420FFF7A0FD6D
:1066E0000021AF20FFF79CFDFFF70EFE08BD000064
:1066F0004C000020000C014070B5064600F00EFD75
:10670000056806F10B0020F00704B4429CBF00208E
:1067100070BD2B466A68BAB11068A04210D304F16C
:10672000080188423CBF5068586007D3516810196F
:1067300041601168091B016058601460101D70BD34
:1067400013465268002AE7D12146284600F0EEFCA5
:106750000028DED170BD70B50446051F00F0DEFCD8
:106760000068002C14BF446870BD002C18BFAC42F8
:106770003CBF20466468F8D301680A18AA4218BFD3
:10678000456003D12A680546114401602868411913
:10679000A1421CBF6C6070BD6168696021680844DB
:1067A000286070BD10B5044600F0B0FC0068005DC4
:1067B000C00602D504F1200010BD204610BD000027
:1067C0007CB51D4616460C00009001D02044401EAA
:1067D000074B7B442A4669460190304600F08FFF04
:1067E00005461CB10020694600F09CFF28467CBD90
:1067F000590F00000FB41CB5084B06AA7B4469462C
:106800000090059800F07BFF04460020694600F0E8
:1068100089FF20461CBC5DF814FB0000250F00001A
:106820000FB47CB50C0009AA009001D02044401E92
:10683000084B7B4469460190089800F060FF0546CC
:106840001CB10020694600F06DFF28467CBC5DF855
:1068500014FB0000F90E000070B50446856900685D
:10686000C10601D5302600E02026C00707D070BD44
:10687000D4E9012130469047206A401C20626D1EF9
:10688000F6D570BD70B5044685690078C00707D19C
:1068900070BDD4E9012120209047206A401C20626D
:1068A0006D1EF6D570BD70B50C460546012A05D0A3
:1068B0002878800600D5EA69002302E0012305E07C
:1068C0005B1C934202D2E05C0028F9D1A869E6186B
:1068D000C01AA861286A184428622846FFF7BCFF3E
:1068E00004E0D5E9012114F8010B9047B442F8D334
:1068F0002846FFF7C7FF70BD2DE9F041064600248A
:1069000010687529314616A510D000F064FC0028E7
:1069100002DA404213A507E031688A0701D512A5C3
:1069200002E0490704D511A5012401E000F05CFC58
:1069300000210A2206F1240709E0B0FBF2FCB0FBBB
:10694000F2F302FB1C00303078541846491C002832
:10695000F3D123462A463046BDE8F04100F04DBC55
:10696000000000002D0000002B00000020000000AF
:10697000F0B40D460188090502D5214C7C4402E0A3
:106980001F4C7C440E34002100F1240608E002F084
:106990000F071209E75D42EA03721B097754491C8D
:1069A00052EA0307F3D102780023120704D5702DB1
:1069B00006D009B1022311342246F0BC00F01DBC00
:1069C00001231034F8E770B504460D4621461068DF
:1069D00000F00AFC024629462046BDE8704000232C
:1069E000C6E7D21D22F00703D3E90023C0E70368FE
:1069F000126843F0200303600823C3610023B7E754
:106A0000614200002DE9F05F894604464FF0000A1C
:106A1000DFF874B1FB44C0F820A02046E168884745
:106A2000002874D0252806D0D4E901219047206A97
:106A3000401C2062F1E700265F462046E168884757
:106A40002028054607DB312D05D2781910F8200CD7
:106A500008B10643F1E7B00701D526F00406C4F8F3
:106A60001CA00027C4F818A02A2D09D0284601F040
:106A7000C7FF38B304EB8708303DC8F8185019E059
:106A800059F8041B204604EB87029161E1688847AE
:106A9000012F054618D1E069002820DA26F02006EB
:106AA0001DE0D8F8180000EB800005EB40003038FE
:106AB000C8F818002046E1688847054601F0A0FFA5
:106AC0000028EED1012F0AD02E2D08D12046E168F2
:106AD00088477F1C0546022F46F02006C4DBA069CC
:106AE000002803DA404246F00106A061F00701D019
:106AF00026F010066C2D0BD0682D09D04C2D39D006
:106B00006A2D35D0742D35D07A2D33D016E038E08B
:106B1000E1682F4620468847B842054609D16C2FC8
:106B200026D04FF48060E16806432046884705463A
:106B300004E06C2F1AD04FF4807006430DB3A5F11A
:106B40004100192802D8203546F400664A462946F5
:106B5000204626604E46F9F723FB80B101280BD072
:106B6000F61D26F0070000F1080956E74020E4E78B
:106B70008020D8E70020D6E706F104094DE7284633
:106B800052E7206ABDE8F09FF14100000FB400B564
:106B90008DB010A9099000910B904FF0FF300A9032
:106BA00000200C90064878440690064878446A46CF
:106BB00007900F9909A800F0C1FE0DB05DF814FB15
:106BC000B30D0000CB0D00002DE9FF5F1D464FF017
:106BD000FF3B91464FF000085F46D5E90146A969A1
:106BE00001987F1C8847296A824688470028F6D189
:106BF000BAF1FF3F0CD0002E24F4C06419DD60060A
:106C000014D5BAF12B0F09D0BAF12D0F0ED103E034
:106C1000584604B0BDE8F09F44F48064A969019827
:106C20007F1C8847761E8246002E02DDBAF1300FA7
:106C300003D0B9F1000F26D032E0A969761E019881
:106C40007F1C44F400748847002E824605DDBAF1AB
:106C5000780F06D0BAF1580F03D0B9F1000F10D059
:106C60001EE0B9F1000F02D0B9F1100F18D1A969D7
:106C7000761E01987F1C24F40074884782461020F9
:106C800002E0082000E00A20814609E0A96908FB2B
:106C90000908761E01987F1C44F4007488478246D8
:106CA000002E05DD4946504600F034FE0028EDDA9E
:106CB000E96901988847A00502D46FF00100A8E7B0
:106CC000E00725D1600613D5600502D5C8F10000A4
:106CD00000E0404629680A1D2A600968220501D59E
:106CE000087015E0220701D5088011E008600FE068
:106CF0002868011D29600068210502D580F8008000
:106D000006E0210702D5A0F8008001E0C0F800806D
:106D100038467EE72DE9FF5F4FF00008994614469C
:106D200046469169D2E901A7DDF838B00198884755
:106D3000054659EA0B0005D009E0A1690198761CC7
:106D400088470546216A284688470028F5D1681CEF
:106D500003D05FEACA7005D015E04FF0FF3004B0F1
:106D6000BDE8F09F2068011D2160D0F800800AE096
:106D70005FEACA7001D108F8015BA169761C01982D
:106D80007F1E88470546002F1ADD681C18D0B9F110
:106D9000000F0DD0E81705EBD060421120F01F0066
:106DA00059F822102A1A012090400142E0D107E050
:106DB000BBF1000FDCD12846216A88470028D7D0D4
:106DC000E16901988847BBF1000F07D1002E05DD6E
:106DD0005FEACA7002D1002188F80010A068B842AA
:106DE00003DDBBF1000F03D017B16FF00100B6E770
:106DF0003046B4E7401ECAB210F8011F8A4202D0E2
:106E00000029F9D10020704710B5431E13F8014F37
:106E1000002CFBD105E011F8014B002C03F8014BCD
:106E200003D0521EF7D20021197010BD30B50546AF
:106E30000B462A4613F8014B12F8010B08B1A04289
:106E4000F8D01CB1002802D06D1CF1E7284630BDF7
:106E500040EA0103024630B59B0710D14FF00134E0
:106E600000E008C208C91D1B9D4315EAC41FF8D0E5
:106E700013F0FF0102F8011B0DD01B0AF8E711F80F
:106E8000013B002B02F8013B05D011F8013B002B20
:106E900002F8013BF3D130BD10B5431C02E010F8FD
:106EA000011B71B18107FAD14FF0013202C88C1A6F
:106EB0008C4314EAC211F9D0C01A0A0603D0C01ECE
:106EC00010BDC01A10BD0A0401D0801E10BD0902F9
:106ED000FCD0401E10BD40EA010370B59B072ED1C7
:106EE0004FF00136042A2AD308C810C99D1B9D43C0
:106EF000121F15EAC61517D0D8B2E1B2401A50EAEF
:106F0000056110D198B2A1B2401A50EA05410AD1E8
:106F100023F07F4024F07F41401A50EA052102D13E
:106F2000180EA0EB146070BDA342DBD018BA21BAD2
:106F3000884201D9012070BD4FF0FF3070BD0AB901
:106F4000002070BD10F8013B11F8014B63B1A34262
:106F50000AD1521E08D010F8013B11F8014B1BB1A9
:106F6000A34201D1521EEDD1181B70BD421E12F872
:106F7000013F002BFBD111F8013B002B02F8013B34
:106F8000F9D17047032A40F2308010F0030C00F072
:106F9000158011F8013BBCF1020F624498BF11F853
:106FA00001CB00F8013B38BF11F8013BA2F104020C
:106FB00098BF00F801CB38BF00F8013B11F0030384
:106FC00000F02580083AC0F0088051F8043B083AE8
:106FD00051F804CBA0E80810F5E7121D5CBF51F88A
:106FE000043B40F8043BAFF30080D20724BF11F804
:106FF000013B11F801CB48BF11F8012B24BF00F869
:10700000013B00F801CB48BF00F8012B704710B5D9
:10701000203AC0F00B80B1E81850203AA0E8185090
:10702000B1E81850A0E81850BFF4F5AF5FEA027C51
:1070300024BFB1E81850A0E8185044BF18C918C0C0
:10704000BDE810405FEA827C24BF51F8043B40F861
:10705000043B08BF7047D20728BF31F8023B48BF46
:1070600011F8012B28BF20F8023B48BF00F8012B84
:1070700070474FF000020429C0F0128010F0030C9A
:1070800000F01B80CCF1040CBCF1020F18BF00F81B
:10709000012BA8BF20F8022BA1EB0C0100F00DB8CA
:1070A0005FEAC17C24BF00F8012B00F8012B48BF28
:1070B00000F8012B70474FF0000200B513469446CC
:1070C0009646203922BFA0E80C50A0E80C50B1F140
:1070D0002001BFF4F7AF090728BFA0E80C5048BF54
:1070E0000CC05DF804EB890028BF40F8042B08BFF2
:1070F000704748BF20F8022B11F0804F18BF00F8EE
:10710000012B7047704770477047000010B500F0C2
:1071100049FC001D10BD00BFF92300000048704766
:1071200014050020704770477047704738B5044613
:107130000A4600206946AFF30080002808BF38BD2A
:1071400002460099204600F035FC012038BD0120A0
:1071500000F03ABFF8B5AFF30080054600200C46BA
:10716000102000BF0646A819A0420DD93246694634
:107170000020AFF30080070008BF00F025FF009853
:10718000A04218BF0546C419FFF7C8FF05600746AF
:10719000F01D20F007004619284600F00AF8B44216
:1071A00008BFF8BDA21B31463868BDE8F84000F0C2
:1071B00001BC00210160C0E9011070471020704738
:1071C00010B500F0F3FB006810BD10B5044600F0E8
:1071D000EDFB046010BD09684A0501D540B2704757
:1071E000C905FCD500B2704709684A0501D5C0B28F
:1071F0007047C905FCD580B270472DE9F0470D46B0
:1072000099469246044600F124080168880604D590
:10721000E06921F01001216000E00120A84201DDB9
:10722000471B00E00027A1697A1902EB0900081A40
:10723000A0612078C00602D42046FFF70DFB00268F
:1072400008E0D4E901211AF806009047206A401CA2
:10725000761C20624E45F4DB2078C0060AD5204615
:10726000FFF7FAFA06E0D4E9012130209047206ABE
:10727000401C2062381EA7F10107F4DC07E0D4E9C6
:10728000012118F805009047206A401C2062281E42
:10729000A5F10105F3DC2046FFF7F4FA207800069B
:1072A00002D50220BDE8F0870120FBE711680268E3
:1072B000006A530501D508700AE0D30501D508809E
:1072C00006E0130603D5C217C1E9000200E008601A
:1072D0000120704770472DE9FF4F0C461E464FF0C6
:1072E000FF378BB0D2E90001DDF860800A908A4652
:1072F000C1F30A5505B93D46002108464FF000008C
:10730000BAF1000F00F4400005DA00EB80004FF402
:10731000400101EA50004FEA9059B9F1010F00DD38
:10732000B9460A9850EA4A000ED044F61050A5F229
:10733000FF3545432F14B8F1000F1ED07542291EAA
:107340001EDDC9F100021CE0B8F1010F4FF0000092
:1073500001D0302103E0F24305E02154401CB0424B
:10736000FBDB30460022002121540B99C1F8088034
:10737000C1E900200FB0BDE8F08FBD1B6D1CDEE73A
:107380004A4600DA694206A800F08CFD06AB93E895
:10739000070003AB83E8070050460A9900F0DEFEC1
:1073A0008DE80700A0F500501F3800900398002DCD
:1073B0000ADD42F21F014A460844002303A9039054
:1073C000684601F047F909E0A0F500504A461F3829
:1073D000002303A90390684601F051F98DE80700E6
:1073E0000004000C03D04FF0FF30410800E01046CD
:1073F000B8F1000F03D00022009215461EE0751E62
:1074000005D400F0F1FA303262556D1EF9D5B3465D
:107410000122084302D000227F1C04E0207830289B
:1074200001D100227F1E002A099784D01DE0112D72
:1074300007DA00F0D9FA303262556D1C50EA0102C9
:10744000F5D1084302D00098C8B10EE00021681EB3
:1074500005E0235C625C63542254401E491C814257
:10746000F7DBAB46A81B401E0990002004F80B0078
:107470000B98099AC0F80880C0E9002B7AE711261A
:107480004FF0000857E72DE9F04F88460446D21D1B
:1074900022F0070191B0D1E90001CDE90A0101F024
:1074A00025FA02460B98C00F01D02D2007E0206876
:1074B000810701D52B2002E0202101EAC000032A28
:1074C000099001D0072A05DB03464146204600F01B
:1074D000D9FA0BE12078800601D5E06900E00620AA
:1074E000B8F1650F814606D0B8F1660F18D0B8F133
:1074F000670F70D131E00020B9F1110F009001DB6E
:10750000112301E009F101030AAA01A90CA8FFF760
:10751000E2FEDDE90C70002609F10105834647E033
:1075200001204B4600904FF000470AAA01A90CA881
:10753000FFF7D1FEDDE90DB00C995D46002610B9CC
:1075400009F101000D18B9EB050003D4C0F1FF36B5
:1075500009F10105A5EB09002BE0B9F1010F01DAF2
:107560004FF001090020B9F1110F0090484601DDEC
:10757000112300E003460AAA01A90CA8FFF7ABFEFD
:10758000DDE90C704D4600268346207800070AD4BA
:10759000AB4500DA5D4601A8012D04DD411911F863
:1075A000011C302907D04F4502DA17F1040F04DA25
:1075B000012082460FE06D1EEEE7002F02DCED1B7E
:1075C0003E4403E0781CA84200DD7D1CB81B00F19E
:1075D000010A4FF000472078000703D4AA4501DBD9
:1075E0004FF0FF3A0021B7F1004F0DF143088DF83D
:1075F000431024D002202B23002F01DA7F422D23B9
:107600000A21021EA0F1010000DC5FB197FBF1FC32
:1076100097FBF1F201FB1C7C17460CF1300C08F8CB
:1076200001CDEEE7A8F1010003702188090501D51D
:10763000452100E06521A0F1010800F8011C09982E
:107640000FA9A1EB0807FF1D00B10120411901EBB3
:10765000EA70A1693844081A401EA0612078C0066B
:1076600002D42046FFF7F8F8099828B1D4E901219F
:107670009047206A401C20622078C00622D5204610
:10768000FFF7EAF81EE0002E04DBB34502DD01A897
:10769000805D00E03020D4E901219047206A401C41
:1076A0002062761CAAF101005FEA000A0AD100F00C
:1076B00079F9C0680168405CD4E901219047206AEB
:1076C000401C2062281EA5F10105DCDC07E0D4E99E
:1076D000012118F8010B9047206A401C2062381ED7
:1076E000A7F10107F3DC2046FFF7CCF8032011B027
:1076F00041E6000001694A1C02610878704700B544
:107700008FB0CDE901310021059105497944CDE9DA
:10771000031011466846FFF775F90FB000BD000071
:10772000E5FFFFFF0A6802F8010B0A607047D1E924
:1077300000239A4202D2531C0B601070704710B5A0
:10774000436913B1AFF3008001E0FFF7ACF801200B
:1077500010BD127800F124010A7000224A70012243
:10776000EDE711684FF0FF32E9E700002DE9FF5F18
:1077700015468A460446DFF8AC80F8440027D8E96D
:1077800000103E46CDE9001010E03AF816106A46A7
:1077900002A800F0F9FB411C07D02178890603D527
:1077A000E269391891420DD80744761C207880068A
:1077B00002D5E069B84205DDAE42E6DB3AF81600D4
:1077C0000028E2D1A069C01BA0612046FFF744F861
:1077D000D8E90010CDE90010002017E03AF81810A1
:1077E0006A4602A800F0D0FBB0F1FF3F81460BD003
:1077F00000250DF1080B05E0D4E901211BF8050077
:1078000090476D1C4D45F7D308F10100B04280460A
:10781000E4DB206A384420622046FFF733F8BDE8F5
:10782000FF9F00002A3500002DE9F0418046D21D5F
:1078300022F007020025D2E90002F52915A614D08E
:10784000011E72F1000106DA0023D0EB030063EBA6
:10785000020211A608E0D8F800108B0701D50FA688
:1078600002E0490701D50EA601251146002408F1C2
:10787000240704E000F0B8F830323A55641C50EAAE
:107880000102F7D12B46324621464046BDE8F04181
:10789000FFF7B3BC000000002D0000002B0000002B
:1078A0002000000030B4002100F1240408E002F0C0
:1078B0000705D208303542EA4372DB086554491C9B
:1078C00052EA0305F3D10468002310A2250707D567
:1078D000A40600D421B1C46901230DA2641EC461B1
:1078E00030BCFFF78ABC10B5044621461068FFF78C
:1078F0007BFC02462046BDE810400023D2E7D21DA3
:1079000022F00701D1E90023CCE7000000000000CD
:10791000300000003A2800D2303820F02002412AFE
:1079200001D3A2F13700884201D34FF0FF307047F6
:10793000026811441378016018467047D160054908
:107940007944516104497944116200211161114661
:1079500000F0EEB8EDFFFFFF29010000426842B1E0
:10796000016811F8013B23B1521EC0E9001218460C
:1079700070470121C160881E704742685AB1C368D0
:10798000016843B983688B4205D0491E521CC0E987
:107990000012002070474FF0FF30704700487047DA
:1079A0000C050020004870472C0500200048704757
:1079B0000C050020034640688C46002818BF88420A
:1079C0003CBF03464068F8D318681844884207D083
:1079D0000CF1030020F00700001D411A521A014665
:1079E000081D0A60FEF7B7BE30B5B0F10A024FEAD3
:1079F000900E71F100034EEA817EB0EB0E0061EB58
:107A000091014FEA101E4EEA017E10EB0E0041EB91
:107A100011114FEA102E4EEA016E10EB0E0041EBF1
:107A200011214FEA104E4EEA014E10EB0E0041EBD1
:107A30001141401841F100014FEAD00040EA417085
:107A40004FEAD10110EB80054FEA810444EA9074BB
:107A500044EB01046D1944EB0404521BA3414FF0A5
:107A6000000348BF0A3200D530BD401C41F100017F
:107A700030BD10B50446FFF749FB0068005D00F01B
:107A8000010010BD2DE9F0411F46044603260168A0
:107A9000072A01F4006004DB08B116A505E016A56D
:107AA00003E008B115A500E015A521F01000206045
:107AB000A069C01EA0610FB1401EA0612046FEF764
:107AC000CBFE4FB1D4E9012138469047206A401CD3
:107AD0002062C01C206206E0206AFAE7D4E9012196
:107AE00015F8010B9047761EF8D22046FEF7CAFE25
:107AF000BDE8F0814E414E006E616E00494E460079
:107B0000696E660010B5436913B1AFF3008001E000
:107B1000FFF72CFE012010BD128800F124018284A1
:107B20000022C2840122EDE711684FF0FF32E9E73D
:107B30002DE9F34F4FF0000A0C4656468DB0012058
:107B40000C9001F10C000B9062690B980121904799
:107B5000051E2DD0252D2CD0216A8847C0B1626921
:107B60000B9801219047216A88470028F7D1626964
:107B7000411E0B98904700E0761CA1690D9888473C
:107B8000216A88470028F7D1E1690D988847DBE72B
:107B9000A1690D988847A842074601D1761CD3E712
:107BA000E1690D9888477F1C02D1BAF1000F6FD0B0
:107BB0006BE162690B9800273D46394690472A28B9
:107BC00004D162690B98012190470125DFF8D0822A
:107BD00062690B9801219047A0F130010A290AD26D
:107BE0004745E5DC07EB870100EB4107303FDFD479
:107BF00045F01005ECE7E90601D46FF000476C286A
:107C00000AD04C2814D0682815D06A280DD07428C2
:107C10001CD07A281AD01DE062690B980121904788
:107C20006C2802D045F0040514E045F002050DE093
:107C300045F020050AE062690B9801219047682809
:107C400002D045F0080505E045F4006562690B982F
:107C500001219047C4E9015765283DD019DC582817
:107C60007AD00CDC452837D004DC252826D04128E2
:107C70009ED131E046282FD0472899D12CE05B28AF
:107C800077D0612828D063287CD0642823D15AE09B
:107C9000F6E06F2848D008DC66281DD067281BD086
:107CA000692821D06E2816D127E0702845D0732886
:107CB00068D0752847D078280DD14DE0A1690D987E
:107CC0008847252805463FF469AFE1690D98884744
:107CD0006D1C3FF46AAFD8E00D9923466A466FF0F9
:107CE0000100AFF30080C5E045F0400023464FF0AF
:107CF00000026060A80736D43EE0E8077FF447AF93
:107D00002068011D21600068290501D506701BE768
:107D1000290701D5068017E7A90703D5F117C0E9A0
:107D2000006111E706600FE745F0400023464FF081
:107D300008026060A80716D41EE040F60E0125EA8E
:107D40000100606016E045F0400023464FF00A0253
:107D50006060A80707D40FE045F040006060A80706
:107D600008D5234610220D996FF00100AFF3008073
:107D700080E007E0102223460D996FF00100FEF726
:107D800023FF77E04FF0000963284F46C8464B4673
:107D9000CB4602D05B2806D038E0E80601D40120AB
:107DA000A060012732E06269D4F80CB00B98012181
:107DB00090475E2807D14FF0010949466269D4F81F
:107DC0000CB00B989047216939B900210A4603ABE2
:107DD00043F82120491C0829FADBD8B3216949B3AB
:107DE00008F1010862690B98012190475D28F4D1E0
:107DF000B9F1000F09D0002003A951F82020D24387
:107E000041F82020401C0828F7DB03AB206900283C
:107E100020794FEA40701ED05B462246CDF80080A4
:107E2000CDE901970D9900286FF0010020DAAFF33A
:107E300000801FE0C11703AA00EBD1614B1121F0B4
:107E40001F0102EB8302411A13680120884003439B
:107E50001360C7E719E00D99224600286FF0010072
:107E6000009702DAAFF3008004E0FEF753FF01E071
:107E7000AFF3008000280ADA401C06D10C9820B12C
:107E80004FF0FF300FB0BDE8F08F5046FAE7E9073A
:107E900001D10AF1010A064400200C9054E60000CA
:107EA000CCCCCC0C2DE9F047814616468AB035483B
:107EB00078440DC88DE80D0032487844801C03AC2E
:107EC0000DC884E80D0041F69B300844372190FB33
:107ED000F1F290FBF1F5A5F1800501FB12041B3CCA
:107EE00002D56442012000E00020DFF898A080461F
:107EF0000027FA44AAF1BE0A0EE0E0070AD0324693
:107F0000684607EB470101230AEB810100F0B7FB4C
:107F10008DE8070064107F1C002CEED1194F7F44C0
:107F2000AE3F19E0E80715D007EB04100DF1180A71
:107F300090E80E008AE80E00C068F04201D198195E
:107F400008903246012306A903A800F098FB03AB72
:107F500083E807006D10641C002DE3D14FF001038E
:107F600032466946B8F1000F03A802D000F072FB58
:107F700001E000F084FBC9E90001C9F808200AB05B
:107F8000BDE8F087802E000070B516460C46054609
:107F9000FFF7BCF8036893F80101012806D0FF2C15
:107FA0000FD8185D68B101202C7070BDD3F807019F
:107FB0003246214603F2071303442846BDE87040C9
:107FC00018474FF0FF3070BD10B500F039F8BDE82C
:107FD000104000F02FB870477546FFF7DFFCAE4643
:107FE00005006946534620F00700854618B020B5C5
:107FF000F8F7DCFABDE820404FF000064FF000072C
:108000004FF000084FF0000B21F00701AC46ACE840
:10801000C009ACE8C009ACE8C009ACE8C0098D46AD
:10802000704710B50446AFF300802046BDE810400D
:10803000F8F71DB9002801D000F06AB870470000B9
:1080400010B5012805D0002103A000F067F8012039
:1080500010BD09A1F8E7000053494752544D454D62
:108060003A204F7574206F662068656170206D65D9
:108070006D6F7279000000003A2048656170206DD4
:10808000656D6F727920636F7272757074656400CC
:108090004FF0013C50F8042B51F8043B9A4221D197
:1080A000A2EB0C03934313EACC1317D150F8042B23
:1080B00051F8043B9A4215D1A2EB0C03934313EA07
:1080C000CC130BD150F8042B51F8043B9A4209D140
:1080D000A2EB0C03934313EACC13DBD04FF0000068
:1080E000704700BFD01A01BAB1FA81F101F018014E
:1080F00022FA01F0CB40C1F12001DBB2C0B2C01ABC
:108100002CFA01F3D11A914311EAC311E6D1704759
:1081100001491820ABBEFEE72600020070B50546F7
:108120000C460A2000E06D1C00F011F835B12878EB
:108130000028F8D102E0641C00F009F814B120789E
:108140000028F8D1BDE870400A20AFF3008008B5E0
:1081500069468DF800000320ABBE08BD5FEA400C05
:1081600008BF91F0000F4FEA8C234FEAC12243EA87
:1081700051514FEA1C5018BF00F5F0404FEA300053
:1081800018BF41F000415FEA6C5C00F02980BCF14F
:10819000FF3F08BF40F080407047130C06BF120439
:1081A0004FF0100C4FF0000C130E04BF12020CF134
:1081B000080C130F04BF12010CF1040C930F04BF41
:1081C00092000CF1020CD30F04BF52000CF1010C11
:1081D00011464FF00002A0F11F00A0EB0C00704709
:1081E00011F0004F08BF704731F000413FF4D5AFA8
:1081F0000B0C06BF09044FF0100C4FF0000C0B0ED7
:1082000004BF09020CF1080C0B0F04BF09010CF1AB
:10821000040C8B0F04BF89000CF1020CCB0F04BFC0
:1082200049000CF1010CCCF12003A0EB0C0022FA68
:1082300003F302FA0CF241EA030100F10100704776
:1082400020F07F4C80EA030023F07F47ACEB07036C
:1082500003F57C5300F0004003F1FF032DE9804952
:108260004FEA154B09B44FEA144325EA0B4E24EAB2
:1082700003480FF2042606EB132749083E785FEA0D
:10828000320203FB0667C7F5000707FB06F64FEA55
:1082900054374FEAD64606F1020607FB066CCCF1CE
:1082A000005C4FEA1C472CEA074C07FB06F40CFB6A
:1082B00006F504EB15464FEA961634BF00204FF042
:1082C00000404FEAD13706FB07FC4FEA1C4C0CFB81
:1082D0000BF7D21B03FB0CF761EB07010CFB0EF74E
:1082E000B0EB074072EB17420CFB08F734BFA2EB70
:1082F0000742B2EB074261EB17414FEA0C444FEAE9
:10830000910706FB07FC4FEA1C4C0CFB0BF7B0EB8C
:10831000C74072EB573203FB0CF734BFA2EBC742E6
:10832000B2EBC74261EB57310CFB0EF7B0EBC70065
:1083300072EB57720CFB08F734BFA2EBC702B2EB2B
:10834000C70261EB5771039F4FEA816141EA9211C5
:1083500004EBCC044FEAD1374FEA826206FB07FCFC
:1083600042EA90124FEA80604FEA1C4C0CFB0BF77C
:10837000D21B03FB0CF761EB07010CFB0EF7B0EB14
:10838000074072EB17420CFB08F734BFA2EB074221
:10839000B2EB074261EB17414FEA8C554FEA910768
:1083A00004EB9C2406FB07FC4FEA1C4C0CFB0BF770
:1083B000B0EBC74072EB573203FB0CF734BFA2EBB4
:1083C000C742B2EBC74261EB57310CFB0EF7B0EB83
:1083D000C70072EB57720CFB08F734BFA2EBC70261
:1083E000B2EBC70261EB577115EB4C254FEA816187
:1083F00041EA92114FEA82624FEAD13742EA901283
:1084000006FB07FC44F100044FEA80604FEA1C4C75
:108410000CFB0BF7D21B03FB0CF761EB07010CFB0A
:108420000EF7B0EB074072EB17420CFB08F734BFB6
:10843000A2EB0742B2EB074261EB174115EB1C15AB
:108440004FEA813141EA92414FEA823242EA904258
:108450004FEA80304FEA0C7644F1000448EA0343C7
:108460004EEA0B484FF0000EB2EB080C71EB03071D
:1084700024BF624639464EEB0E0E4FF0000B00183B
:10848000524149414BEB0B0BB2EB080C71EB03076C
:108490007BF1000B24BF624639464EEB0E0E4FF0C7
:1084A000000B0018524149414BEB0B0BB2EB080C8F
:1084B00071EB03077BF1000B24BF624639464EEB9C
:1084C0000E0E51EA020718BF46F0010616EB0E76B3
:1084D00055F1000254F1000103D5BDE88901BDE862
:1084E0000088BDE88901BDE80048B619524141EB5A
:1084F0000101A3F10103704780807F7E7D7C7B7A40
:108500007978777676757473727171706F6E6E6D3F
:108510006C6C6B6A6A6968686766666564646363E5
:1085200062616160605F5F5E5E5D5D5C5C5B5B5A6B
:108530005A595958585757565655555554545353D8
:1085400052525251515050504F4F4F4E4E4D4D4D33
:108550004C4C4C4B4B4B4A4A4A494949484848477E
:1085600047474746464645454544444444434343BC
:108570004342424242414141002B9C4630D4770065
:108580002BD01CB54FEA370703B44FF010004FF063
:108590001001BAF1000F06D0BCF1000FDCBF40F0B3
:1085A000080040F008014FF000000FBCBDE810408B
:1085B0000BF1010BBBF1010F08BF5FEA170722BFE8
:1085C00012F1010211F101014FF0004143F10003EA
:1085D00000F0004043EA00007047F9D35708D0E7A5
:1085E00046EA064613F1400F4FEA16461FDD13F127
:1085F000200FDFBF16430A46002120335B42BED066
:10860000C3F1200746EA064602FA07F74FEA164684
:1086100046EA0706C3F1200722FA03F201FA07F738
:1086200021FA03F14FF0000342EA0702A7E746EA06
:10863000020646EA06464FEA164646EA0106BCBF6F
:1086400046EA0646360C4FF000034FF000024FF0AA
:10865000000194E72DE9804C9A46934670B491E866
:10866000380007C831EA400C48BF34EA430C03D550
:10867000FFF7E6FDFFF780FFF0BCBDE8008C2DE9B9
:10868000804C9A46934670B491E8380007C810F0C1
:10869000804F08BF13F0804F03D100F005F8FFF7BB
:1086A0006BFFF0BCBDE8008C20F07F4780EA030040
:1086B00023F07F4C07EB0C03A3F57C5300F0004044
:1086C000A3F1FE0392F0000F00F0B38095F0000FCD
:1086D00000F077802DE901494FEA11404FEA144636
:1086E00021EA004800FB06FC24EA064708FB06F6E0
:1086F00007FB08F800FB07F718EB06484CEB164C95
:108700004FEA124B18EB07484FEA15464CEB17405F
:1087100022EA0B4E0BFB06FC25EA06470EFB06F68B
:1087200007FB0EFE0BFB07F71EEB064E4CEB164C41
:108730004FF000061EEB074E4CEB174B18EB0B08E7
:1087400040F1000018EB0E0B58EB000840F1000060
:108750008F1A4FF000013CBFC943661B14BFB5EB35
:10876000040C00213CBFC943F61B4FEA17444EEAF4
:108770008E0E27EA04454FEA1C4704FB07622CEAE9
:10878000074C05FB07F70CFB05F604FB0CFC16EB8E
:10879000074642EB174216EB0C4642EB1C421BEB22
:1087A000060658EB0202414146EA9E0601D5BDE8A5
:1087B0000189B619524141EB0101A3F10103BDE862
:1087C00001894FEA14454FEA114724EA054621EA98
:1087D000074C05FB07F406FB07F70CFB06F105FB4E
:1087E0000CFC11EB074144EB17444FEA124711EB25
:1087F0000C4144EB1C4422EA074C05FB07F206FB44
:1088000007F70CFB06F605FB0CFC16EB074642EBE4
:10881000174216EB0C4642EB1C456A1854F1000156
:1088200048BF7047B619524141EB0101A3F1010362
:10883000704795F0000F37D04FEA11424FEA1447C6
:1088400021EA024624EA074C02FB07F106FB07F780
:108850000CFB06F402FB0CFC14EB074441EB174144
:108860004FEA154714EB0C4441EB1C4125EA074C39
:1088700002FB07F506FB07F70CFB06F602FB0CFCF8
:1088800016EB074645EB174516EB0C4645EB1C422D
:10889000121951F1000148BF7047B619524141EB1E
:1088A0000101A3F1010370474FEA14454FEA114754
:1088B00024EA054621EA074C05FB07F106FB07F70A
:1088C0000CFB06F24FF0000605FB0CFC12EB074216
:1088D00041EB174112EB0C4251EB1C4148BF704772
:1088E000921841EB0101A3F101037047490050EADE
:1088F000C12018BF04204A0D18BF40F0010040F20B
:10890000FF72B2EB515F08BF40F00200012808BFC0
:10891000052070472DE9F0414F1E00EBC7010446CA
:10892000D1E9000115461E4637F006020DD02A4651
:10893000334601F0EBF87F1E04EBC703D3E90023B5
:1089400000F012FE37F00602F1D1022F25D0042FDD
:1089500013D0062F18BFBDE8F0812A46334601F038
:10896000D5F8D4E90A2300F0FFFD2A46334601F08A
:10897000CDF8D4E9082300F0F7FD2A46334601F08C
:10898000C5F8D4E9062300F0EFFD2A46334601F08E
:10899000BDF8D4E9042300F0E7FD2A46334601F090
:1089A000B5F8D4E9022300F0DFFD2A46334601F092
:1089B000ADF8D4E90023BDE8F04100F0D5BD0000DA
:1089C000002213461046014900F08ABE0000F03F25
:1089D00000F0CABD002213461046114600F080BECA
:1089E00040F2013200204FF0E04101F044BC0000B1
:1089F000024A0020110701F03EBC000001FDFFFF0C
:108A000030380A2801D2012070470020704700004A
:108A10002DE9F041C1F30A52A2F2FF362F4A304B42
:108A20000D460446142E2FDA002E12DA00F09CFDBB
:108A30000022134601F068F94CD2002DA4BF002497
:108A4000254647DA25F00040204318BF254D41D088
:108A500018E0DFF894C02CFA06F705EA070C5CEA88
:108A6000040C08BFBDE8F08100F07EFD0022134633
:108A700001F04AF92ED2002D03DA4FF48010F040B5
:108A80000544BD43002425E0332EC8BFBDE8F08176
:108A9000A6F1140C4FF0FF3727FA0CF73C4208BF41
:108AA000BDE8F08101F066F90022134601F02CF9CF
:108AB00010D2002D0DDA142E08BF6D1C09D0C6F19E
:108AC0003400012101FA00F02044A04238BF6D1C9F
:108AD0000446BC4329462046BDE8F0819C750088C9
:108AE0003CE4377E0000F0BFFFFF0F002DE9F04DA2
:108AF0001D460C4698B0174621F0004123F0004374
:108B0000002814BF4FF0010C4FF0000C0CEB440C8C
:108B1000FE4A0CEB02064FEA620C66452BD33E0080
:108B200018BF012606EB45061644F94A964222D3A1
:108B3000F84A53EA070C02D0944205D148B918B05C
:108B400000201146BDE8F08D002808BF4FF0000C52
:108B500001D04FF0010C0CEB440212F5001F0AD8B3
:108B6000002F14BF4FF0010C4FF0000C0CEB45022E
:108B700012F5001F07D918B03A462B462146BDE82A
:108B8000F04DFFF725BF0022DFF88CA3002CB8BF03
:108B9000534526DADFF884C36345A8BF022220DAF2
:108BA000DFF870C39C451CDCDFF874C30CEB235C5E
:108BB000BCF1140F08DDCCF1340627FA06FC0CFAE0
:108BC00006F6BE420DD108E05FB9CCF1140623FAD7
:108BD00006FC0CFA06F69E4203D10CF00102C2F12B
:108BE000020251EA000C19D1002D17DA002C18BF2F
:108BF000022A01D0012A07D00220FEF7E6FA18B0B7
:108C0000BDE8F04DFFF7DCBE0220FEF7DEFAFFF70D
:108C1000D7FE18B081F00041BDE8F08DB7F1000C2F
:108C20006CD1534525D104F1804212F5801201BF69
:108C300000280020B74918B008BFBDE8F08DB5483E
:108C4000884207DC002DA1BF6046294618B0BDE868
:108C5000F08D07E0281E05DA80F0004118B060466C
:108C6000BDE8F08DAF497944D1E9000118B0BDE805
:108C7000F08DDFF8A0C2634525D1002D1FDA19B1B0
:108C8000514512D1D8B909E0002840F0EC82A24A3F
:108C9000214618B062F31E01BDE8F08D0020214688
:108CA00018B060F31E01BDE8F08D08DA18B0234655
:108CB000BDE8F04D02460020614600F011BD18B03D
:108CC0002146BDE8F08D514518DAB5F1804F0DD041
:108CD000A5F1005CBCF1FF5C10D1B4F1000C0DDB20
:108CE00018B06146BDE8F04D00F0ECBB234618B06B
:108CF0000246BDE8F04D194600F008BF060024F01A
:108D0000004C3BD1D9B1514533D1002C06DD002DAB
:108D1000A1BF0020514618B0BDE8F08D002C01DD48
:108D2000002D1BDB002C13DA002D11DB012A4FF084
:108D3000000014BF78497C4918B0BDE8F08D022AC4
:108D400018BF002C0AD0012A08D1002C06DA0AE04C
:108D5000002CB8BF002D11DA012A04D0002018B071
:108D60000146BDE8F08D18B000204FF00041BDE88D
:108D7000F08DA1F14050B0F17F601AD0012000EBDE
:108D8000E47050EA020421D0624C521E4FF0000BF6
:108D9000104304BF4FF0000B644C654883427CDDF8
:108DA000644A654893421FDD884217DB002D25DBAE
:108DB00037E0002C00DA4AB1022A0CBF01204FF044
:108DC000FF3018B0BDE8F04D00F04DBE0120FEF7B9
:108DD000FCF918B0BDE8F04DFFF7FCBD4D4A8A42E2
:108DE00002DC002D0ADC1CE0814202DA002D18DAD8
:108DF00004E0484B994220DD002D12DD0220FEF7F1
:108E0000E4F9FFF7EDFD05460E46002253465846AD
:108E1000214600F07BFE18B066F31E012846BDE82F
:108E2000F08D0220FEF7D1F9FFF7E2FD0A46214658
:108E300018B062F31E01BDE8F08D00223046614695
:108E400001F08AF880460E466FF0010201F013FA35
:108E50004FF05532394B00F08DFF4246334600F05B
:108E600055FE0022364B00F085FF824642463346CF
:108E700004911046194600F049FE5246049B00F04A
:108E800045FE8A4600904FF0C0422E4B4046314688
:108E900000F03CFE2C4A2B4B00E027E0CDE9060118
:108EA0005146009800F032FE82460191274A284B35
:108EB0004046314600F02AFE5246019B01F04CF834
:108EC00082460B4602460591DDE9060100F04CFBA7
:108ED000DDE9062300268846304601F03DF852467B
:108EE000059B00F047FF024600F07EB90020B1F577
:108EF000801F07DA35223046614601F0BCF906468C
:108F00006FF0340000EB215024E00000FFFF1F0051
:108F1000FFFF0F000000F03F0000F07F0000404323
:108F200001FCFFFF462000000000F0FF0000F0BF42
:108F30000000E0410000F043FFFFEF3F5555D53FF3
:108F40000000E03F4715F73FFE822B6544DF5DF8E8
:108F50000BAE543EA0F2FF300190C1F3130040F07D
:108F60007F6141F040510291FE498842D8BF002004
:108F700004DDFD498142C8BF012001DD0D9008E0FC
:108F800000200D900198401C01900298A0F58010DF
:108F900002900299F54878440B910D9900EBC100BD
:108FA000D0E900230F9330460A920B9900F0D4FFCA
:108FB000CDE90601DDE90A2130460F9B00F0D4FA25
:108FC00002460B460020EA4900F08AFB0591024662
:108FD0000B460090DDE9060100F098FD1490E5488D
:108FE0008A464FF0000878440299006812904FF0CA
:108FF000005040EA61010D980F9B01EB804000F5A5
:10900000002109910A9A129800F0A6FF32460B9BA4
:1090100000F0B0FE4246534600F078FD064602914D
:1090200040465146099B129A00F070FDDDE9062387
:1090300000F0A0FE3246029B00F08EFF059B009AD6
:1090400000F064FD0091149A0490534610461946AE
:1090500000F05CFD06460246C7480B460291062119
:109060007844FFF757FCCDE90510029B32461046C5
:10907000194600F04BFDDDE9053200F047FD059192
:109080000646534640461946149A00F06DFA009B76
:10909000049A00F03BFD3246059B00F065FACDE9ED
:1090A0000510424653461046194600F02FFD002297
:1090B000B24B02910A9000F057FADDE9053200F058
:1090C00053FA0E464246AD4B404600F045FF029B28
:1090D0000A9A00F041FFDDE9053200F04BFE4246FE
:1090E00002910A9033461046514600F00FFDCDE93B
:1090F00006015346149A02990A9800F007FD8A4621
:109100000290334642460099049800F0FFFC534613
:10911000029A00F029FA82460B4602460591DDE9E3
:10912000060100F021FADDE9062300208846064604
:1091300000F012FF5246059B00F01CFE824609918A
:109140004FF060428E4B3046414600F0DFFC049009
:1091500006918C4A8A4B5046099900F0D7FC82460A
:109160000291894A894B3046414600F0CFFC524675
:10917000029B00F0F9F9864B7B440D9A03EBC20386
:10918000D3E9002300F0F0F90E900791019800F068
:109190006AFC0591DDE9061382460E9A049800F0F8
:1091A000E3F97C4A7A440D9B02EBC303D3E9002325
:1091B0000093029200F0D8F95246059B00F0D4F9D2
:1091C0000026884652463046059B00F0C5FE009BAF
:1091D000029A00F0C1FE069B049A00F0BDFE079BB8
:1091E0000E9A00F0C7FD024600200B46029038465A
:1091F000294600F08BFC824601912B4638461946E1
:10920000029A00F0A9FE3246434600F07FFC524627
:10921000019B00F0A9F907468A4632464346294693
:10922000029800F073FC05460E463A46534600F09D
:109230009BF9594A8846914221DBA8EB020353EA85
:10924000000210D12A46334600F086FECDE9040123
:10925000524A534B3846514600F086F9DDE9042363
:1092600000F052FD21D20220FDF7AFFFFFF7B8FB5F
:109270000A46214618B062F31E01BDE8F08D494B45
:1092800028F000429A4210D3474A08EB020353EAFF
:1092900000027FF4C6AD2A46334600F05DFE3A4632
:1092A000534600F031FD7FF6BCAD0022019228F05C
:1092B00000403E493E4A01EB2051824223DA481CDD
:1092C0004FF4801121FA00F040443A4AC0F30A51A9
:1092D0007A44394BA1F2FF31CB4020EA0303C0F3BB
:1092E000130040F48010C1F11401C84012680190CD
:1092F000B8F1000FBCBF404201902846314600F053
:109300002BFE05460E462A4633463846514600F0A7
:109310002BF94FF000084246284B4046059100F0DB
:10932000F5FBCDE90601264A264B4046059900F09B
:10933000EDFB009102902A4633464046059900F025
:109340000BFE3A46534600F015FD1F4A1F4B00F036
:10935000DDFB009B029A00F007F9074688460246AB
:109360000B4635E08E9803007AB60B00861C000091
:109370000000F03FC61C0000EC1B0000000008408D
:1093800009C7EE3FFD033ADCF5015B14E02F3EBE5A
:10939000C41A0000881A000000009040FE822B656D
:1093A0004715973C00CC904000346F3F01FCFFFF15
:1093B0000000E03FDC190000FFFF0F00432EE63FF6
:1093C000396CA80C615C20BEEF39FAFE422EE63FF4
:1093D000DDE9060100F0C8F8DDE9062305460E4682
:1093E00000F0BAFD3A46434600F0C4FC0F462A4658
:1093F000334600901046194600F088FB824602462C
:109400002E4888460B4605217844FFF783FA5246DA
:10941000434600F07BFB2A46334600F0ABFC804617
:109420008A463B4628463146009A00F06FFB3B4691
:10943000009A00F099F80691009000224FF08043C6
:109440004046514600F088FD0F460C904246534678
:109450002846314600F05AFB3B460C9A00F040F992
:10946000069B009A00F078FD2A46334600F074FD12
:109470000022134B00F07EFC054601980E4601EBDE
:1094800000510815002810DC28463146019A00F0EA
:10949000F2FEFFF72BFA042808BFFFF7A9FA2846C7
:1094A0003146019A00F0E7FE05460B4618B02A4601
:1094B00058462146BDE8F04D00F028BB7418000066
:1094C0000000F03F2DE9F04106460F4600F05EFC3B
:1094D000041E0D4618BF0120284320F00040C0F1B3
:1094E0007F6000F1E040C00F0ED0301C18BF01209B
:1094F000384320F00040C0F17F6000F1E040C00F31
:1095000004BF0120FDF761FE20462946BDE8F08139
:1095100010B500290AD00878002807D005487844FB
:10952000FEF7B6FD002801D0002010BD02487844A7
:1095300010BD0000721900006A19000010B5002962
:109540000AD00878002807D005487844FEF7A0FD27
:10955000002801D0002010BD0248784410BD000052
:10956000561A00004E1A000010B591EA030F48BFCA
:1095700083F0004300F1F884841A71EB030C05D2E8
:10958000121943EB0C03001B61EB0C01DFF824E123
:109590004FEA1154A4EB135C1EEA430F18BF9EEA76
:1095A000445F73D023EA0E03DCF1200E21EA04515C
:1095B00043F4801332D322FA0CFE10EB0E0023FA90
:1095C0000CFE41EB0E01CCF1200E03FA0EFE10EB67
:1095D0000E0051F10001B1F5801FCCF1200E32D206
:1095E00001EB045112FA0EF2BDE8104058BF70476B
:1095F000401C38BF5FEA420218BF7047002814BF02
:1096000020F0010041F100014FEA410313F5001F72
:1096100038BF7047A1F1C04100F070BB012A43EB95
:109620000302ACF1200CDCF11F0E32BF4FF0000E34
:1096300023FA0CF310EB030041EB0451B4EB115F80
:10964000D0D0A1EB045101F5801149085FEA300048
:1096500001EB04510ED350F1000038BF12FA0EFE98
:1096600008D1BDE81040C9E7401C38BF5FEA42029C
:10967000CAD1C3E7BDE810404FEA410313F5001F0C
:1096800038BF7047A1F1C04100F038BB9EEA445F8B
:1096900008D011EA5E0FBDE8104004BF01F00041A0
:1096A00000207047BDE8104070B500F0D9FA00BF47
:1096B00064FBBE3E0000E0FF02494FF0000000F0F6
:1096C000A8BD00BF0000F87F491058BFC1F140415C
:1096D0005B1058BFC3F140438B42EFF300807047EB
:1096E0002DE9C04130B4DFF8A0C23CEA111418BF24
:1096F0003CEA131400F0EC8081EA03051CEA111423
:1097000044EAD57418BF1CEA131500F0C780A4EB17
:1097100005044FF0004545EAC12145EAC32341EA6B
:10972000505143EA525304F17F74994204F50034D6
:109730004FEAC0204FEAC22208BF904200F09C804E
:109740004FEA13650FF24016765D4FEA134506FBAC
:1097500005F7C7F1807706FB07F74FEAD737A7FB76
:1097600003687642C8F58038A7FB06CE38BFA8F15B
:10977000010807FB08E64FF0000EA6FB028CE6FB93
:1097800003CEDCF1000CCEF1004E38BFAEF1010E7D
:10979000A6FB0C584FF000074FF00005E6FB0E87C4
:1097A000A1FB08C6A0FB07CE16EB0E0645F100058F
:1097B000E1FB076515F1E04E7EBFA4F580345FEA5A
:1097C00046066D4116F1800745F100054FEA17275F
:1097D0004FEA066647EA0567A6F1DE46B6F1805F06
:1097E0004FEA15251FD9384624F0010C05EBC4714A
:1097F000BCF1FE6F01EB0C1102D8F0BCBDE800819A
:1098000024425CBF01F5801E9EEAC47F02D4F0BCF6
:10981000BDE80081244238D4F0BCA1F1C041BDE8CC
:10982000004100F06BBA4FEAD22242EA43524FEABB
:10983000D323A7FB02864FEAD02040EA415007FB22
:1098400003661EEA0E0F4FEAD12105FB026658BFE0
:10985000A6EB0056B6EB00564FEA520E4EEAC37E18
:1098600018EB0E0E56EB530EBDD518EB02085E41F9
:109870007F1C55F10005B6E74FF480154FF0000747
:109880004FF000064FF00008ADE7F0BC4FF00000CD
:1098900001F1C04101F00041BDE8008111EA0C1F57
:1098A0000CEA131500D00CE013EA0C1F00F0258021
:1098B0004FF00000F0BC81EA030101F00041BDE877
:1098C0000081F0BCBDE8004181EA030100F016BA56
:1098D000F0BCBDE8004170B500F0C2F9097EFC3E65
:1098E00000F007B881EA03014FF0000001F00041E9
:1098F000704781EA030100F001BAF0BCBDE8004105
:109900004FF0000021497047FFFDFBF9F7F5F4F235
:10991000F0EEEDEBE9E8E6E4E3E1E0DEDDDBDAD80A
:10992000D7D5D4D3D1D0CFCDCCCBCAC8C7C6C5C468
:10993000C2C1C0BFBEBDBCBBBAB9B8B7B6B5B4B37F
:10994000B2B1B0AFAEADACABAAA9A8A8A7A6A5A46A
:10995000A3A3A2A1A09F9F9E9D9C9C9B9A9999982E
:109960009797969595949393929191908F8F8E8ED1
:109970008D8C8C8B8B8A898988888787868585845E
:1099800084838382828181800000FF070000F87F4A
:1099900051EA030C17D41CF5801F58BFBCF5801F7B
:1099A00000F10680994218BF704708BF9042704787
:1099B00007D711F5801F58BF13F5801F19D499429E
:1099C0007047894270471CF5801F08D5BCF5801F81
:1099D000F7D58B4218BF704708BF824270474FF4DB
:1099E000001C1CEB410F38BF1CEB430F01D28B4214
:1099F000704770B500F034F9922449004FF00051DF
:109A00004FF08053FFF760BE4FEA41034FEA5353D4
:109A1000A3F58063D3F11E03C8BFD3F1210C0CDD85
:109A20004FF0004242EAC12242EA505232FA03FCAD
:109A30008CEAE17CACEBE1707047102BC4BF0020D6
:109A4000704703F5787CBCF1FF3F04D06FF0004213
:109A500082EA2100704770B500F002F94992248033
:109A600000207047F2E710F0004248BF4042B0FAD1
:109A700080F310FA03F10AD0C3F11D0303F58063EC
:109A80004FEA415002EB035202EBD12170474FF0F5
:109A90000000704751EA030C17D41CF5801F58BF13
:109AA000BCF5801F00F10680994218BF704708BFBF
:109AB0009042704707D711F5801F58BF13F5801FDC
:109AC00019D499427047894270471CF5801F08D508
:109AD000BCF5801FF7D58B4218BF704708BF824284
:109AE00070474FF4001C1CEB410F38BF1CEB430FB9
:109AF00001D28B42704770B500F0B2F89224490051
:109B00004FF000514FF08053FFF7DEBDDFF848C142
:109B100070B51CEA111E1EBF1CEA13159EEA0C0F3D
:109B200095EA0C0F00F06F8081EA030423EA4C13DE
:109B30004EEAD47E21EA4C1141F4801143F48013A3
:109B4000AE44A1FB024CA0FB0365AEF17F7E36194B
:109B500055EB0C05A1FB034C4CF10003A0FB021CD0
:109B600016EB0C06654153F10003094218BF46F09D
:109B7000010613F4007F0BD14FEA03314FEA0530A1
:109B8000340341EA155140EA16506FF003020AE02F
:109B90004FEAC3214FEAC520F40241EA555140EA99
:109BA00056506FF0020202EB2E4201EB025585EA9D
:109BB000CE710AD05FEA440C18BF24F0004450F183
:109BC000000041F1000120EAD47040F2FE7C6245C1
:109BD00000D270BDA84214BF4FF080444FF0404403
:109BE000002E08BF0024BEF1806FA8BFA1F1C041C4
:109BF000BDE8704080F282804FF0000001F1C0416A
:109C000001F0004170479EEA0C0F0CEA131518BFD3
:109C100095EA0C0F06D04FF0000081EA030E0EF01B
:109C2000004170BD00F01CF88900013E00F007B84B
:109C300000F009B84FEA430C5FEA5C5C08D081EAA7
:109C4000030100F05BB84FEA410C5FEA5C5CF6D1BF
:109C50004FF00000014970470000FF070000F87F47
:109C60000EF1020E2EF0030E5EF8046B364205D4A0
:109C7000012A43EB030515F5001F12D8012841EB1B
:109C8000010C1CF5001F0CD80ED14FEAD17C15F544
:109C9000001F0CEB4C0C0CF1020C08BF4CEBD37CFE
:109CA00004E04FF0080C01E04FEAD37C0CEB4C05CC
:109CB00026FA05F606F00706B6F1040C06D20EEBFE
:109CC000860CBDE870404CF0010C6047DFE80CF0FA
:109CD000090B02024FF000414FF00000A1F50021F6
:109CE00070BD19461046012851EB010418BFD4F588
:109CF000001484BF002001F0004170BD0808A0F5E9
:109D000000114FEA3101704753EA010C17D41CF5DA
:109D1000801F58BFBCF5801F00F106808B4218BF22
:109D2000704708BF8242704707D713F5801F58BF9E
:109D300011F5801F19D48B4270479B4270471CF568
:109D4000801F08D5BCF5801FF7D5994218BF704712
:109D500008BF904270474FF4001C1CEB430F38BF04
:109D60001CEB410F01D2994270470FB40CBC03BCED
:109D7000FFF7C1BE91EA030F10B581F000413FF536
:109D8000FBAB83F0004300F0EFB800002DE9F04199
:109D900001F5801CBCF5001FC0F2C3804FEA115CC6
:109DA00021EA0C510CF1FD0C41F480115FEA5C0CCE
:109DB0000CF5C07C01D3400049413DA4890241EA31
:109DC000905187028E0E0A0CA45D04FB04F602FB80
:109DD00006F6C6F14046A4FB0662F60D46EA4226A8
:109DE00006FB06F4A4FB01235242C3F1404338BFF3
:109DF0005B1EA6FB02420024E6FB0324D20B42EAD0
:109E00004446A6FB0623A1FB02E2A3FB07E4A41839
:109E10004FF0000252F10002E3FB01426442C2F142
:109E2000404E38BFAEF1010EA6FB04234FF00002F6
:109E3000E6FB0E32A2FB03464FF00004B61954F1C4
:109E40000004E2FB0264A1FB06E6A4FB07E816EBB4
:109E500008064FF0000858F10008E4FB016876425C
:109E6000C8F1405838BFA8F10108A2FB06E4A3FBE3
:109E700008E52D194FF0000454F10004E2FB0854EA
:109E8000A1FB05E6A7FB04E818EB06084FF0000667
:109E900056F10006E1FB048618F1200556F1000694
:109EA000A809A8F11B08B10908F03F08B8F10A0F8A
:109EB00040EA86601CD901EB0C51BDE8F08100BF7F
:109EC000FCF5EEE8E2DDD8D3CFCBC7C3C0BDB9B651
:109ED000B4B1AEACA9A7A5A3A19F9D9B9A98969556
:109EE0009392908F8D8C8B898887868584838281DD
:109EF000A0FB006800FB01F208EB4208B8EB8728E2
:109F000007D5341858EB0104D5D5401C51F1000198
:109F1000D1E7341A78EB0104CDD4401E71F1000171
:109F2000C9E75FEA4C0C5FEA9C5C0DD105D34FF0AA
:109F3000000001F00041BDE8F081BDE8F04170B5DE
:109F4000FFF78EFE6DDBFFBEBDE8F0414FF0000075
:109F5000004970470000F87F10B591EA030F48BF31
:109F600083F000433FF508AB841A71EB030C07D272
:109F700012198CF0004C43EB0C03001B61EB0C013D
:109F8000DFF8A4E14FEA1154A4EB135C1EEA430F7F
:109F900018BF9EEA445F00F0B08023EA6E0352428D
:109FA00021EA0451C3EB6E0338BF5B1EDCF1200EC7
:109FB00025D322FA0CFE10EB0E0043FA0CFE41EB07
:109FC0000E01CCF1200E03FA0EFE10EB0E0051F143
:109FD0000001CCF1200E29D412FA0EF201EB04514B
:109FE000BDE8104058BF7047401C1CBFB2F1004F85
:109FF000704700280CBF491C20F00100704712EB8D
:10A00000020E43EB030218BF4FF0010E4EEA42026C
:10A01000ACF1200CDCF11E0E54D943FA0CFE10EB0F
:10A020000E0051F1FF31CCF11E0ED5D50EF1010E0F
:10A0300012FA0EFE404141EB010101EB445C5FEA84
:10A040005C5C10D910EBDE7001EB045138BFBEF13F
:10A05000004FBDE8104018BF704700280CBF491CD6
:10A0600020F00100704730D24FEAD42C11F50011D6
:10A0700024F400641BD0B1FA81F20B3AA41AA41E96
:10A08000D2F12003914030FA03F31943904001EBE1
:10A09000CC71002C01EB0451BDE81040A8BF704703
:10A0A00001F1C0414FF0000001F000417047B0FAEB
:10A0B00080F310FA03F100D110BDE41A173C4805F3
:10A0C000C90AE4E701EB045110BD491001EB04514A
:10A0D000BDE810404FEA300002E04FF00001704749
:10A0E0004A0008BF0042F8D0B2F5001F28BF7047F1
:10A0F00001F000414FF0000070479EEA445F07D036
:10A1000011EA5E0FBDE8104004BF00210020704737
:10A11000BDE8104070B5FFF7A3FD00BF40DFF63E7D
:10A1200083F00041104670470000E0FF43004FEA13
:10A13000D30C4FEA3C0C43401FBF40070CF1605169
:10A1400013F0FE4F70471CF0006F03D100200CF09D
:10A15000004170470CF0004343EA507010B540EAEC
:10A16000CC0000F00EF800BF000000924FEA0001A2
:10A17000FFF7C4BD4FF000414FF00000A1F50021F2
:10A1800070470EF1020E2EF0030E5EF8044B2442CF
:10A1900004D44FEA4102B2F17F4F11D84FEA400395
:10A1A000B3F17F4F0CD80ED14FEAD07CB2F17F4F84
:10A1B0000CEB4C0C0CF1020C08BF4CEBD17C04E016
:10A1C0004FF0080C01E04FEAD17C0CEB4C0324FA71
:10A1D00003F404F00704B4F1040C06D20EEB840C73
:10A1E000BDE810404CF0010C6047DFE80CF00708B8
:10A1F00002024FF00040A0F5800010BD084642006A
:10A2000018BFD2F1807288BF00F0004010BDFDF78A
:10A210003AB90CF00F03092B08BF082000F0598051
:10A220000A2B0BD0082B18BF704708BF1CF0400F3B
:10A230000AD04FF000004FF0000170471CF0400FB3
:10A2400018BF4FF0004070471CF0100F08D020F0EE
:10A25000704300F07F4242EAD3014FEA43707047F7
:10A2600000F0604021F07F4242EA000201F07F40AE
:10A2700040EA727070474FF0FF0C4CF4E06C1CEA3F
:10A2800011531CBF9CEA030C9445C2BFDA4201EB98
:10A2900002517047002B0DD0BCF1000F0FD0002AE7
:10A2A00001F00041A4BF41F0E04141F07F614FF077
:10A2B0000000704701F000414FF00000704750EA85
:10A2C00001334FF09B0C18BF4CF0806C7FF4F4A965
:10A2D00070471CF4801F11D01CF4E02F03D06FEAEC
:10A2E000CC31490070474FF04050EFF3008222F02C
:10A2F000704242EA000282F3008870474FF000008B
:10A3000070474142434445464748494A4B4C4D4EAD
:10A310004F505152535455565758595A61626364BD
:10A3200065666768696A6B6C6D6E6F707172737465
:10A3300075767778797A3031323334353637383943
:10A340002B2F7F7F7F7F7F7F7F7F7F7F7F7F7F7FC1
:10A350007F7F7F7F7F7F7F7F7F7F7F7F7F7F7F7F0D
:10A360007F7F7F7F7F7F7F7F7F7F7F7F7F3E7F7F3E
:10A370007F3F3435363738393A3B3C3D7F7F7F402D
:10A380007F7F7F000102030405060708090A0B0C02
:10A390000D0E0F101112131415161718197F7F7F49
:10A3A0007F7F7F1A1B1C1D1E1F2021222324252690
:10A3B0002728292A2B2C2D2E2F303132337F7F7FD7
:10A3C0007F7F0000C0E0F0F8FC000000000000000B
:10A3D00000002F000000000700070000147F147F1A
:10A3E0001400242A7F2A12006264081323003649CD
:10A3F00055225000000503000000001C224100000F
:10A400000041221C000014083E08140008083E0801
:10A4100008000000A06000000808080808000060AC
:10A42000600000002010080402003E5149453E0033
:10A4300000427F4000004261514946002141454BA6
:10A4400031001814127F10002745454539003C4A59
:10A450004949300001710905030036494949360070
:10A46000064949291E000036360000000056360015
:10A4700000000814224100001414141414000041B8
:10A4800022140800020151090600324959513E00C8
:10A490007C1211127C007F49494936003E414141FE
:10A4A00022007F4141221C007F49494941007F0928
:10A4B000090901003E4149497A007F0808087F00E8
:10A4C00000417F4100002040413F01007F081422ED
:10A4D00041007F40404040007F020C027F007F042B
:10A4E00008107F003E4141413E007F0909090600F6
:10A4F0003E4151215E007F091929460046494949DC
:10A50000310001017F0101003F4040403F001F201A
:10A5100040201F003F4038403F0063140814630090
:10A52000070870080700615149454300007F414119
:10A530000000552A552A55000041417F00000402C1
:10A5400001020400404040404000000102040000BD
:10A550002054545478007F484444380038444444DC
:10A560002000384444487F00385454541800087E72
:10A570000901020018A4A4A47C007F080404780048
:10A5800000447D4000004080847D00007F1028440E
:10A59000000000417F4000007C04180478007C0823
:10A5A00004047800384444443800FC24242418006F
:10A5B00018242418FC007C0804040800485454544F
:10A5C0002000043F444020003C4040207C001C20F0
:10A5D00040201C003C4030403C00442810284400EF
:10A5E0001CA0A0A07C004464544C44141414141403
:10A5F0001400000000000000000000000000000047
:10A6000000000000F80000000000000033300000EF
:10A610000000100C06100C060000000000000000F6
:10A620000040C07840C0784000043F04043F040468
:10A6300000007088FC08300000001820FF211E0078
:10A6400000F008F000E018000000211C031E211E8D
:10A650000000F00888700000001E21232419272123
:10A660001010160E000000000000000000000000A6
:10A6700000000000E018040200000000071820405D
:10A680000000020418E0000000004020180700004D
:10A6900000404080F0804040000202010F010202B1
:10A6A00000000000F0000000000101011F01010195
:10A6B00000000000000000000080B07000000000FA
:10A6C0000000000000000000000001010101010184
:10A6D0000100000000000000000030300000000019
:10A6E00000000000008060180400601806010000EF
:10A6F0000000E010080810E000000F102020100FEC
:10A7000000001010F8000000000020203F20200072
:10A7100000007008080888700000302824222130CA
:10A720000000300888884830000018202020110ED2
:10A73000000000C02010F8000000070424243F247B
:10A740000000F80888880808000019212020110E50
:10A750000000E0108888180000000F112020110E62
:10A760000000380808C83808000000003F0000005A
:10A77000000070880808887000001C222121221C1B
:10A780000000E010080810E0000000312222110F44
:10A7900000000000C0C000000000000030300000D9
:10A7A0000000000080000000000000806000000049
:10A7B0000000008040201008000001020408102062
:10A7C00000404040404040400004040404040404AD
:10A7D0000000081020408000000020100804020142
:10A7E00000007048080808F0000000003036010042
:10A7F00000C030C828E810E0000718272423140BF5
:10A80000000000C038E0000000203C23020227388E
:10A810002008F8888888700000203F202020110E32
:10A8200000C0300808080838000718202020100849
:10A830000008F808080810E000203F202020100F32
:10A840000008F88888E8081000203F2020232018FE
:10A850000008F88888E8081000203F200003000066
:10A8600000C03008080838000007182020221E0207
:10A870000008F808000008F808203F210101213FE6
:10A8800020000808F8080800000020203F202000D1
:10A890000000000808F8080800C08080807F0000E1
:10A8A0000008F888C028180800203F20012638201A
:10A8B0000008F8080000000000203F202020203081
:10A8C0000008F8F800F8F80800203F003F003F209B
:10A8D0000008F830C00008F808203F200007183FA3
:10A8E00000E01008080810E0000F10202020100FD2
:10A8F0000008F808080808F000203F2101010100C5
:10A9000000E01008080810E0000F18242438504F09
:10A910000008F8888888887000203F2000030C30E9
:10A920002000708808080838000038202121221CE7
:10A9300000180808F8080818000000203F20000050
:10A940000008F808000008F808001F202020201F39
:10A95000000878880000C83808000007380E010099
:10A9600000F80800F80008F800033C0700073C0363
:10A9700000081868808068180820302C03032C30E9
:10A98000200838C800C83808000000203F20000018
:10A990000010080808C83808002038262120201890
:10A9A00000000000FE020202000000007F40404064
:10A9B00000000C30C000000000000000010638C09C
:10A9C0000000020202FE000000004040407F000044
:10A9D0000000000402020204000000000000000069
:10A9E00000000000000000000080808080808080E7
:10A9F00080000202040000000000000000000000CF
:10AA00000000008080808000000019242222223F64
:10AA10002008F8008080000000003F112020110E67
:10AA2000000000008080800000000E112020201116
:10AA300000000000808088F800000E112020103FE8
:10AA4000200000808080800000001F22222222132C
:10AA500000008080F0888888180020203F20200097
:10AA6000000000808080808000006B94949493604C
:10AA70000008F8008080800000203F210000203F77
:10AA80002000809898000000000020203F20200037
:10AA900000000000809898000000C08080807F0047
:10AAA0000008F8000080808000203F24022D302024
:10AAB00000000808F8000000000020203F202000CF
:10AAC000008080808080808000203F20003F200028
:10AAD0003F8080008080800000203F210000203FD8
:10AAE000200000808080800000001F202020201F88
:10AAF00000808000808000000080FFA12020110ED7
:10AB0000000000008080808000000E112020A0FF47
:10AB100080808080008080800020203F21200001F4
:10AB200000000080808080800000332424242419C9
:10AB300000008080E0808000000000001F202000D6
:10AB4000008080000000808000001F202020103F37
:10AB500020808080000080808000010E3008060187
:10AB60000080800080008080800F300C030C300F4C
:10AB70000000808000808080000020312E0E312077
:10AB800000808080000080808080818E70180601A7
:10AB90000000808080808080000021302C222130C5
:10ABA0000000000000807C020200000000003F4026
:10ABB0004000000000FF00000000000000FF000057
:10ABC000000002027C800000000040403F000000C6
:10ABD0000000060101020204040000000000000061
:10ABE0000030313233343536373839414243444509
:10ABF00046403058003031323334353637383961D9
:10AC0000626364656640307800040000080000005C
:10AC10000000000002000100001000000000000021
:10AC2000000000000000F03F000000000000F83FBE
:10AC300000000000000000000000004003B8E23FF8
:10AC4000000000000000000006D0CF43EBFD4C3EAA
:10AC5000033333333333E33FFFAB6FDBB66DDB3F9F
:10AC60004D268F515555D53F01411DA96074D13FE7
:10AC700065DBC9934A86CD3FEF4E454A287ECA3FE1
:10AC80003E5555555555C53F93BDBE166CC166BF63
:10AC90002CDE25AF6A56113FF16BD2C541BDBBBE5C
:10ACA000D0A4BE726937663E0000000000000000BC
:10ACB000000000000000000002400000000000A0B2
:10ACC0000000000005400000000000C80000000077
:10ACD0000C4000000000409C0000000019400000F3
:10ACE0000020BCBE0000000034400000BFC91B8E25
:10ACF00000000004B5400000504BCFD06607E2CF03
:10AD0000010000006C4100003E8251AADFEEA73432
:10AD100001000000D9420000DCB5A0E23A301F97E4
:10AD2000FFFFFFFFB4450000FD25A0C8E9A3C14F08
:10AD3000FFFFFFFFFF3F0000000000800000000059
:10AD4000FF3F00000000008000000000646576699D
:10AD500063655F696422203A2022255B5E225D22C2
:10AD60002C0D0A226E616D6522203A2022255B5E41
:10AD7000225D222C0D0A0D0A2270696422203A20DD
:10AD800025642C0D0A226B657922203A2022255B4E
:10AD90005E225D220000000076657273696F6E3D71
:10ADA0002573267265733D70726F647563747325C5
:10ADB00025324625732525324664657669636573B9
:10ADC0002525324625732665743D2564266D6574F8
:10ADD000686F643D2573267369676E3D25730000B7
:10ADE000504F5354202F6D7174742F76312F64653A
:10ADF00076696365732F72656720485454502F310C
:10AE00002E310D0A417574686F72697A6174696FC9
:10AE10006E3A25730D0A486F73743A6F74612E6829
:10AE200065636C6F7564732E636F6D0D0A436F6E8F
:10AE300074656E742D547970653A6170706C6963D5
:10AE40006174696F6E2F6A736F6E0D0A436F6E7453
:10AE5000656E742D4C656E6774683A25640D0A0D35
:10AE60000A7B226E616D65223A222573227D0000E5
:10AE7000BCAF000800000020CC0200002801000840
:10AE8000C0B00008CC020020A40C0000840100081F
:10AE90001001000043000000F8FFFFFF00404040A9
:10AEA000404040404040414141414140404040409D
:10AEB0004040404040404040404040404005020249
:10AEC0000202020202020202020202020220202008
:10AED0002020202020202002020202020202909064
:10AEE0009090909010101010101010101010101062
:10AEF00010101010101010100202020202028888B6
:10AF000088888888080808080808080808080808C1
:10AF100008080808080808080202020240000000A9
:10AF20000000000000000000000000000000000021
:10AF30000000000000000000000000000000000011
:10AF40000000000000000000000000000000000001
:10AF500000000000000000000000000000000000F1
:10AF600000000000000000000000000000000000E1
:10AF700000000000000000000000000000000000D1
:10AF800000000000000000000000000000000000C1
:10AF900000000000000000000000000000000000B1
:10AFA0001C00000043000000F8FFFFFF0C00000041
:10AFB0000E0000000F0000002E0000001184A24AC5
:10AFC00004680901020304060708090C6910051C3E
:10AFD0000204060813F96614085767091B24610365
:10AFE0001C3636251060028C2BFE92010213FE18CF
:10AFF0000A04047E01407E42427E020413427E40E7
:10B000002809FC242424FC2526240879D791001043
:10B010001140308F80844C55252525554C808080EB
:10B020002809060909E6F80C0402010315041E2E7E
:10B03000071F302040010B152010C049BF0917C061
:10B04000080B504448507F40407F504844C0111B7B
:10B0500040E0581A439E0515485060C04BFE42011F
:10B0600009129F111380701DFF201004012AFC0596
:10B070000910201E6018070830670316807F080C2F
:10B080001104047454545556545454743F112F846D
:10B090008341211D050106117D818185E318090287
:10B0A000028272020202FE080D1042320202801772
:10B0B000814020100C03000811030C1020408080F8
:04000005080000ED02
:00000001FF
