:020000040800F2
:10000000680F0020910500087D0200087F020008AB
:100010008B02000897020008A302000800000000FD
:10002000000000000000000000000000AF02000817
:10003000B102000800000000A7050008B302000894
:10004000AB050008AB050008AB050008B7020008C7
:10005000AB050008AB050008B5020008B71A000898
:10006000AB050008AB050008AB050008AB050008B0
:10007000AB050008AB050008AB050008AB050008A0
:10008000AB050008AB050008AB050008AB05000890
:10009000AB050008AB050008AB050008AB05000880
:1000A000AB050008AB050008AB050008AB05000870
:1000B000AB050008AB050008AB050008AB05000860
:1000C000AB050008AB050008AB050008AB05000850
:1000D000AB050008D7190008D3430008AB0500089A
:1000E000AB050008AB050008AB05000800F002F8FE
:1000F00000F0B4F80AA090E8000C82448344AAF10E
:100100000107DA4501D100F0A9F8AFF2090EBAE80B
:100110000F0013F0010F18BFFB1A43F0010318473B
:1001200098AB0000B8AB00000A444FF0000C10F888
:10013000013B13F0070408BF10F8014B1D1108BF65
:1001400010F8015B641E05D010F8016B641E01F805
:10015000016BF9D113F0080F1EBF10F8014BAD1C55
:100160000C1B09D16D1E58BF01F801CBFAD505E073
:1001700014F8016B01F8016B6D1EF9D59142D6D3CD
:10018000704700000023002400250026103A28BFF5
:1001900078C1FBD8520728BF30C148BF0B607047F9
:1001A0006E2906F0A987702906F04783662909F0B1
:1001B0005487652909F05187672909F04E8761291D
:1001C000AFF3008003681B0A28BF41F08001692952
:1001D00006F0B882642906F0B582752906F0B2826D
:1001E0006F2907F0A682782906F01383E92907F022
:1001F0004182E42907F03E82F52907F03B82EF298E
:1002000007F0A382F82906F012830368DB0928BFF0
:1002100041F08001632907F0C281732907F0C7818B
:10022000E32907F09F83F32907F0A4830020704798
:100230001FB59DE8030006F0B3FE07F0D9FA0400ED
:100240000020002109F08AF8401C60600020002195
:1002500009F09AF8E0601FBD10B510BD07F0E2FD8F
:100260001146FFF7E5FF01F0ACFE07F000FE03B416
:10027000FFF7F2FF03BC07F071FE000070470EA10C
:100280001C4801F084FB00BFFEE71BA1194801F0E8
:100290007EFB00BFFEE727A1164801F078FB00BFF8
:1002A000FEE733A1134801F072FB00BFFEE7704781
:1002B00070477047704770470D0A2A2A2A2A2A2A4F
:1002C0002A2A2A2A2A2A2A2A2A2A2A2A2A486172F1
:1002D000644661756C745F48616E646C65722A2A4D
:1002E0002A2A2A2A2A2A2A2A2A2A2A2A2A2A2A2A6E
:1002F0002A0D0A00003801400D0A2A2A2A2A2A2A31
:100300002A2A2A2A2A2A2A2A2A2A2A2A2A4D656DAC
:100310004D616E6167655F48616E646C65722A2A23
:100320002A2A2A2A2A2A2A2A2A2A2A2A2A2A2A2A2D
:100330002A0D0A000D0A2A2A2A2A2A2A2A2A2A2AC1
:100340002A2A2A2A2A2A2A2A2A4275734661756C81
:10035000745F48616E646C65722A2A2A2A2A2A2AE6
:100360002A2A2A2A2A2A2A2A2A2A2A2A0D0A00007E
:100370000D0A2A2A2A2A2A2A2A2A2A2A2A2A2A2A1A
:100380002A2A2A2A2A55736167654661756C745F4B
:1003900048616E646C65722A2A2A2A2A2A2A2A2A25
:1003A0002A2A2A2A2A2A2A2A2A2A0D0A0000000092
:1003B0000CB50020019000906C48006840F480303B
:1003C0006A49086000BF6948006800F40030009086
:1003D0000198401C0190009818B90198B0F5A06FE1
:1003E000F1D16248006800F4003010B101200090A3
:1003F00001E0002000900098012843D15C4800688B
:1004000040F010005A4908600846006820F00300D8
:1004100008600846006840F00200086053484068E1
:10042000524948600846406848600846406840F4C1
:10043000806048600846406820F47C1048600846A8
:10044000406840F4E81048600846006840F080705A
:10045000086000BF4548006800F000700028F9D02F
:100460004248406820F00300404948600846406820
:1004700040F00200486000BF3C48406800F00C00BB
:100480000828F9D10CBD10B5FFF792FF10BD10B5CB
:100490003648006840F0010034490860084640686A
:1004A00034490840314948600846006832490840EC
:1004B0002E4908600846006820F48020086008463D
:1004C000406820F4FE0048604FF41F008860FFF78A
:1004D000DAFF4FF000602949086010BD10B5002117
:1004E00000200022214B5B6803F00C0121B104299C
:1004F00006D0082928D107E0214B224C236027E0B1
:100500001F4B204C236023E0184B5B6803F47010F2
:10051000164B5B6803F48032022303EB904022B950
:10052000194B4343174C23600DE0104B5B6803F4F9
:10053000003323B1144B4343124C236003E0104BB0
:100540004343104C236003E00D4B0E4C236000BF6F
:1005500000BF064B5B68C3F303130C4CE15C094B13
:100560001B68CB40074C236010BD00000010024008
:10057000002002400000FFF8FFFFF6FE08ED00E05B
:1005800000127A000000002000093D000400002055
:100590000948804709480047FEE7FEE7FEE7FEE717
:1005A000FEE7FEE7FEE7FEE7FEE7FEE70448054953
:1005B000054A064B704700008F040008ED00000854
:1005C00068050020680F00206807002068070020E9
:1005D00031490143314A1160704770B50021002351
:1005E0000F22C47804B32D4C246804F4E064C4F5ED
:1005F000E064210AC1F10403CA40447804FA03F11B
:100600008478144021430901254C0678A1550478CB
:1006100004F01F050124AC4005786D11AD0005F113
:10062000E025C5F8004109E0047804F01F05012425
:10063000AC401C4D0678761145F8264070BD1A4A2C
:100640000A400243154B1B1F1A60704739B1134A09
:10065000121D12680243114B1B1D1A6006E00F4A5F
:10066000121D126882430D4B1B1D1A60704704282F
:1006700008D14FF0E021096941F004014FF0E02278
:10068000116107E04FF0E021096921F004014FF00A
:10069000E0221161704700000000FA050CED00E057
:1006A00000E400E080E100E080FFFF1F10B5044699
:1006B000CC48844208D10121042000F02DFB002108
:1006C000042000F029FB46E0C748844208D10121FC
:1006D000082000F021FB0021082000F01DFB3AE07B
:1006E000C248844208D10121102000F015FB0021EE
:1006F000102000F011FB2EE0BD48844208D10121FA
:10070000202000F009FB0021202000F005FB22E062
:10071000B848844208D10121402000F0FDFA0021B0
:10072000402000F0F9FA16E0B348844208D10121D4
:10073000802000F0F1FA0021802000F0EDFA0AE0BC
:10074000AE48844207D10121801500F0E5FA00216E
:10075000A01500F0E1FA10BD10B50121084600F027
:10076000DBFA0021012000F0D7FA10BD2DE9F0419D
:10077000024600250026002000230024002791F8CF
:1007800003C00CF00F0591F803C00CF0100CBCF185
:10079000000F03D091F802C04CEA050591F800C0A3
:1007A000BCF1000F31D0146800202BE04FF0010C99
:1007B0000CFA00F3B1F800C00CEA03069E4220D107
:1007C00083004FF00F0C0CFA03F7BC4305FA03FC4F
:1007D0004CEA040491F803C0BCF1280F06D14FF095
:1007E000010C0CFA00FCC2F814C00AE091F803C036
:1007F000BCF1480F05D14FF0010C0CFA00FCC2F817
:1008000010C0401C0828D1D31460B1F800C0BCF15E
:10081000FF0F34DD546800202EE000F1080C4FF08B
:10082000010808FA0CF3B1F800C00CEA03069E4276
:1008300021D183004FF00F0C0CFA03F7BC4305FAEB
:1008400003FC4CEA040491F803C0BCF1280F05D165
:1008500000F1080C08FA0CF8C2F8148091F803C0F3
:10086000BCF1480F07D100F1080C4FF0010808FA5D
:100870000CF8C2F81080401C0828CED35460BDE8A4
:10088000F0814FF6FF710180022181700421C17057
:1008900070470246002093680B400BB1012000E036
:1008A000002070470146886880B2704702460020E9
:1008B000D3680B400BB1012000E0002070470146D7
:1008C000C86880B2704701617047416170470AB1E2
:1008D000016100E041617047C16070474FF48032B0
:1008E0000A4382618161826182698269704702463E
:1008F0000020434B18684FF68073184040EA0210FE
:1009000008433F4B186070473E49C8617047F0B5D7
:100910000A46002300240021002500F00046B6F11D
:10092000004F02D1364EF16901E0354E7168C0F3D7
:10093000034583B200F44016B6F5401F08D121F0FC
:1009400070612F4E766826F070662D4F7E6012E043
:1009500000F48016B6F5801F06D1032606FA05F4CA
:10096000A14341F0706106E0460D360103FA06F638
:10097000B14341F0706122B1460D360103FA06F62B
:10098000314300F00046B6F1004F02D11C4EF16138
:1009900001E01B4E7160F0BD30B500228B071C0FCB
:1009A0000F2303FA04F2164B08338C1053F824304B
:1009B0009343134C08348D1044F8253023468C1093
:1009C00053F824308C07240F00FA04F423430C4C12
:1009D00008348D1044F8253030BD0A49DC310860F8
:1009E0007047000000080140000C01400010014069
:1009F0000014014000180140001C0140002001408B
:100A00000000014000002042DF48006840F0010083
:100A1000DD49086008464068DC490840DA4948601A
:100A200008460068DA490840D74908600846006867
:100A300020F4802008600846406820F4FE004860EA
:100A40004FF41F0088607047CF49096821F4803156
:100A5000CD4A11601146096821F480211160B0F57A
:100A6000803F03D0B0F5802F0ED106E0C64909685B
:100A700041F48031C44A116007E0C349096841F478
:100A8000A021C14A116000E000BF00BF704710B54F
:100A900001460022002300204A11012A02D1BA4C4B
:100AA000236806E0022A02D1B74C236A01E0B64C63
:100AB000636A01F01F02012494401C400CB1012024
:100AC00000E0002010BD38B5002000900024002573
:100AD00000BF3120FFF7DBFF05460098401C009067
:100AE0000098B0F5A06F01D0002DF2D03120FFF7B3
:100AF000CEFF08B1012400E00024204638BD0146A5
:100B00000020A14A106820F0F80040EAC1001060FF
:100B10007047A04908607047024600209A4B586809
:100B200020F47C1042EA01031843974B5860704749
:100B300098490866704701460020934A506820F0A3
:100B400003000843506070478F48406800F00C0075
:100B50007047014600208C4A506820F0F00008439E
:100B60005060704701460020874A506820F4E060DA
:100B700008435060704701460020834A506820F4C3
:100B8000605040EAC1005060704729B17E4A527AF5
:100B900002437D4B5A7204E07B4A527A82437A4B7D
:100BA0005A7270477B49D83108607047014600206F
:100BB000754A506820F44040084350607047002157
:100BC000714A20321170704A82F82010012802D038
:100BD00004280AD104E001216B4A2032117005E09B
:100BE0000521694A2032117000E000BF00BF704744
:100BF0006949086070476449096A0143624A1162A1
:100C00007047654944390860704730B500210022BB
:100C1000002400235C4D6D6805F00C0121B104290E
:100C200005D0082923D105E05C4D056022E05B4D2D
:100C300005601FE0544D6D6805F47012524D6D68EB
:100C400005F48034022505EB92421CB9544D5543FE
:100C500005600BE04C4D6D6805F400351DB1504D3D
:100C60005543056002E04D4D5543056002E04B4D94
:100C7000056000BF00BF444D6D6805F0F001090933
:100C8000484D6B5C0568DD4045603F4D6D6805F47F
:100C9000E061090A434D6B5C4568DD4085603A4D73
:100CA0006D6805F46051C90A3E4D6B5C4568DD40D6
:100CB000C560354D6D6805F44041890B3A4D6B5C5C
:100CC000C568B5FBF3F5056130BD29B12E4A5269FF
:100CD00002432D4B5A6104E02B4A526982432A4B4E
:100CE0005A61704729B1284A92690243264B9A619A
:100CF00004E0254A92698243234B9A61704729B1E7
:100D0000214AD2690243204BDA6104E01E4AD269CB
:100D100082431D4BDA61704729B11B4AD2680243F6
:100D2000194BDA6004E0184AD2688243164BDA6045
:100D3000704729B1144A12690243134B1A6104E047
:100D4000114A12698243104B1A61704712494039A7
:100D5000086070470F49C86470470B49C8717047F5
:100D60000948406A40F08070074948627047014670
:100D70000020054A92680A400AB1012000E00020E4
:100D80007047014988727047001002400000FFF868
:100D9000FFFFF6FE000042428004424200127A0049
:100DA00000093D00140000202400002010B5044676
:100DB000FA48844208D101214015FFF7ADFF002118
:100DC0006015FFF7A9FF17E0F548844208D101211B
:100DD0000015FFF7A1FF00212015FFF79DFF0BE095
:100DE000F048844208D10121C803FFF795FF002194
:100DF0004FF40040FFF790FF10BD30B502460020D1
:100E000000235068E84C20400D790C6844EA052422
:100E1000204350609068E54C2040D1E902542C43B7
:100E20004D7944EA450420439060D06A20F4700074
:100E30000C7C641EE4B2234340EA0350D06230BD10
:100E400000210160017141718160C1600121017463
:100E5000704721B1826842F00102826003E082683B
:100E600022F001028260704721B1826842F48072F0
:100E7000826003E0826822F480728260704710B55D
:100E80000023CBB21AB144681C43446002E04468BA
:100E90009C43446010BD816841F008018160704747
:100EA000014600208A6802F008020AB1012000E031
:100EB00000207047816841F004018160704701465D
:100EC00000208A6802F004020AB1012000E000203C
:100ED000704721B1826842F4A002826003E0826818
:100EE00022F4A00282607047014600208A6802F462
:100EF00080020AB1012000E00020704710B50A46C8
:100F000000210023416821F46041531E41EA43312E
:100F1000416010BD21B1426842F40062426003E0CA
:100F2000426822F4006242607047F0B504460D4604
:100F300000200021092D11DDE068A5F10A0606EB6D
:100F40004607072606FA07F18843A5F10A0606EBCD
:100F5000460603FA06F10843E0600CE0206905EB61
:100F60004507072606FA07F1884305EB450603FA0D
:100F700006F108432061072A0FDA606B561E06EB64
:100F800086071F2606FA07F18843561E06EB8606DB
:100F900005FA06F10843606322E00D2A0FDA206BA0
:100FA000D61F06EB86071F2606FA07F18843D61FD1
:100FB00006EB860605FA06F10843206310E0E06AB6
:100FC000A2F10D0606EB86071F2606FA07F18843F5
:100FD000A2F10D0606EB860605FA06F10843E0626B
:100FE000F0BD21B1826842F48012826003E0826821
:100FF00022F48012826070470146C86C80B270474C
:1010000066484C300068704721B1426842F4806203
:10101000426003E0426822F480624260704721B17E
:10102000426842F48052426003E0426822F48052F7
:10103000426070470A460021816821F4E041114373
:101040008160704721B1826842F40042826003E00F
:10105000826822F400428260704721B1826842F4C3
:101060000212826003E0826822F4021282607047FA
:10107000014600208A6802F400120AB1012000E053
:1010800000207047F0B504461546002000220026D7
:10109000092911DDE068A1F10A0707EB470C0727D2
:1010A00007FA0CF29043A1F10A0707EB470703FA8E
:1010B00007F21043E0600CE0206901EB410C0727C8
:1010C00007FA0CF2904301EB410703FA07F21043D1
:1010D0002061A06BC0F30156EF1C06F1010CA7EBD9
:1010E0000C0707EB870C1F2707FA0CF29043EF1C45
:1010F00006F1010CA7EB0C0707EB870701FA07F2D3
:101100001043A063F0BD10B50A4600210023816B97
:1011100021F44011531E41EA0351816310BD08B50B
:10112000002300930090009B0B440093009B1A60E7
:1011300008BD08B5024600200090009201F1280089
:10114000009B184400900098006880B208BD0A46D1
:1011500000214168164B19401143416070474162BC
:10116000826270470A460021416821F01F01114345
:101170004160704740B109490831096841F40001F4
:10118000064A0832116007E004490831096821F471
:101190000001024A0832116070470000002401403B
:1011A00000280140003C0140FFFEF0FFFDF7F1FF89
:1011B000FFFD3FFF0246002013680B400BB10120EA
:1011C00000E000207047CA430260704770B50246D5
:1011D0000020002300240B125568CEB205EA060455
:1011E00015681D4015B10CB1012000E0002070BD54
:1011F00000220A12D34303607047000010B5044672
:10120000FB48844209D101218803FFF785FD0021B5
:101210004FF48040FFF780FD32E0F648844209D168
:1012200001214804FFF785FD00214FF40030FFF74E
:1012300080FD25E0F048844209D101218804FFF7B0
:1012400078FD00214FF48020FFF773FD18E0EB4894
:10125000844209D10121C804FFF76BFD00214FF43E
:101260000020FFF766FD0BE0E548844208D101212C
:101270000805FFF75EFD00214FF48010FFF759FDD0
:1012800010BD2DE9F04786B005460E460024A24663
:1012900000BFA1460027B08900B100BF2F462C8AAD
:1012A0004CF6FF700440F08804432C82AC894EF663
:1012B000F3100440B088318908437189084304431E
:1012C000AC81AC8A4FF6FF400440B0890443AC8245
:1012D00001A8FFF79AFCC648874202D1DDF810A0AA
:1012E00001E0DDF80CA0A88900F4004040B10AEB51
:1012F000CA0000EB0A1031684900B0FBF1F807E0C2
:101300000AEBCA0000EB0A1031688900B0FBF1F863
:101310006420B8FBF0F004012009642101FB10896E
:10132000A88900F4004040B1322000EBC900B0FBB6
:10133000F1F000F00700044308E0322000EB091050
:101340006421B0FBF1F000F00F0004432C8106B0E3
:10135000BDE8F0874FF41651016000218180C18003
:1013600001810C21418100218181704710B5024625
:101370000020108A4FF2FF0318400B884C8823434B
:101380008C882343CC8823431843108210BD00214E
:10139000018041808180C180704721B1828942F4FF
:1013A0000052828104E082894DF6FF731A408281E7
:1013B0007047F0B50346002400260025002040F6C3
:1013C0006A17B94200D100BF1846C1F3421401F0B8
:1013D0001F06012707FA06F5012C01D10C3004E0A5
:1013E000022C01D1103000E014301AB107682F43ED
:1013F000076002E00768AF430760F0BD1AB1838A57
:101400000B43838202E0838A8B4383827047028A84
:101410004FF6F0731A400282028A0A430282704732
:1014200082894FF2FF731A40828182890A43828146
:10143000704721B1828942F00202828104E08289F0
:101440004FF6FD731A4082817047028A4FF6DF73B0
:101450001A400282028A0A430282704721B1028A3C
:1014600042F48042028204E0028A4BF6FF731A4083
:1014700002827047C1F30802828070470146888863
:10148000C0F308007047818941F0010181817047F4
:10149000028BD2B20283028B42EA0122028370479E
:1014A000028B02F47F420283028B0A43028370475D
:1014B00021B1828A42F02002828204E0828A4FF6C1
:1014C000DF731A408282704721B1828A42F0100293
:1014D000828204E0828A4FF6EF731A40828270475C
:1014E00021B1828A42F00802828204E0828A4FF6A9
:1014F000F7731A408282704721B1828942F4004218
:10150000828103E08289C2F30E028281704721B199
:10151000828A42F40062828204E0828A4FF2FF7380
:101520001A4082827047828A4FF6FB731A40828289
:10153000828A0A438282704721B1828A42F0020283
:10154000828204E0828A4FF6FD731A4082827047DD
:1015500002460020B1F5007F00D100BF13880B4088
:101560000BB1012000E00020704701F40072B2F5D9
:10157000007F00D100BFCA430280704770B50246A9
:10158000002400230025002040F66A16B14200D155
:1015900000BFC1F3421501F01F03012606FA03F351
:1015A000012D02D19689334006E0022D02D1168A20
:1015B000334001E0968A33400C12012606FA04F407
:1015C0001688344013B10CB1012000E0002070BD3A
:1015D00010B50022002340F66A14A14200D100BFDA
:1015E0000A1201249440A3B2DC43048010BD000021
:1015F000003801400044004000480040004C0040DA
:1016000000500040002044490860091D0860091D81
:101610000860091D086041483F491431086070475F
:1016200000213D498279002A3AD00A4612680368AF
:101630009A430B461A600A1D126803689A430B1DF1
:101640001A60027911440A6803681A430A60324A30
:101650000832126803689A432F4B08331A601A1D28
:10166000126803689A432C4B0C331A604279102A93
:101670000ED11A1F126803681A43274B08331A60E9
:101680001A1D126803681A43234B0C331A600DE0CD
:101690002149427911440A6803681A430A6005E047
:1016A000027911440A6803689A430A60704700216E
:1016B000016001710C21417100218171704716494F
:1016C000103109680143144A103211607047014615
:1016D0000020114A143212680A400AB1012000E0C9
:1016E000002070470C491431086070470146002003
:1016F0000022094B1B6803EA0102074B14331B68E5
:101700000B4013B10AB1012000E0002070470249EC
:10171000143108607047000000040140FFFF0F0013
:101720004FF0E020006920F004004FF0E021086154
:101730000920364908700846007800EB4001C1EBEB
:10174000C0104FF6FF7101EAC000314908807047B0
:10175000002120F07F402D4A127842434FF0E023D1
:101760005A6100229A6101221A6100BF4FF0E02203
:10177000116901F001021AB101F48032002AF5D09A
:1017800000224FF0E0231A619A617047002100B9EE
:10179000704720F07F401E4A128842434FF0E023FA
:1017A0005A6100229A6101221A6100BF4FF0E022C3
:1017B000116901F001021AB101F48032002AF5D05A
:1017C00000224FF0E0231A619A6100BFE0E770B594
:1017D0000446002600254FF4FA7094FBF0F0C6B2E0
:1017E0004FF4FA7094FBF0F100FB114085B205E074
:1017F0004FF4FA70FFF7CAFF701EC6B2002EF7D181
:1018000015B12846FFF7C2FF70BD00002800002078
:101810002A00002010B586B0044601210420FFF7FD
:1018200061FA01218803FFF75DFA18208DF817008F
:101830004FF40070ADF8140003208DF8160005A9D0
:101840006B48FEF793FF04208DF817000002ADF8F7
:10185000140003208DF8160005A96548FEF786FFE1
:1018600001940020ADF810000C20ADF80E0000200F
:10187000ADF80C00ADF80A00ADF8080001A95D480C
:10188000FFF7FFFC01215B48FFF787FD012240F2D3
:1018900025515848FFF78DFD25208DF800000120C7
:1018A0008DF8030000208DF8010002208DF8020061
:1018B0006846FEF792FE06B010BD10B586B004462D
:1018C00001210420FFF70EFA01214804FFF717FA5F
:1018D00018208DF817000420ADF8140003208DF8AF
:1018E000160005A94248FEF741FF04208DF81700B5
:1018F0000820ADF8140003208DF8160005A93C4817
:10190000FEF734FF01940020ADF810000C20ADF874
:101910000E000020ADF80C00ADF80A00ADF808008C
:1019200001A93548FFF7ADFC01213348FFF735FD2C
:10193000012240F225513048FFF73BFD26208DF86B
:10194000000001208DF8030000208DF801008DF8C3
:1019500002006846FEF741FE06B010BD2DE9F041D9
:1019600007460C46154600260DE014F8011B3846C4
:10197000FFF780FD00BF40213846FFF7E9FD002852
:10198000F9D0701C86B2AE42EFDBBDE8F0810FB437
:1019900030B5CBB0054601AC50A800904FF494711F
:1019A00001A8009B4F9A04F031FE002000900BE04C
:1019B00014F8011B2846FFF75DFD00BF40212846B3
:1019C000FFF7C6FD0028F9D020780028F0D14BB0F1
:1019D00030BC5DF814FB10B540F225510548FFF707
:1019E000CDFD18B120210348FFF7BFFD10BD000059
:1019F00000080140003801400044004010B5044692
:101A000084F001024FF400510D48FEF760FF0D48CD
:101A1000047010BD08B501211020FFF763F91020F4
:101A20008DF803004002ADF8000003208DF802009D
:101A300069460348FEF79AFE0020FFF7DFFF08BD66
:101A4000001001402C0000201FB501210420FFF7E9
:101A500049F901210846FFF745F948208DF80F00A4
:101A60000220ADF80C0003208DF80E0003A91E48DB
:101A7000FEF77CFE01210020FEF78EFF0220019080
:101A800000208DF808000C208DF8090001208DF849
:101A90000A0001A8FFF7C4FD07208DF8000002200E
:101AA0008DF801008DF8020001208DF803006846D2
:101AB000FEF793FD1FBD10B50A20FFF767FE022158
:101AC0000948FEF7E6FE50B908480078012803D11E
:101AD0000020FFF793FF02E00120FFF78FFF0220B5
:101AE000FFF715FE10BD0000000801402C0000208B
:101AF00010B56648006820F00F0064490860084689
:101B0000006840F003000860002201215F48FEF7F2
:101B1000DEFE1420FFF73AFE012211465B48FEF775
:101B2000D6FE1E20FFF714FE10BD10B50024574846
:101B3000006820F00F00554908600846006840F032
:101B40000800086004E0601CC4B20120FFF700FE3A
:101B500001214E48FEF79DFE08B1642CF3DB642C96
:101B600001DB012010BD002404E0601CC4B2012090
:101B7000FFF7EEFD01214548FEF78BFE08B9642C06
:101B8000F3DB642C01DB0120ECE70020EAE710B571
:101B9000002404E0601CC4B20120FFF7D9FD01213C
:101BA0003A48FEF776FE08B1642CF3DB002404E02B
:101BB000601CC4B20120FFF7CBFD01213348FEF7C2
:101BC00068FE08B9642CF3DB2820FFF7C1FD012172
:101BD0002E48FEF75EFE08B1012010BD0020FCE794
:101BE00070B50024002506E06006040EFFF7CFFF65
:101BF0000443681CC5B2082DF6DB204670BD7CB5D9
:101C000005460E46FFF774FFFFF78FFFF8B9002473
:101C100005E0FFF7E5FF0DF80400601CC4B2052CD9
:101C2000F7DB9DF800009DF8011008449DF80210B4
:101C300008449DF8031008449DF80410884208D118
:101C40009DF8000030709DF80200287001E001202E
:101C50007CBD0020FCE708B501210420FFF742F815
:101C60000120ADF8000010208DF8030003208DF84E
:101C7000020069460548FEF779FD01210348FEF799
:101C800022FEFFF735FFFFF750FF08BD00080140B7
:101C900000B587B001214FF40170FFF723F84FF42E
:101CA0000040FEF783FF1020ADF8180000208DF8EB
:101CB0001B0003208DF81A0006A93048FEF756FDD8
:101CC0002F48FFF773F8002001908DF808008DF879
:101CD00009004FF4602003900020049001208DF84B
:101CE000140001A92648FFF788F801212448FFF7CE
:101CF000B0F82348FFF7CFF800BF2148FFF7D0F82E
:101D00000028FAD11E48FFF7D5F800BF1C48FFF79E
:101D1000D6F80028FAD107B000BD10B5072301227C
:101D200004211748FFF701F901211548FFF7D1F801
:101D300000BF02211248FFF73DFA0028F9D01048F1
:101D4000FFF75AF910BD70B5FFF7E7FF0446B4F589
:101D5000966F01DC642070BD40F6AC50844201DB1C
:101D60000020F8E740F6AC50001B6421484340F6E1
:101D7000FC01B0FBF1F5E8B2EDE70000000801401E
:101D80000024014010B50446224620210D48FEF7EC
:101D90009EFD0D48047010BD08B501214020FEF7DE
:101DA000A1FF2020ADF8000010208DF803000320D3
:101DB0008DF8020069460348FEF7D8FC0020FFF7C3
:101DC000E1FF08BD001801402D00002010B50446B9
:101DD00084F0010240210E48FEF779FD0D480470A1
:101DE00010BD08B501214020FEF77CFF4020ADF872
:101DF000000010208DF8030003208DF802006946D2
:101E00000348FEF7B3FC0020FFF7E0FF08BD000029
:101E1000001801402E0000201FB59748027897A1B6
:101E2000684604F00DFC10236A460021302004F0BF
:101E30006BFA9448027894A1684604F001FC1023E0
:101E40006A460221302004F05FFA9148027891A19D
:101E5000684604F0F5FB10236A460421302004F0A4
:101E600053FA8E48007830B110238DA20621182035
:101E700004F04AFA05E010238AA20621182004F093
:101E800043FA8948007830B1102385A206215020FA
:101E900004F03AFA05E0102382A20621502004F053
:101EA00033FA1FBD10B5FFF738FF80490880FFF7F0
:101EB0004AFF77490870704800781E2803DB01202C
:101EC000FFF760FF06E06C4800781C2802DC002069
:101ED000FFF758FF68480078232803DA6C48007839
:101EE000192803DC0120FFF771FF0AE0624800783F
:101EF000202806DC66480078232802DB0020FFF754
:101F000065FF10BD10B504F025F9102368A200216B
:101F1000084604F0F9F9102367A20221002004F01A
:101F2000F3F9102366A20421002004F0EDF9102338
:101F300065A20621002004F0E7F9102363A2062120
:101F4000382004F0E1F910BD10B54FF4A060FEF7A1
:101F50003FFBFFF7E5FB4FF4E130FFF75BFC4FF48D
:101F6000E130FFF7AAFCFFF76FFDFFF753FDFFF726
:101F700013FFFFF736FFFFF78BFE04F055FA09E079
:101F8000102353A20021084604F0BEF94FF47A70E2
:101F9000FFF71DFCFFF75FFE0028F1D139493648F5
:101FA000FFF72DFEFFF77EFF04F0D4F810234BA2BD
:101FB0000021084604F0A8F94FF47A70FFF707FCF7
:101FC00010BD00250024FFF7BFFF02F0ABF904F0BD
:101FD000C1F8102346A20021084604F095F903E059
:101FE0004FF4FA70FFF7D2FB45A147A002F03BF98E
:101FF0000028F5D1102350A2042104F085F94FF4F4
:10200000FA70FFF7C3FB04F0A5F810234CA20021DF
:10201000084604F079F907E039A13BA002F023F962
:102020004FF4FA70FFF7B2FB00F009FA0028F3D181
:1020300000F0F5FCFFF766FF1CE0681C80B2054667
:1020400064280ADB0F490C48FFF7D9FDFFF72AFF88
:1020500000F080FC002502F0E7F8002002F040F9D3
:10206000044614B1204600F005FDFFF7D5FE0A2016
:10207000FFF7ADFBE1E700003000002025326443AC
:1020800020000000310000202532642525200000BA
:102090003400002025336425252000002D00002079
:1020A0004F4E20004F4646002E00002032000020F8
:1020B00054656D703A00000048756D693A00000083
:1020C000536F696C3A000000463A0000423A000043
:1020D0004448543131204572726F72004861726415
:1020E0007761726520696E6974204F4B00000000B3
:1020F000436F6E6E656374204D5154542E2E2E0026
:10210000434F4E4E4543540041542B434950535482
:102110004152543D22544350222C226D71747473E9
:102120002E6865636C6F7564732E636F6D222C313E
:102130003838330D0A0000004D515454204F4B00E5
:10214000446576696365206C6F67696E202E2E2E5C
:1021500000000000F0B58BB005460026002428469C
:1021600004F0C0FDC7B20DB11C2F02DA01200BB084
:10217000F0BD06E0A85D01A988550020A855701C97
:10218000C6B2BE42F6DB002001A988550026002415
:1021900055E001A8805D2B2810D008DC202814D041
:1021A00023282ED0252825D026283FD130E02F28DF
:1021B00012D03D2833D03F2838D114E02819FCA193
:1021C00004F0FAFDE01CC4B236E02819F9A104F0CD
:1021D000F3FDE01CC4B22FE02819F7A104F0ECFDD8
:1021E000E01CC4B228E02819F4A104F0E5FDE01CCD
:1021F000C4B221E02819F2A104F0DEFDE01CC4B253
:102200001AE02819EFA104F0D7FDE01CC4B213E0D6
:102210002819EDA104F0D0FDE01CC4B20CE028198F
:10222000EAA104F0C9FDE01CC4B205E001A8805D8C
:102230002855601CC4B200BF00BF701CC6B2BE42AD
:10224000A7DB0020285500BF91E72DE9F04FC9B06A
:1022500005460C4616461F460DF5A47898E8000F73
:102260000020489055B14CB1D948864206D32FB1D1
:10227000B9F1000F02D0BAF1780F03DA012049B0AA
:10228000BDE8F08F402118A804F03BFE384604F06A
:1022900029FD05903B4648AA4021009018A801F06E
:1022A00007F8482106A804F02CFEBBF1000F09D066
:1022B000C8A03346C9A248218DE8310006A804F021
:1022C000D5F909E0C3A03346CAA248218DE811011F
:1022D000039506A804F0CAF9402128A804F011FECD
:1022E00006A804F0FFFC059018A804F0FBFC04907D
:1022F00028A8009006AA18A8DDE9041300F092FEB1
:1023000000204890402138A804F0FBFD28A804F0E4
:10231000E9FC059028AB48AA4021009038A800F0BD
:1023200027FF38A8FFF716FFBBF1000F0CD038A825
:10233000A8A12B46B7A2CDE90046CDE9021051462F
:10234000484604F093F90CE038A8A2A12B46BF4AF6
:10235000CDE901860094CDE903105146484604F0CA
:1023600085F900208BE72DE9F041ACB001270D2560
:102370000026002405F1F00004F0E4F806461EB93A
:1023800038462CB0BDE8F08103E04FF4FA70FFF757
:10239000FDF9AFA1B0A001F066FF0028F5D1012042
:1023A000902108AA0023CDE90032CDE90210B4A3A0
:1023B000BF4AC0A1C2A0FFF748FFC4A10D20CDE9CC
:1023C000000105F1F00108ABC14A304604F04EF9B6
:1023D000304604F087FC1FFA80F84146304601F091
:1023E00068FFFA2001F07CFF044624B1B9A1204621
:1023F00004F042FC0446CCB100200390B84803A985
:1024000004ABB84ACDE90010B749204604F0E4FA1D
:1024100004280AD1B248039904ABB24ACDE90010AE
:10242000B2A1BA48FFF7B3FA002700BF304604F064
:10243000B8F8B7A1B7A001F016FF3846A1E730B54C
:10244000B3B000202F903090319032900125A02120
:1024500007AA9EA3CDE90032CDE9021088A3944AD1
:1024600094A1B0A0FFF7F1FE07A892A397A2B0A194
:102470000090A648FFF78BFA2FA800210291039144
:10248000CDE90410084601210B0290A2CDE900100D
:1024900007A988A001F06DF8002842D1309A91B2C6
:1024A0002F9801F006FFFA2001F01AFF0446002CD5
:1024B00033D0204601F028F802282ED1204601F022
:1024C000BDF9062823D2DFE800F003090E13181D1A
:1024D000A3A18E48FFF75BFA00251DE0A5A18B485C
:1024E000FFF755FA18E0AAA18848FFF750FA13E061
:1024F000B0A18648FFF74BFA0EE0B6A18348FFF77C
:1025000046FA09E0BCA18148FFF741FA04E0C5A101
:102510007E48FFF73CFA00BF00BF2FA800F0ACFFD9
:1025200003E0C7A17948FFF732FA284633B030BD3F
:1025300010B58CB004463021684604F0E2FCC9A115
:10254000204604F0ABFB3021684604F0DAFCCB48AF
:102550000278CBA1684604F073F86946204604F07F
:102560002BFC3021684604F0CCFCCB480278CBA190
:10257000684604F065F86946204604F01DFC3021E9
:10258000684604F0BEFCCB480278CBA1684604F054
:1025900057F86946204604F00FFC3021684604F0E5
:1025A000B0FCCB48007808B1CAA098E196E10000E1
:1025B00025324200253230002532460025334600C0
:1025C00025323500253233002532360025334400CC
:1025D0009554415D736861310000000025640A254F
:1025E000730A70726F64756374732F25730A257391
:1025F0000000000025640A25730A70726F64756319
:1026000074732F25732F646576696365732F257343
:102610000A25730076657273696F6E3D25732672A5
:1026200065733D70726F647563747325253246253A
:10263000732665743D2564266D6574686F643D2559
:1026400073267369676E3D2573000000E0AB0008D8
:10265000434F4E4E4543540041542B43495053542D
:102660004152543D22544350222C223138332E32D1
:1026700033302E34302E3333222C38300D0A000004
:102680006F38467A6C78645838554F3755667652AD
:102690004B64754A647A744C54616C663059766E3A
:1026A0003235764832616670412F6B3D0000000084
:1026B00000CF9D74794E385A4153466F39640000FB
:1026C000323032352D30352D30310000643100008C
:1026D00028AC00086465766963655F696400000082
:1026E000D8020020C802002094AB00086372656124
:1026F0007465206465766963653A2025732C20250E
:10270000732C2025642C2025730D0A00003801400D
:102710004F4B000041542B434950434C4F53450D00
:102720000A000000323031382D31302D33310000B5
:102730004F6E654E45545F4465764C696E6B0D0A6D
:102740004E414D453A2025732C0950524F49443A89
:102750002025732C094B45593A25730D0A000000BA
:10276000546970733A09C1ACBDD3B3C9B9A60D0A97
:10277000000000005741524E3A09C1ACBDD3CAA770
:10278000B0DCA3BAD0ADD2E9B4EDCEF30D0A0000AF
:102790005741524E3A09C1ACBDD3CAA7B0DCA3BA67
:1027A000B7C7B7A8B5C4636C69656E7469640D0A70
:1027B000000000005741524E3A09C1ACBDD3CAA730
:1027C000B0DCA3BAB7FECEF1C6F7CAA7B0DC0D0ADB
:1027D000000000005741524E3A09C1ACBDD3CAA710
:1027E000B0DCA3BAD3C3BBA7C3FBBBF2C3DCC2EB51
:1027F000B4EDCEF30D0A00005741524E3A09C1AC78
:10280000BDD3CAA7B0DCA3BAB7C7B7A8C1B4BDD3FC
:1028100028B1C8C8E7746F6B656EB7C7B7A8290D34
:102820000A0000004552523A09C1ACBDD3CAA7B054
:10283000DCA3BACEB4D6AAB4EDCEF30D0A000000E4
:102840005741524E3A094D5154545F5061636B6584
:1028500074436F6E6E656374204661696C65640DC8
:102860000A0000007B226964223A22313233222C92
:1028700022706172616D73223A7B0000300000208B
:102880002274656D70223A7B2276616C7565223AFE
:1028900025647D2C00000000310000202268756D49
:1028A00069223A7B2276616C7565223A25647D2C1B
:1028B000000000003400002022736F696C223A7B14
:1028C0002276616C7565223A25647D2C000000003B
:1028D0002C0000207472756500000000A5A002465F
:1028E000A6A1684603F0ACFE6946204604F064FAEF
:1028F0003021684604F005FBA548007810B1AFF21E
:102900002C0000E09BA00246A2A1684603F098FEBE
:102910006946204604F050FA3021684604F0F1FA86
:10292000A148007810B1AFF2540000E091A0024637
:102930009EA1684603F084FE6946204604F03CFAF6
:10294000A0A1204604F038FA204604F0CBF9C0B22A
:102950000CB010BD30B5C5B00020419042904390FE
:102960004490002400254FF4807101A804F0C9FAB6
:1029700001A8FFF7DDFD0446002C23D041A8002369
:102980002246AFF2B8210090AFF2D82001F047F80C
:10299000A0B908E001A8415D429A501C42904198BC
:1029A0008154681C05B2A542F4DB429A91B2419869
:1029B00001F07FFC41A800F05FFD03E082A18A489E
:1029C000FEF7E5FF45B030BD70B588B005460C4652
:1029D0000020049005900690079023462A4683A184
:1029E0008148FEF7D4FF204604F07CF9064604A88F
:1029F0000121002200923346CDE9012103902246B5
:102A000029460A2000F029FF38B9059A91B20498A6
:102A100001F04FFC04A800F02FFD08B070BD00B518
:102A200095B00020119012901390149003A802907A
:102A3000AFF26830AFF2843374A23821009003A85B
:102A400003F014FE03AA79A16748FEF7A0FF11A8BE
:102A5000012302AA00210090142001F0EAF838B9FD
:102A6000129A91B2119801F024FC11A800F004FD13
:102A700015B000BD2DE9F04F89B007460020089041
:102A80000790069005900490002500268046814618
:102A9000384600F039FD0546032D04D0042D3BD007
:102AA000092D50D141E0674804A905AA08ABCDE93A
:102AB0000021029006AA07A9384601F0F2F906465D
:102AC000002E28D18246BDF814000899CDE90010E7
:102AD000BDF818305CA14448079AFEF758FF0898E3
:102AE00002F06AFB834667A1584602F06BFF039031
:102AF00066A1039802F066FF044644B1E06801282D
:102B000002D1FEF77BFF02E00020FEF777FF584678
:102B100001F050FD00BF00BF384601F0C2FA18B9FD
:102B20005BA13148FEF733FF10E0384601F000F9B1
:102B300020B95FA12C48FEF72AFF03E063A12A48D1
:102B4000FEF725FF02E04FF0FF3600BF00BF01F0A7
:102B50006BFB701C10B909B0BDE8F08F0F2D01D0D0
:102B6000032D05D1079803F01CFD089803F019FD0B
:102B700000BFF0E766616C7365000000226C65645D
:102B8000223A7B2276616C7565223A25737D2C0092
:102B90002D0000202266616E223A7B2276616C75E0
:102BA00065223A25737D2C002E0000202262757A62
:102BB0007A6572223A7B2276616C7565223A2573BA
:102BC0007D0000007D7D00005741524E3A0945448A
:102BD000505F4E6577427566666572204661696C26
:102BE00065640D0A00000000003801405075626CF9
:102BF00069736820546F7069633A2025732C204DE7
:102C000073673A2025730D0A00000000247379735E
:102C10002F25732F25732F7468696E672F70726F5D
:102C200070657274792F7365740000005375627358
:102C3000637269626520546F7069633A2025730D71
:102C40000A00000036000020746F7069633A202586
:102C5000732C20746F7069635F6C656E3A20256415
:102C60002C207061796C6F61643A2025732C207080
:102C700061796C6F61645F6C656E3A2025640D0A42
:102C800000000000706172616D7300006C6564008B
:102C9000546970733A094D515454205075626C69EF
:102CA00073682053656E64204F4B0D0A00000000CE
:102CB000546970733A094D515454205375627363CB
:102CC00072696265204F4B0D0A00000054697073F1
:102CD0003A094D51545420537562736372696265A9
:102CE000204572720D0A0000F0B50446142C06DA75
:102CF00001EA020523EA010685EA060019E0282C0C
:102D000004DA81EA020787EA030012E03C2C0ADABF
:102D100001EA020501EA030787EA050602EA03075A
:102D200087EA060005E0502C03DA81EA020787EA09
:102D30000300F0BD0146142901DAF7480AE028290A
:102D400001DAF64806E03C2901DAF54802E05029AC
:102D500000DAF4487047F0B5024601209040441E66
:102D6000E54301EA050020FA02F601EA0400C2F197
:102D7000200C00FA0CF746EA07031846F0BDF0B540
:102D80000246C2F1200C012000FA0CF0441EE5437B
:102D900001EA040000FA02F601EA0500C2F1200C83
:102DA00020FA0CF746EA07031846F0BD2DE9F04F6C
:102DB000DDB007468A4615460AF1080909F10109FE
:102DC0004FEACA005B9048464FEAE97109EB91610E
:102DD0008E1148464FEAE97109EB91618911A9EB1F
:102DE00081115C915C98002800DD761C5C98C0F134
:102DF00040008144D04604E0002007F8080008F1B4
:102E00000108B8EB861FF7DB802007F80A000121D4
:102E1000C1EB86115B9878545B98C0F307200221C0
:102E2000C1EB861178545B98C0F307400321C1EBD6
:102E3000861178545B98000E0421C1EB86117854FA
:102E4000B9485690B9485790B748C0435890B748CA
:102E5000C0435990B6485A904FF00008A5E00024AE
:102E600052E0102C32D24FEA881000EB8400385C1C
:102E7000000601A941F824004FEA881000EB840005
:102E8000401C385C51F824104FF4803202FB0010D3
:102E900001A941F824004FEA881000EB8400801C4F
:102EA000385C51F82410121202FB001001A941F8FD
:102EB00024004FEA881000EB8400C01C385C51F8F5
:102EC0002410084401A941F824001CE0502C1AD217
:102ED000E01E01AA52F82000A4F1080201AB53F849
:102EE00022205040A4F10E0253F822205040A4F1B9
:102EF000100253F8222080EA02010120FFF73FFF71
:102F000001A941F82400641C502CAAD3569855906E
:102F10005798549058985390599852905A98519065
:102F200000242AE005205599FFF729FF8346204613
:102F3000529B539A5499FFF7D7FE584400905199E9
:102F40000098084400902046FFF7F4FE00990844DA
:102F5000009001A850F8241000980844009052985E
:102F60005190539852901E205499FFF708FF5390A8
:102F70005598549000985590641C502CD2D3569973
:102F80005598084456905799549808445790589922
:102F900053980844589059995298084459905A990E
:102FA000519808445A9008F10108B045FFF657AF10
:102FB0005698E8705698000AA8705698000C6870E9
:102FC0005698000E28705798E8715798000AA87113
:102FD0005798000C68715798000E28715898E8723D
:102FE0005898000AA8725898000C68725898000EF9
:102FF00028725998E8735998000AA8735998000CD8
:1030000068735998000E28735A98E8745A98000A01
:10301000A8745A98000C68745A98000E28745DB011
:10302000BDE8F08F2DE9F04FADF5B36D07460E46C4
:1030300092469846DDF8BC9540254FF0360B5C2053
:10304000CDF89405002404E000200DF254510855F9
:10305000641C402CF8DBAE421DD0AE420FDD4A4668
:1030600031463846FFF7A2FE002405E019F80400B7
:103070000DF254510855641C142CF7DB14E0AE42D9
:1030800012DA002404E0385D0DF254510855641C36
:10309000B442F8DB08E0002404E0385D0DF254513E
:1030A0000855641CAC42F8DB002408E00DF25450D3
:1030B000005D80EA0B000DF214510855641C402C91
:1030C000F4DB002405E00DF21450005D15A908554D
:1030D000641C402CF7DB002406E01AF8041015AA43
:1030E00004F140001154641C4445F6DB08EB050173
:1030F0004A4615A8FFF75AFE002409E00DF2545085
:10310000005DDDF8941548400DF2D4410855641C6B
:10311000402CF3DB002413E09979825AA1EBD96E9D
:10312000DCBC1B8FD6C162CA0123456789ABCDEFDA
:10313000F0E1D2C30DF2D440005D0DF80400641C30
:10314000402CF7DB002406E019F8041004F14000DD
:103150000DF80010641C142CF6DB4A4605F114012E
:103160006846FFF723FE0DF5B36DBDE8F08F000054
:103170002DE9F04F07468946099C00250026AC46FC
:10318000A846AA4600211CB900201060BDE8F08FB7
:103190000320B4FBF0F04FF0030BB4FBFBFE0BFB82
:1031A0001E4BBBF1000F02D04FF0010B01E04FF0BE
:1031B000000B00EB0B06B6F1804F05D34FF0FF304C
:1031C00010606FF02900E1E7B600701C814500D364
:1031D00027B9701C10606FF02900D7E70320B4FBFB
:1031E000F0F000EB40060025394629E013F801CB4A
:1031F00013F8018B13F801AB87484FEA9C0B10F8CA
:103200000B0001F8010B4FEA0C1000EB281000F046
:103210003F00DFF804B21BF8000001F8010B4FEA91
:10322000880000EBAA1000F03F001BF8000001F836
:10323000010B0AF03F001BF8000001F8010BED1C28
:10324000B542D3D3A5422DD213F801CB681CA042BE
:1032500002D213F8010B00E0002080466E48CCF348
:10326000850B10F80B0001F8010B4FEA0C1000EB76
:10327000281000F03F00DFF8A0B11BF8000001F8B3
:10328000010B681CA04207D23F2000EA88001BF80F
:10329000000001F8010B02E03D2001F8010B3D2088
:1032A00001F8010BC81B10600020087000BF6DE71B
:1032B0002DE9F047074689469046DDF820C00021F9
:1032C0000022002400260025002004460246014674
:1032D00045E0002601E0491C761C614502D2585C9D
:1032E0002028F8D0614500D13BE0ACEB010002287A
:1032F00007D3585C0D2804D1481C185C0A2800D15B
:103300002CE0585C0A2800D128E01EB16FF02B0099
:10331000BDE8F087585C3D2806D1601C04460228B1
:1033200002D96FF02B00F3E7585C7F2806DC585C6D
:10333000DFF8E8A01AF800007F2802D16FF02B0018
:10334000E6E7585CDFF8D4A01AF80000402803DA5A
:1033500014B16FF02B00DBE7521C00BF491C614524
:10336000B7D300BF1AB90020C8F80000D0E7D008D2
:1033700000EB40004FEA400A02F0070000EB40007B
:103380004000C01D0AEBD002121B0FB1914504D2C0
:10339000C8F800206FF02900BAE703240020064691
:1033A00002463D4631E018780D2805D018780A28E5
:1033B00002D01878202800D125E01878DFF85CA02A
:1033C0001AF80000402801D1012000E00020241A52
:1033D0001878DFF848A01AF8000066F39F10064638
:1033E000501C024604280DD1002214B1300C05F8FF
:1033F000010B012C02D9300A05F8010B022C01D96E
:1034000005F8016B00BF491E5B1C0029CBD1E81BEE
:10341000C8F8000000207BE74EA100088EA100083C
:1034200070B504460E460025206898B90120207327
:10343000304603F087F820602068E0B1002060602B
:10344000A66003E00020216848556D1CA068A842D2
:10345000F8D810E00220207303E0002021684855CE
:103460006D1CA068A842F8D800206060A068B04237
:1034700001D20020206070BD10B50446207B0128D9
:1034800002D1206803F08DF8002020606060A06009
:10349000207310BD0246002301230DE002F07F00DF
:1034A0000870D2092AB1087840F080000870491CE1
:1034B00001E0184670475B1C042BEFDD4FF0FF3036
:1034C000F8E7F0B504460D462646012300201060BB
:1034D000002114E0775C07F07F07106807FB03000A
:1034E0001060705C00F0800008B9481CF0BDDB0182
:1034F000B3F5001F02D36FF00100F7E7491CA942A2
:10350000E8DB4FF0FF30F1E7F8B50446FF272078FD
:103510000511012D01DB0E2D01DD3846F8BD032D0F
:1035200024D1002000906A460421601CFFF7C9FFE7
:103530002044461C0098022803D3207800F00100A4
:1035400008B1FF20EAE77078317840EA0120801C5A
:103550000099884201D9FF20E0E7F8A1B01C03F0F0
:103560008BFB08B10F2700E0032700E02F46384609
:10357000D4E72DE9FF4F83B082468B469146159CD8
:103580000025002002900F270190484603F0AAFB77
:103590000FFA80F8B9F1000F03D1012007B0BDE8A0
:1035A000F08F08F10200384487B2109808B145F056
:1035B0000205129878B145F00405129803F092FBC9
:1035C000C0B20290139803F08DFB01460298001DD3
:1035D0000844384487B2119820B1012804D0022849
:1035E00008D104E000BF07E045F00C0504E045F019
:1035F000140501E00220D1E700BF149808B145F09E
:103600002405BAF1000F02D0BBF1000F01D1032055
:10361000C4E745F0C005504603F064FB0646584633
:1036200003F060FB3044001D384487B23946204621
:10363000FFF7F6FE206808B90420AFE73946206896
:1036400003F03DFC10216268501C606020688154CA
:10365000D4E90023D118781FFFF71CFF00B20190B6
:103660000198002804DA2046FFF706FF052095E7B9
:10367000616801980844606000216268501C6060C5
:103680002068815404216268501C60602068815465
:103690004D216268501C606020688154512162682D
:1036A000501C60602068815454216268501C606026
:1036B000206881546268501C606020688154042135
:1036C0006268501C6060206881546168481C6060BA
:1036D000206845540698010A6268501C60602068A2
:1036E00081540698C1B26268501C606020688154A1
:1036F000C8F307216268501C6060206881546268CA
:10370000501C6060206800F80280D4E9001288181C
:103710004246494603F09EFA60684044606005F006
:103720000400B8B30026139808B986A01390129825
:1037300003F0D8FA86B2310A6268501C60602068D3
:1037400081546268501C606020688654D4E900127D
:1037500088183246129903F07DFA60683044606040
:10376000139803F0BFFA86B2310A6268501C606099
:10377000206881546268501C606020688654D4E9D7
:10378000001288183246139903F064FA60683044D6
:10379000606000BF05F08000C8B1504603F0A2FA97
:1037A00086B2310A6268501C606020688154626889
:1037B000501C606020688654D4E900128818324694
:1037C000514603F047FA60683044606000BF05F07E
:1037D0004000C8B1584603F085FA86B2310A6268E3
:1037E000501C6060206881546268501C60602068D2
:1037F0008654D4E9001288183246594603F02AFA52
:1038000060683044606000BF0020C7E610B5044621
:1038100002212046FFF704FE206808B9012010BDF0
:10382000E0216268501C6060206881540021626859
:10383000501C6060206881540020F0E70146487801
:10384000022801D001207047887810B188780128BB
:1038500001D1C878F7E7FF20F5E72DE9FF4F83B0E6
:10386000834617469946139C0025002600200290A7
:1038700001908046BBF1000F03D1012007B0BDE8E5
:10388000F08F00260AE00498805D232803D0049876
:10389000805D2B2801D10220F0E7761C0498805D22
:1038A0000028F0D148F03008119808B148F001081C
:1038B00006EB0900851C109820B1012804D00228CD
:1038C0000AD105E000BF09E048F00208AD1C05E0A0
:1038D00048F00408AD1C01E00320CFE700BF67B348
:1038E0003878022821D14FF0000A00BF50460AF173
:1038F000010A385C7D28F9D1AAF1030A0AF1070010
:1039000002900298A9EB000AE81CA0EB0A012046ED
:10391000FFF786FD206808B90420AFE7EA1CA2EB98
:103920000A01206803F0CBFA1FE0691D2046FFF76B
:1039300077FD206840B90420A0E70AE0246372659F
:103940007100000000000000691D206803F0B7FA54
:103950000BE0691D2046FFF763FD206808B90420CD
:103960008CE7691D206803F0AAFA6168481C606052
:10397000206800F80180D4E9000281182846FFF78A
:1039800089FD01900198002804DA2046FFF774FDB4
:10399000052073E76168019808446060C6F3072159
:1039A0006268501C6060206881546268501C6060CE
:1039B00020688654D4E9001288183246049903F02E
:1039C00049F9606830446060109860B14FEA1B218B
:1039D0006268501C6060206881546268501C60609E
:1039E000206800F802B0C7B1387802280BD1D4E9BA
:1039F000001288183946029A03F0EAF961680298C1
:103A00000844606009E0D4E9001288184A46394643
:103A100003F0DEF960684844606000202EE72DE97D
:103A2000F04190B004460D4616469846169F234630
:103A3000F7A2302104A8009502F018FE0120002111
:103A4000CDE9000133460A4604A9CDE902070A2060
:103A5000FFF703FF18B1012010B0BDE8F08100208E
:103A6000FAE72DE9F04F85B080460D4691460120DA
:103A700004900027002600244FF0000A404603F07F
:103A800031F900F10D0B584602F05CFD07461FB9F5
:103A9000049805B0BDE8F08F4246E5A1384602F033
:103AA000CFFD384603F01EF9C6B2F01D00EB050A43
:103AB000AAEB050002F046FD044624B9384602F0A0
:103AC00070FD0498E5E70220207000206070A67069
:103AD00032463946E01C03F07BF9290EF01C2154D4
:103AE000C5F30741301D2154C5F30721701D215432
:103AF000B01D255401200021CDE900015346224686
:103B0000CFA1CDE902090A20FFF7A7FE08B90020DE
:103B10000490384602F045FD204602F042FD04982C
:103B2000B7E72DE9F84380460C4615461E462F217F
:103B300008F1060003F084F807460020009017B94A
:103B40000120BDE8F8837F1C6A46042108F10100CA
:103B5000FFF7B7FC252002F0F5FC2060206808B9CB
:103B60000220EEE72521206803F0A9F92422394636
:103B7000206803F02DF9243700982C3830803188E4
:103B8000481C02F0DFFC2860286820B9206802F099
:103B900008FD0320D5E73288511C286803F08FF90F
:103BA00032883946286803F013F90020C9E72DE967
:103BB000FF5F07460D469046384603F093F886B2FD
:103BC000284603F08FF81FFA80FA4FF00009F01D25
:103BD00002F0B8FC04461CB9012004B0BDE8F09F17
:103BE000F11D204603F06BF996A0016821608088E2
:103BF000A08032463946204603F02CF8284603F0D0
:103C000071F883460120002100915B462A46CDE9E8
:103C10000208019121460A20FFF71FFE10B94FF05C
:103C2000000901E04FF00109204602F0BAFC4846C5
:103C3000D3E72DE9FF5F8046174699460E9C002684
:103C4000B246B3460025B8F1000F03D1012004B0FD
:103C5000BDE8F09F0BE057F8250008B90220F6E711
:103C600057F8250003F03EF80644681CC5B24D45E0
:103C7000F1DB09EB4900801C00EB060A0AF10501A3
:103C80002046FFF7CDFB206808B90320DFE782213B
:103C90006268501C606020688154D4E90002811879
:103CA0005046FFF7F7FB0FFA80FBBBF1000F04DA79
:103CB0002046FFF7E1FB0420C9E7606858446060D4
:103CC0004FEA18216268501C606020688154626865
:103CD000501C6060206800F80280002524E057F83E
:103CE000250002F0FFFF0646C6F307216268501C5C
:103CF0006060206881546268501C6060206886544F
:103D0000D4E90023D01857F82510324602F0A2FF5C
:103D10006068304460600198C1B26268501C6060A5
:103D200020688154681CC5B24D45D8DB00208EE761
:103D30000146FF208A78A2B9CA78142A11D10A79DB
:103D400032B1012A05D0022A04D0802A06D103E02C
:103D500000BF00BF002003E0012001E0022000BFFF
:103D600000BF70472DE9F05F80460F4691461C4624
:103D70000026B246B3460025B8F1000F02D101205B
:103D8000BDE8F09F0BE057F8250008B90220F7E7DF
:103D900057F8250002F0A6FF0644681CC5B24D4541
:103DA000F1DB022000EB490000EB060A0AF10501F5
:103DB0002046FFF735FB206808B90320E0E7A22181
:103DC0006268501C606020688154D4E90002811848
:103DD0005046FFF75FFB0FFA80FBBBF1000F04DAE0
:103DE0002046FFF749FB0420CAE76068584460603A
:103DF0004FEA18216268501C606020688154626834
:103E0000501C6060206800F8028000253CE0000043
:103E1000247379732F25732F25732F7468696E6748
:103E20002F70726F70657274792F706F73740000E9
:103E30007B2264735F6964223A222573227D00002D
:103E40002464700024637273702F000057F82500FB
:103E500002F048FF0646C6F307216268501C606006
:103E6000206881546268501C606020688654D4E9E0
:103E70000023D01857F82510324602F0EBFE606898
:103E800030446060681CC5B24D45DFDB002077E739
:103E9000014601208A781AB9CA781E2A00D100206A
:103EA00070472DE9FC5F81460D4614461E46DDE94C
:103EB0000C8B99F8000000F00F0A002001900AF026
:103EC00008000090CAF341008BF8000001AA042109
:103ED00009F10100FFF7F5FA4844471C0198022850
:103EE00002D30AF0010010B1FF20BDE8FC9F7878F2
:103EF000397840EA012020802088801C019988427E
:103F000001D9FF20F1E7AFF2CC51B81C02F0B4FEAA
:103F100008B10F20E9E79BF8000020B101283DD04F
:103F2000022877D13BE0009808B1FF20DDE7218827
:103F3000481C02F007FB2860286808B9FF20D4E776
:103F40002288511C286802F0BAFF2288B91C286810
:103F500002F03EFF0198801E2188401AA8F8000058
:103F6000B8F80010481C02F0EDFA3060306820B953
:103F7000286802F016FBFF20B7E7B8F80020511CB4
:103F8000306802F09CFFB8F80020B4F800C0BB1CF9
:103F90000CEB0301306802F01BFF4FE000BF2088EC
:103FA000801C0199884201D9FF209EE72088C01C0F
:103FB000395C2088801C385C41EA00210E98018021
:103FC0000E9808B9FF2090E72188481C02F0BAFA41
:103FD0002860286808B9FF2087E72288511C2868D4
:103FE00002F06DFF2288B91C286802F0F1FE0198EA
:103FF000001F2188401AA8F80000B8F80010481CDB
:1040000002F0A0FA3060306828B9286802F0C9FAD6
:10401000FF206AE710E0B8F80020511C306802F079
:104020004EFFB8F80020B4F800C03B1D0CEB0301B4
:10403000306802F0CDFE01E0FF2056E700BF2B21E3
:10404000284602F0FDFD20B92321284602F0F8FDA4
:1040500008B1FF2049E7002047E770B505460C4648
:1040600004212046FFF7DCF9206808B9012070BD63
:1040700040216268501C606020688154022162689F
:10408000501C60602068815429126268501C606076
:10409000206881546268501C60602068855400204C
:1040A000E5E701464878022801D00120704788786A
:1040B00020B9C8780A2801D10020F7E70120F5E7E8
:1040C00070B505460C4604212046FFF7A9F9206883
:1040D00008B9012070BD50216268501C60602068E2
:1040E000815402216268501C60602068815429124A
:1040F0006268501C6060206881546268501C606077
:10410000206885540020E5E701464878022801D060
:1041100001207047887820B9C8780A2801D100208A
:10412000F7E70120F5E770B505460C460421204667
:10413000FFF776F9206808B9012070BD6221626836
:10414000501C60602068815402216268501C6060CD
:104150002068815429126268501C60602068815474
:104160006268501C6060206885540020E5E70246C4
:104170005078022801D0012070479078B0EB112FC1
:1041800005D1D078CBB2984201D10020F4E70120CC
:10419000F2E770B505460C4604212046FFF740F9CA
:1041A000206808B9012070BD70216268501C6060F1
:1041B0002068815402216268501C6060206881542C
:1041C00029126268501C6060206881546268501C2B
:1041D0006060206885540020E5E7014648780228A1
:1041E00001D001207047887820B9C8780A2801D109
:1041F0000020F7E70120F5E710B50446022120462C
:10420000FFF70EF9206808B9012010BDC0216268CF
:10421000501C60602068815400216268501C6060FE
:10422000206881540020F0E710B54FF40071794800
:1042300002F045FE00207849088010BD76480088CD
:1042400008B9012070477448008874490988884279
:1042500003D1002070490880F4E76F4800886F4957
:1042600008800120EEE72DE9F04104460D46C826FE
:10427000204602F037FD87B23A4621466848FDF7EE
:104280006DFB0FE0FFF7DAFF48B92946614802F0FD
:10429000F3FC20B1FFF7C8FF0020BDE8F0810A2041
:1042A000FDF774FA301EA6F10101CEB2EAD1012069
:1042B000F3E730B589B004460D46FFF7B5FF2A464F
:1042C00058A101A802F0BCF95AA101A8FFF7CBFF41
:1042D00020B92A4621465248FDF740FB09B030BDBF
:1042E00070B50546002400BFFFF7A8FF80B952A1B2
:1042F000484802F0C1FC044654B13A21204602F07D
:104300009FFC044614B1641C204670BD0020FCE7ED
:104310000520FDF73BFA281EA5F101018DB2E3D17E
:1043200000BFF2E710B5FFF77FFF01F013FF08238E
:1043300043A20021084601F0E7FF03E04FF4FA70C2
:10434000FDF724FA40A141A0FFF78DFF0028F5D129
:10435000082340A2022101F0D7FF03E04FF4FA70D6
:10436000FDF714FA38A13EA0FFF77DFF0028F5D134
:1043700008233FA2042101F0C7FF03E04FF4FA70C5
:10438000FDF704FA30A13EA0FFF76DFF0028F5D13C
:1043900008233FA2062101F0B7FF03E04FF4FA70B3
:1043A000FDF7F4F93DA13FA0FFF75DFF0028F5D12F
:1043B00044A14A48FDF7EBFA01F0CCFE102348A2D5
:1043C0000021084601F0A0FF4FF4FA70FDF7DEF976
:1043D00010BD10B540F225511148FDF7CFF8B8B126
:1043E0000D480088B0F5007F02D300200A490880FC
:1043F0000B48001D0088C1B2074802880088401C95
:10440000054B18800348815420210548FDF7ADF87D
:1044100010BD000008030020380000203A000020F2
:104420000044004041542B43495053454E443D25E0
:10443000640D0A003E0000004950442C00000000BA
:10444000312E41542E2E2E004F4B000041540D0AA8
:1044500000000000322E43574D4F44452E2E2E00B3
:1044600041542B43574D4F44453D310D0A00000048
:10447000332E41542B4357444843502E2E2E0000D8
:1044800041542B4357444843503D312C310D0A00D1
:10449000342E43574A41502E2E2E0000474F5420B1
:1044A0004950000041542B43574A41503D2261621C
:1044B00063222C22616263313233343536220D0A95
:1044C00000000000352E2045535038323636204942
:1044D0006E6974204F4B0D0A000000000038014047
:1044E0004553503832363620496E6974204F4B00A0
:1044F000FE480068704770B504460D462CB9AC42C2
:1045000001D0012070BD0020FCE70DB90120F9E7C2
:1045100005E0207808B90020F4E7641C6D1C2078C1
:1045200002F066F80646287802F062F88642F0D07B
:10453000207802F05DF80646287802F059F8301A23
:10454000E0E770B50446204602F0CCFB451C284647
:10455000E74909688847061E00D170BD2A462146F2
:10456000304602F035FC3046F7E730B9E149E04A21
:104570001160E149E14A11607047016809B10168C1
:1045800000E0DC49DA4A1160416809B1416800E0A5
:10459000D949DA4A116000BFEEE710B52820D449A6
:1045A0000968884704461CB12821204602F0A9FC6E
:1045B000204610BD70B5044622E02568A08900F4AD
:1045C000807020B9A06810B1A068FFF7F3FFA08940
:1045D00000F4807028B9206918B1C84920690968B9
:1045E0008847A08900F4007028B9206A18B1C3492F
:1045F000206A096888472046C049096888472C46D0
:10460000002CDAD170BD2DE9F04F8BB083468A467D
:104610000020044605460026B94F002188468946F9
:104620000990012008909AF800002D2802D1B54F7A
:104630000AF1010A9AF80000302801D10AF1010AB2
:104640009AF80000312822DB9AF8000039281EDC95
:1046500000BF1AF8011BA1F1300005F02AF9002271
:10466000A94BCDE906012046294605F075F9CDE9AB
:104670000401DDE9062304F09DFE04460D469AF888
:104680000000302803DB9AF800003928E1DD9AF8B1
:1046900000002E2830D19AF8010030282CDB9AF83F
:1046A0000100392828DC0AF1010A00BF1AF8011BB1
:1046B000A1F1300005F0FDF80022934BCDE9060191
:1046C0002046294605F048F9CDE90401DDE9062335
:1046D00004F070FE04460D460022894B40464946D0
:1046E00005F060FB804689469AF80000302803DB1D
:1046F0009AF800003928D9DD9AF80000652803D01F
:104700009AF80000452823D10AF1010A9AF800001E
:104710002B2802D10AF1010A08E09AF800002D289E
:1047200004D14FF0FF3008900AF1010A08E01AF8AE
:10473000010B3038099901EB810100EB4100099030
:104740009AF80000302803DB9AF800003928EEDDE3
:10475000DDE9082101FB02F005F0ABF842464B46CB
:10476000CDE9000104F026FE02460B46CDE9020128
:104770000020654904F0E0F822462B46CDE9060109
:104780003046394605F0E8F8CDE90401DDE90623B5
:1047900005F0E2F804460D46CBE9064520462946D9
:1047A00005F058F8CBF814000320CBF80C00504665
:1047B0000BB0BDE8F08F0146491E41EA610141EAB4
:1047C000A10141EA211141EA212141EA2141481C8C
:1047D00070472DE9F04104460E460CB1206810B92F
:1047E0000020BDE8F081A06806446068B04203DBA9
:1047F000A16820680844F4E73046FFF7DCFF07466D
:1048000038463B490968884705463DB93B49206819
:1048100009688847002060602060E2E725B12846EB
:10482000D4E9001202F0D4FA3449206809688847B4
:1048300067602560A0682844D3E770B504460CB1D2
:10484000206808B9002070BDA16820684518284676
:1048500002F048FAA1680844F5E72DE9FC478246D2
:104860000E464FF00009DAE90645002213462046BD
:10487000294604F0B3FF13D12EB102213046FFF7D1
:10488000A8FF814604E0022019490968884781464B
:10489000B9F1000F03D01DA00088A9F800009FE027
:1048A000DAF8140005F005F8074622462B4605F015
:1048B00079FA21F000410022154BCDE9000105F005
:1048C0000FF83ED8134A144B2046294605F008F845
:1048D00037D80022114B2046294605F03BF930D845
:1048E00006B315213046FFF774FF19E03C000020A5
:1048F0004000002045650008A36500084400002032
:104900000000F03F0000F0BF000024403000000035
:104910000000B03C0000C0FFFFFFDF410000E0C12D
:10492000814604E01520FA49096888478146B9F1B3
:10493000000F55D0F7A14846DAF8142001F080FEA8
:104940004EE02EB140213046FFF743FF814604E0A0
:104950004020EF49096888478146B9F1000F3FD0F0
:104960002046294603F07AFF074622462B4605F0EB
:1049700019FA21F000410022E74BCDE9000104F0D3
:10498000AFFF0FD825F000412746E44AE44B3846F4
:1049900004F0A6FF06D222462B46E2A1484601F0CB
:1049A0004FFE1DE025F000412746E04AE04B384627
:1049B00004F096FF07D325F000410022DD4B384676
:1049C00005F0C8F806D222462B46DBA1484601F086
:1049D00037FE05E022462B46D8A1484601F030FEBE
:1049E0004846BDE8FC87014600220878302806DBEF
:1049F0000878392803DC08783038024415E0087854
:104A0000412806DB0878462803DC0878373802445A
:104A10000BE00878612806DB0878662803DC087854
:104A20005738024401E0002070471201491C087801
:104A3000302806DB0878392803DC0878303802444F
:104A400015E00878412806DB0878462803DC08785A
:104A5000373802440BE00878612806DB08786628BE
:104A600003DC08785738024401E00020DCE712013B
:104A7000491C0878302806DB0878392803DC0878D8
:104A80003038024415E00878412806DB08784628CB
:104A900003DC0878373802440BE00878612806DB2D
:104AA0000878662803DC08785738024401E00020C3
:104AB000BAE71201491C0878302806DB0878392843
:104AC00003DC08783038024415E00878412806DB1A
:104AD0000878462803DC0878373802440BE0087869
:104AE000612806DB0878662803DC0878573802441A
:104AF00001E0002098E7104696E72DE9F05F834635
:104B0000884608F10104002798F80000222805D003
:104B10008B48C0F800800020BDE8F09F04E014F846
:104B2000011B5C2900D1641C2078222804D0207845
:104B300010B1781C071EF2D1781C754909688847A6
:104B40008146B9F1000F01D10020E5E708F1010429
:104B50004D469EE020785C2804D014F8010B05F83F
:104B6000010B96E0641C2078722818D006DC6228BD
:104B700009D066280BD06E287ED10CE0742812D0A4
:104B80007528F9D113E0082005F8010B7FE00C200F
:104B900005F8010B7BE00A2005F8010B77E00D20FA
:104BA00005F8010B73E0092005F8010B6FE0601CAC
:104BB000FFF719FF0646241DB6F55C4F02D3B6F584
:104BC000604F00D306B962E0B6F5584F1CD3B6F576
:104BD0005C4F19D260785C2802D1A078752800D08B
:104BE00055E0E01CFFF7FFFE8246A41DBAF55C4FBE
:104BF00002D3BAF5604F00D349E0C6F3090150462D
:104C000061F39F2000F580360427802E01D2012712
:104C100008E0B6F5006F01D2022703E0B6F5803F49
:104C200000D203273D44012F20D0022F15D0032F9F
:104C30000AD0042F24D106F0BF0040F08001681E86
:104C400005460170B60900BF06F0BF0040F08001C4
:104C5000681E05460170B60900BF06F0BF0040F0AF
:104C60008001681E05460170B60900BF3548C05D69
:104C70003043C1B2681E00E005E00546017000BF88
:104C800000BF3D4403E0207805F8010B00BF00BFE2
:104C9000641C2078222803D0207800287FF45AAFA3
:104CA000002028702078222800D1641CCBF81090B6
:104CB0000420CBF80C0020462EE72DE9F05F80465B
:104CC00089460027BB46454611E02878002802DDCA
:104CD0002878202805DB2878222802D028785C282C
:104CE00001D1012000E0002040EA0B0B6D1C287868
:104CF0000028EAD1BBF1000F3ED1A5EB0807B9F1BE
:104D0000000F21D0F91C4846FFF763FD064620E05E
:104D100040000020256400000000B03C44F3C2E4E1
:104D2000E4E9634C252E3066000000008DEDB5A04F
:104D3000F7C6B03E65CDCD41256500002566000073
:104D40003C0000200EA20008F81CFD4909688847B5
:104D5000064616B90020BDE8F09F3446222004F82C
:104D6000010B4146204601F099FF2220E055002129
:104D7000781C21543046EEE7B8F1000F16D1B9F196
:104D8000000F05D003214846FFF723FD064604E047
:104D90000320EB490968884706460EB90020DAE788
:104DA000E8A1304601F07AFF3046D4E745460BE0F3
:104DB0005146E5A001F044FF08B17F1C03E0BAF1C1
:104DC000200F00DA7F1D6D1C95F800A0BAF1000FCE
:104DD00002D0781C071EEBD1B9F1000F05D0F91CE9
:104DE0004846FFF7F6FC064604E0F81CD44909687B
:104DF000884706460EB90020ADE7344645462220D6
:104E000004F8010B47E028781F280ADD28782228BB
:104E100007D028785C2804D015F8010B04F8010BA2
:104E200039E05C2004F8010B15F8011B8A460C29B7
:104E300019D006DC082912D0092920D00A2922D14C
:104E400015E00D2917D0222905D05C291BD15C2043
:104E500004F8010B1EE0222004F8010B1AE0622086
:104E600004F8010B16E0662004F8010B12E06E2036
:104E700004F8010B0EE0722004F8010B0AE0742024
:104E800004F8010B06E05246B1A1204601F0D8FB20
:104E9000641D00BF00BF28780028B4D1222004F888
:104EA000010B002004F8010B304654E770B50446AE
:104EB0000D4629462069FFF700FF70BD00E0401C49
:104EC00020B1017811B101782029F8DD70472DE972
:104ED000F04706460C4620787B2804D09E480460A4
:104EE0000020BDE8F0870620F060601CFFF7E6FFB9
:104EF000044620787D2801D1601CF2E7FFF74DFBC6
:104F00000546B060B06808B90020EAE72046FFF720
:104F1000D5FF804641462846FFF7EFFD0746FFF7DD
:104F2000CDFF04460CB90020DBE728692862002089
:104F3000286120783A2803D0874804600020D0E711
:104F4000601CFFF7BBFF80464146284600F099F8F9
:104F50000746FFF7B3FF04460CB90020C1E731E074
:104F6000FFF71BFB071E00D1BBE72F607D603D46AE
:104F7000601CFFF7A3FF814649462846FFF7BDFDA9
:104F80008046FFF79BFF04460CB90020A9E728697B
:104F900028620020286120783A2803D06E480460F7
:104FA00000209EE7601CFFF789FF8146494628469E
:104FB00000F067F88046FFF781FF04460CB9002037
:104FC0008FE700BF20782C28CAD020787D2801D117
:104FD000601C86E760480460002082E72DE9F04706
:104FE00005460C4620785B2804D05B48046000200E
:104FF000BDE8F0870520E860601CFFF75FFF04460E
:1050000020785D2801D1601CF2E7FFF7C6FA06465A
:10501000A860A86808B90020EAE72046FFF74EFF1D
:1050200080464146304600F02CF80746FFF746FF21
:1050300004460CB90020DBE717E0FFF7AEFA071EC5
:1050400000D1D5E737607E603E46601CFFF736FF33
:1050500081464946304600F014F88046FFF72EFF9F
:1050600004460CB90020C3E700BF20782C28E4D008
:1050700020785D2801D1601CBAE737480460002021
:10508000B6E770B505460C460CB9002070BD042289
:1050900032A1204601F045FE18B90220E860201D2B
:1050A000F4E705222FA1204601F03BFE18B90020AD
:1050B000E860601DEAE704222CA1204601F031FEE1
:1050C00020B90120E8606861201DDFE720782228F0
:1050D00004D121462846FFF710FDD7E720782D2878
:1050E00005D02078302807DB2078392804DC2146D9
:1050F0002846FFF788FAC9E720785B2804D12146C3
:105100002846FFF76BFFC1E720787B2804D12146B2
:105110002846FFF7DCFEB9E70F4804600020B5E73A
:105120002DE9F04780460D4616460024FFF735FA74
:105130000746002008490860E7B9BDE8F08700008D
:105140004000002022220000225C080C0A0D090009
:1051500075253034780000003C0000206E756C6CC2
:105160000000000066616C73650000007472756574
:10517000000000004046FFF7A1FE81464946384640
:10518000FFF77FFF04462CB93846FFF713FA0020DB
:10519000BDE8F08766B12046FFF790FE0446207810
:1051A00030B13846FFF706FAFE4804600020EFE70A
:1051B00005B12C603846EBE710B5044600221146D5
:1051C0002046FFF7ADFF10BD2DE9FF4F89B088469F
:1051D00016461F4600200890079006904FF0070AD9
:1051E00000250998D0F808900020029001900090C6
:1051F00004E00298401C0290D9F80090B9F1000F29
:10520000F7D10298002835D157B116B108F1040042
:1052100000E0032001463846FFF7DBFA069009E07C
:1052200016B108F1040100E003210846DE490968CF
:1052300088470690069818B900200DB0BDE8F08F99
:10524000069C7B2004F8010B66B10A2004F8010BD0
:10525000002503E0092004F8010B6D1CA8F10100F2
:10526000A842F7DC7D2004F8010B002004F8010BB4
:105270000698E2E7002F77D0BD680EB1022000E06B
:10528000012082460AF101013846FFF7A2FA0446DE
:105290000CB90020D1E77B2004F8010B16B10A20DD
:1052A00004F8010B00202070B8685044B8600998D9
:1052B000D0F8089008F1010868E0B6B141463846D8
:1052C000FFF787FA04460CB90020B6E700200390E8
:1052D00005E0092004F8010B0398401C0390039893
:1052E0004045F6DBB8684044B8603946D9F820003C
:1052F000FFF7E3FC3846FFF7A0FAB8600EB10220D2
:1053000000E00120824651463846FFF762FA044623
:105310000CB9002091E73A2004F8010B16B10920DE
:1053200004F8010BB8685044B8603B463246414629
:10533000484600F078FA3846FFF77FFAB8600EB1B9
:10534000012000E00020D9F8001009B1012100E09F
:10535000002100EB010A0AF101013846FFF739FA92
:10536000044614B9002068E734E0D9F8000010B111
:105370002C2004F8010B16B10A2004F8010B0020C0
:105380002070B8685044B860D9F80090B9F1000FA7
:1053900093D116B108F1010000E002200146384621
:1053A000FFF717FA04460CB9002046E74EB1002576
:1053B00003E0092004F8010B6D1CA8F10100A842CC
:1053C000F7DC7D2004F8010B0020207038682844A9
:1053D000069005E10299880073490968884708909A
:1053E000089808B9002028E7029988006E490968E2
:1053F00088470790079828B96C4908980968884732
:1054000000201AE702988100089801F07AFD0298BE
:105410008100079801F075FD0998D0F8089008F10F
:10542000010806B1C2442EE00021D9F82000FFF7A0
:1054300044FC0490079941F8250000233246414678
:10544000484600F0F0F929466D1C0590089A42F88C
:105450002100049898B1059888B1059801F042FCA4
:105460008346049801F03EFC0BEB0001891C16B149
:1054700008F1020000E000200844824401E001201D
:105480000190D9F80090B9F1000FCDD1019820B961
:1054900050464549096888470690069808B9012092
:1054A0000190019818B3002514E0079850F82500E2
:1054B00028B1079951F825003C49096888470898A0
:1054C00050F8250028B1089951F825003749096896
:1054D00088476D1C02988542E7DB344907980968C4
:1054E000884732490898096888470020A5E67B214B
:1054F000069801700698441C16B10A2004F8010BA6
:1055000000202070002548E05EB10020039005E0F7
:10551000092004F8010B0398401C039003984045B0
:10552000F6DB079951F8250001F0DCFB00900798A5
:1055300050F825102046009A01F04AFC00980444D7
:105540003A2004F8010B16B1092004F8010B089861
:1055500050F82510204601F0A1FB089951F82500CC
:1055600001F0C0FB04440298401EA84202D02C2047
:1055700004F8010B16B10A2004F8010B002020707A
:10558000079951F82500094909688847089951F891
:1055900025000649096888476D1C02988542B3DBDF
:1055A000024905E03C0000204000002044000020AB
:1055B000079809688847F7490898096888474EB1ED
:1055C000002503E0092004F8010B6D1CA8F101007F
:1055D000A842F7DC7D2004F8010B002004F8010B41
:1055E00006982AE62DE9FF4F85B092461E464FF0F9
:1055F000000B052003900598D0F80880D9460025B7
:1056000000200290019003E009F10109D8F8008020
:10561000B8F1000FF8D1B9F1000F16D12EB1032166
:105620003046FFF7D6F8834604E00320DA490968DC
:1056300088478346BBF1000F03D0D8A1584601F03C
:105640002DFB584609B0BDE8F08F002E57D0B56845
:1056500001213046FFF7BDF804460CB90020F1E700
:105660005B202070B068401CB0600598D0F80880BE
:105670002EE0334652460699491C404600F0D3F8C6
:105680003046FFF7DAF8B060D8F80000F0B1BAF1B0
:10569000000F01D0022000E0012003900399491C73
:1056A0003046FFF796F804460CB90020CAE72C20D4
:1056B00004F8010BBAF1000F02D0202004F8010B0E
:1056C00000202070B16803980844B060D8F80080CA
:1056D000B8F1000F02D002980028CAD0022130464B
:1056E000FFF777F804460CB90020ABE75D2004F81B
:1056F000010B00202070306800EB050B91E04FEAB1
:105700008900A5490968884707460FB9002099E72D
:105710004FEA8901384601F0F4FB0598D0F808807B
:1057200021E0002352460699491C404600F07BF8D0
:10573000049029466D1C049847F82100049870B124
:10574000049801F0CFFA801CBAF1000F01D00121BA
:1057500000E00021014403980844039001E0012087
:105760000290D8F80080B8F1000F02D0029800280B
:10577000D7D0029820B9884903980968884783469A
:10578000BBF1000F01D101200290029890B10025D9
:1057900008E057F8250020B157F825007D49096831
:1057A00088476D1C4D45F4DB38467A4909688847BF
:1057B000002047E75B208BF800000BF1010400207C
:1057C0002070002521E057F8250001F08BFA0190A8
:1057D00057F825102046019A01F0FAFA019804447E
:1057E000A9F10100A8420AD02C2004F8010BBAF15B
:1057F000000F02D0202004F8010B0020207057F881
:1058000025006449096888476D1C4D45DBDB384637
:105810006049096888475D2004F8010B002004F8FE
:10582000010B58460EE72DE9F04104460F4690461D
:105830001D46002614B90020BDE8F081002D49D096
:10584000207B072845D2DFE800F0101C04282E3406
:105850003C0005212846FEF7BCFF064626B1AFF204
:105860000471304601F01AFA33E006212846FEF7AB
:10587000B0FF064626B1AFF21471304601F00EFAC1
:1058800027E005212846FEF7A4FF064626B1AFF221
:105890002471304601F002FA1BE029462046FEF74B
:1058A000DCFF064615E029462046FFF7FFFA0646CC
:1058B0000FE02B46424639462046FFF793FE064648
:1058C00007E02B46424639462046FFF77DFC064658
:1058D00000BF37E0207B072833D2DFE800F00A1052
:1058E00004161C222A00AFF28C70FEF72AFE064630
:1058F00027E0AFF29070FEF724FE064621E0AFF2FB
:105900009470FEF71EFE06461BE000212046FEF7BF
:10591000A4FF064615E000212046FFF7C7FA064619
:105920000FE00023424639462046FFF75BFE06465D
:1059300007E00023424639462046FFF745FC06466D
:1059400000BF00BF304677E710B5044600230122B0
:1059500019462046FFF767FF10BD10B50446002327
:105960001A4619462046FFF75EFF10BDFEB50546F4
:105970000C4616462046084909688847009001945D
:10598000002002906B46324600212846FFF74BFF6D
:10599000FEBD000044000020400000205B5D0000D0
:1059A00001468A68002001E0401C1268002AFBD1F1
:1059B00070470246906801E0491E006808B100295E
:1059C000FADC704770B505460E46AC6800E0246806
:1059D0002CB13146206AFEF78EFD0028F7D1204613
:1059E00070BD01604860704770B50546FEF7D5FD93
:1059F00004460CB9002070BD28222946204601F03B
:105A00002CFA00202062E06840F48070E060002002
:105A1000606020602046EEE770B505460E46AC6833
:105A200006B970BD0CB9AE6009E000E0246814B19D
:105A300020680028FAD131462046FFF7D2FF00BF88
:105A4000EFE770B506460D46144604B970BD206AEE
:105A500018B1FE49206A096888472846FEF771FD9B
:105A6000206221463046FFF7D7FF00BFEEE770B552
:105A700006460D46144604B970BDA08900F40070B6
:105A800028B9206A18B1F149206A09688847256257
:105A9000E06840F40070E06021463046FFF7BCFF4C
:105AA00000BFE9E770B505460C462046FFF79CFFAE
:105AB000064631462846FFF7AFFF70BD2DE9F0419D
:105AC00005460E4614462046FFF78EFF07463A4627
:105AD00031462846FFF7B5FFBDE8F08110B5024614
:105AE0000B46916801E009685B1E09B1002BFADCE6
:105AF00009B9002010BD486810B1D1E90004206048
:105B0000086810B1D1E9004060609068884201D116
:105B1000086890600020086048600846EAE770B5B1
:105B200004460D4629462046FFF7D8FF0646FEF7F5
:105B300041FD70BD2DE9F04105460F460026AC68D9
:105B400001E0761C24682CB13946206AFEF7D3FCAC
:105B50000028F6D12CB131462846FFF7BFFFBDE83B
:105B6000F0810020FBE770B504460D46294620462B
:105B7000FFF7E0FF0646FEF71DFD70BD2DE9F04181
:105B800006460F461446B56801E02D687F1E0DB12C
:105B9000002FFADC2DB921463046FFF73DFFBDE866
:105BA000F0812560686860606C60B068A84201D1CF
:105BB000B46001E06068046000BFF0E72DE9F041E7
:105BC00006460F461446B56801E02D687F1E0DB1EC
:105BD000002FFADC0DB9BDE8F08128682060686804
:105BE0006060206808B120684460B068A84201D1B4
:105BF000B46001E0606804600020686028602846A6
:105C0000FEF7D8FC00BFE6E72DE9F04105460E4659
:105C100017464FF00008AC6802E008F1010824685C
:105C20002CB13146206AFEF766FC0028F5D144B15C
:105C30003046FEF786FC38623A4641462846FFF772
:105C4000BDFFBDE8F08110B5FEF7A7FC04460CB11E
:105C50000220E060204610BD10B5FEF79EFC044611
:105C60000CB10120E060204610BD10B5FEF795FC98
:105C700004460CB10020E060204610BD70B505461A
:105C8000FEF78BFC044624B10DB1012000E000209A
:105C9000E060204670BD70B505460E46FEF77DFCFF
:105CA000044644B10320E060C4E906562846314664
:105CB00003F0D0FD6061204670BD70B50546FEF76B
:105CC0006CFC04462CB10420E0602846FEF739FC49
:105CD0002061204670BD10B5FEF75FFC04460CB194
:105CE0000520E060204610BD10B5FEF756FC0446C6
:105CF0000CB10620E060204610BD2DE9F05F814622
:105D00008A460025AB46FFF7E6FF0646002410E072
:105D100059F8240003F0CDFD0746FFF7BCFF054608
:105D20000CB9B56003E029465846FFF75AFEAB466A
:105D3000641C0EB15445EBDB3046BDE8F09F2DE905
:105D4000F05F81468A460025AB46FFF7C4FF064652
:105D5000002410E059F8240004F00EF90746FFF77C
:105D60009AFF05460CB9B56003E029465846FFF78F
:105D700038FEAB46641C0EB15445EBDB3046BDE843
:105D8000F09F2DE9F047074688460025A946FFF712
:105D9000A2FF0646002410E007EBC400D0E9002172
:105DA0001046FFF778FF05460CB9B56003E02946B9
:105DB0004846FFF716FEA946641C0EB14445EBDBCE
:105DC0003046BDE8F0872DE9F047074688460025B4
:105DD000A946FFF780FF064600240DE057F824008F
:105DE000FFF76BFF05460CB9B56003E0294648464E
:105DF000FFF7F7FDA946641C0EB14445EEDB3046C3
:105E0000BDE8F0872DE9F047054689464FF00008C8
:105E100015B90020BDE8F087FEF7BFFB04460CB9BA
:105E20000020F7E7E86820F48070E060686960614E
:105E3000D5E90601C4E90601286968B12869FEF7B9
:105E400080FB2061206938B9204601E04400002031
:105E5000FEF7B0FB0020DDE7286A50B1286AFEF7A4
:105E600070FB2062206A20B92046FEF7A3FB0020C9
:105E7000D0E7B9F1000F01D12046CBE7AF6816E0BB
:105E800001213846FFF7BEFF064626B92046FEF739
:105E900091FB0020BEE7B8F1000F05D0C8F8006004
:105EA000C6F80480B04601E0A660B0463F68002F07
:105EB000E6D12046AEE7014655E00278202A01D11E
:105EC000401C50E00278092A01D1401C4BE00278C6
:105ED0000D2A01D1401C46E002780A2A01D1401C5B
:105EE00041E002782F2A0BD142782F2A08D100E016
:105EF000401C0278002A36D002780A2A33D0F7E70D
:105F000002782F2A0ED142782A2A0BD100E0401CB9
:105F100002782AB102782A2AF9D142782F2AF6D1BA
:105F2000801C20E00278222A19D110F8012B01F8F8
:105F3000012B0AE002785C2A03D110F8012B01F84A
:105F4000012B10F8012B01F8012B027812B1027815
:105F5000222AEFD110F8012B01F8012B03E010F8F1
:105F6000012B01F8012B0278002AA6D10A70704794
:105F700010B50221F948FAF7A6FC0121F748FAF713
:105F8000A2FC0121F548FAF7A0FC0221F348FAF738
:105F90009CFC10BD10B50221F048FAF794FC0121D9
:105FA000EE48FAF792FC0121EC48FAF78CFC10BDA0
:105FB00010B50221E948FAF786FC0221E748FAF712
:105FC00084FC10BD2DE9F04105462C460221E34832
:105FD000FAF77BFC002619E0274607F08007802FA0
:105FE00004D10121DD48FAF76EFC03E00121DB4812
:105FF000FAF76BFC6006040E0221D848FAF763FC3E
:106000000221D648FAF761FC701CC6B2082EE3DB09
:10601000BDE8F08110B50446FFF7AAFF7820FFF72E
:10602000D1FFFFF7C5FF0020FFF7CCFFFFF7C0FF50
:106030002046FFF7C7FFFFF7BBFFFFF7ABFF10BD21
:1060400010B50446FFF794FF7820FFF7BBFFFFF77A
:10605000AFFF4020FFF7B6FFFFF7AAFF2046FFF78C
:10606000B1FFFFF7A5FFFFF795FF10BD70B5044620
:106070000D461DB1E0B2FFF7E3FF02E0E0B2FFF72B
:10608000C9FF70BD70B50646002418E004F1B000E9
:106090000021FFF7EBFF00210846FFF7E7FF002193
:1060A0001020FFF7E3FF002505E001213046FFF750
:1060B000DDFF681CC5B2802DF7DB601CC4B2082C64
:1060C000E4DB70BD06E041F6650100E0491E0029F1
:1060D000FCD1401E0028F6D17047014605E00020A3
:1060E00001E0421CD0B27B28FBDB0A1EA1F10101BA
:1060F000F5D1704770B504460D4605F1B00000219A
:10610000FFF7B4FF102141EA14100021FFF7AEFFA2
:1061100004F00F000021FFF7A9FF70BD10B50021AA
:106120008D20FFF7A3FF00211420FFF79FFF002120
:10613000AF20FFF79BFF10BD10B500218D20FFF7AA
:1061400095FF00211020FFF791FF0021AE20FFF7FF
:106150008DFF10BD70B5002418E004F1B0000021DF
:10616000FFF784FF00210846FFF780FF0021102081
:10617000FFF77CFF002505E001210020FFF776FFF7
:10618000681CC5B2802DF7DB601CC4B2082CE4DBB0
:1061900070BD70B5002418E004F1B0000021FFF7D5
:1061A00065FF00210846FFF761FF00211020FFF77F
:1061B0005DFF002505E001210846FFF757FF681C39
:1061C000C5B2802DF7DB601CC4B2082CE4DB70BDC7
:1061D0002DE9F04707460E469046994600250024D3
:1061E000A8F12000C5B27F2F02DD0027B01CC6B287
:1061F000B9F1100F24D131463846FFF77BFF002458
:1062000008E004EB0511564A505C0121FFF72EFF10
:10621000601CC4B2082CF4DB701CC1B23846FFF716
:1062200069FF002409E004EB051108314C4A505C79
:106230000121FFF71BFF601CC4B2082CF3DB12E046
:1062400031463846FFF756FF00240AE005EB4501CA
:10625000444A02EB4101085D0121FFF707FF601C82
:10626000C4B2062CF2DBBDE8F08710B5024601206F
:1062700000E050430B1EA1F10104E1B2F9D110BDC1
:106280002DE9FF5F074691461E460E9D4FF0000A1E
:10629000002435E0301B401EC1B20A20FFF7E5FFA5
:1062A000B9FBF0F00A21B0FBF1F201FB1208BAF1E0
:1062B000000F14D1701EA04211DDB8F1000F0CD1F7
:1062C000AB4605EBDB71491001FB0471C8B22B46EC
:1062D00020220199FFF77CFF10E04FF0010AAB4646
:1062E00005EBDB71491001FB0471C8B208F1300104
:1062F000CAB22B460199FFF76BFF00BF601CC4B206
:10630000B442C7DBBDE8FF9F2DE9F04104460F46CC
:106310001546984600260FE0AA5D434639462046BA
:10632000FFF756FF04F10800C4B2782C02DD002408
:10633000B81CC7B2701CC6B2A85D0028ECD1BDE87D
:10634000F0812DE9F04180460E4615460027314682
:106350004046FFF7CFFE002411E00000000C014092
:106360003DA4000815A20008744A02EB8511085DDF
:106370000121FFF77BFE781CC7B2601CC4B2102C51
:10638000F2DB701CC1B24046FFF7B4FE00240CE003
:106390006900491C694A02EB4111085D0121FFF7C0
:1063A00065FE781CC7B2601CC4B2102CF0DBBDE8DF
:1063B000F0812DE9F05F06460F4690461C46DDF859
:1063C00028A04FF0000BE11704EB5171C910A4EBAA
:1063D000C10131B92046E11704EB5171C1F3C70582
:1063E00006E02046E11704EB5171C910491CCDB2FB
:1063F0003D4615E029463046FFF77CFEB1460BE0EE
:1064000059460BF1010B1AF801000121FFF72EFE8E
:1064100009F1010000F0FF09C145F1DB681CC5B2BC
:10642000A542E7DBBDE8F09F08B501210820FAF797
:1064300059FC0320ADF8000010208DF80300032064
:106440008DF8020069463E48FAF790F903213C486E
:10645000FAF739FA4FF44870FBF7B9F90021AE208A
:10646000FFF704FE00210846FFF700FE0021102080
:10647000FFF7FCFD00214020FFF7F8FD0021B020D0
:10648000FFF7F4FD00218120FFF7F0FD0021FF2040
:10649000FFF7ECFD0021A120FFF7E8FD0021A62079
:1064A000FFF7E4FD0021A820FFF7E0FD00213F20D9
:1064B000FFF7DCFD0021C820FFF7D8FD0021D32025
:1064C000FFF7D4FD00210846FFF7D0FD0021D520BD
:1064D000FFF7CCFD00218020FFF7C8FD0021D82068
:1064E000FFF7C4FD00210520FFF7C0FD0021D920E2
:1064F000FFF7BCFD0021F120FFF7B8FD0021DA20F5
:10650000FFF7B4FD00211220FFF7B0FD0021DB20D2
:10651000FFF7ACFD00213020FFF7A8FD00218D2002
:10652000FFF7A4FD00211420FFF7A0FD0021AF20FC
:10653000FFF79CFDFFF70EFE08BD0000480000209D
:10654000000C014070B5064600F00EFD056806F12E
:106550000B0020F00704B4429CBF002070BD2B4606
:106560006A68BAB11068A04210D304F108018842E9
:106570003CBF5068586007D35168101941601168DA
:10658000091B016058601460101D70BD13465268ED
:10659000002AE7D12146284600F0EEFC0028DED193
:1065A00070BD70B50446051F00F0DEFC0068002CCD
:1065B00014BF446870BD002C18BFAC423CBF2046DD
:1065C0006468F8D301680A18AA4218BF456003D16D
:1065D0002A6805461144016028684119A1421CBF80
:1065E0006C6070BD6168696021680844286070BD96
:1065F00010B5044600F0B0FC0068005DC00602D58E
:1066000004F1200010BD204610BD00007CB51D46E1
:1066100016460C00009001D02044401E074B7B44DE
:106620002A4669460190304600F08FFF05461CB1AE
:106630000020694600F09CFF28467CBD590F0000F1
:106640000FB41CB5084B06AA7B4469460090059818
:1066500000F07BFF04460020694600F089FF2046D9
:106660001CBC5DF814FB0000250F00000FB47CB5C6
:106670000C0009AA009001D02044401E084B7B4426
:1066800069460190089800F060FF05461CB10020A3
:10669000694600F06DFF28467CBC5DF814FB0000E5
:1066A000F90E000070B5044685690068C10601D581
:1066B000302600E02026C00707D070BDD4E90121B4
:1066C00030469047206A401C20626D1EF6D570BD92
:1066D00070B5044685690078C00707D170BDD4E95C
:1066E000012120209047206A401C20626D1EF6D5B3
:1066F00070BD70B50C460546012A05D02878800685
:1067000000D5EA69002302E0012305E05B1C934207
:1067100002D2E05C0028F9D1A869E618C01AA86185
:10672000286A184428622846FFF7BCFF04E0D5E930
:10673000012114F8010B9047B442F8D32846FFF723
:10674000C7FF70BD2DE9F041064600241068752989
:10675000314616A510D000F064FC002802DA404251
:1067600013A507E031688A0701D512A502E04907A1
:1067700004D511A5012401E000F05CFC00210A22EF
:1067800006F1240709E0B0FBF2FCB0FBF2F302FBD8
:106790001C00303078541846491C0028F3D1234699
:1067A0002A463046BDE8F04100F04DBC0000000034
:1067B0002D0000002B00000020000000F0B40D466A
:1067C0000188090502D5214C7C4402E01F4C7C4421
:1067D0000E34002100F1240608E002F00F07120930
:1067E000E75D42EA03721B097754491C52EA03072A
:1067F000F3D102780023120704D5702D06D009B119
:10680000022311342246F0BC00F01DBC01231034D9
:10681000F8E770B504460D462146106800F00AFC02
:10682000024629462046BDE870400023C6E7D21D37
:1068300022F00703D3E90023C0E70368126843F09E
:10684000200303600823C3610023B7E7614200000F
:106850002DE9F05F894604464FF0000ADFF874B175
:10686000FB44C0F820A02046E1688847002874D087
:10687000252806D0D4E901219047206A401C2062D7
:10688000F1E700265F462046E16888472028054654
:1068900007DB312D05D2781910F8200C08B106431A
:1068A000F1E7B00701D526F00406C4F81CA00027C4
:1068B000C4F818A02A2D09D0284601F0C7FF38B324
:1068C00004EB8708303DC8F8185019E059F8041B4C
:1068D000204604EB87029161E1688847012F054655
:1068E00018D1E069002820DA26F020061DE0D8F84B
:1068F000180000EB800005EB40003038C8F81800A5
:106900002046E1688847054601F0A0FF0028EED147
:10691000012F0AD02E2D08D12046E16888477F1C20
:106920000546022F46F02006C4DBA069002803DAE2
:10693000404246F00106A061F00701D026F01006A3
:106940006C2D0BD0682D09D04C2D39D06A2D35D047
:10695000742D35D07A2D33D016E038E0E1682F461B
:1069600020468847B842054609D16C2F26D04FF4FF
:106970008060E168064320468847054604E06C2FA6
:106980001AD04FF4807006430DB3A5F141001928C9
:1069900002D8203546F400664A462946204626603D
:1069A0004E46F9F7FDFB80B101280BD0F61D26F00D
:1069B000070000F1080956E74020E4E78020D8E707
:1069C0000020D6E706F104094DE7284652E7206A81
:1069D000BDE8F09FF14100000FB400B58DB010A9E3
:1069E000099000910B904FF0FF300A9000200C901E
:1069F000064878440690064878446A4607900F99FE
:106A000009A800F0C1FE0DB05DF814FBB30D000045
:106A1000CB0D00002DE9FF5F1D464FF0FF3B914677
:106A20004FF000085F46D5E90146A96901987F1C2F
:106A30008847296A824688470028F6D1BAF1FF3F85
:106A40000CD0002E24F4C06419DD600614D5BAF110
:106A50002B0F09D0BAF12D0F0ED103E0584604B028
:106A6000BDE8F09F44F48064A96901987F1C8847C1
:106A7000761E8246002E02DDBAF1300F03D0B9F146
:106A8000000F26D032E0A969761E01987F1C44F4DD
:106A900000748847002E824605DDBAF1780F06D0D3
:106AA000BAF1580F03D0B9F1000F10D01EE0B9F1C0
:106AB000000F02D0B9F1100F18D1A969761E019804
:106AC0007F1C24F4007488478246102002E00820CE
:106AD00000E00A20814609E0A96908FB0908761E42
:106AE00001987F1C44F4007488478246002E05DD1F
:106AF0004946504600F034FE0028EDDAE969019875
:106B00008847A00502D46FF00100A8E7E00725D16F
:106B1000600613D5600502D5C8F1000000E04046CC
:106B200029680A1D2A600968220501D5087015E048
:106B3000220701D5088011E008600FE02868011DD8
:106B400029600068210502D580F8008006E0210751
:106B500002D5A0F8008001E0C0F8008038467EE74A
:106B60002DE9FF5F4FF000089946144646469169AB
:106B7000D2E901A7DDF838B001988847054659EAFF
:106B80000B0005D009E0A1690198761C88470546ED
:106B9000216A284688470028F5D1681C03D05FEA9F
:106BA000CA7005D015E04FF0FF3004B0BDE8F09F8B
:106BB0002068011D2160D0F800800AE05FEACA70F9
:106BC00001D108F8015BA169761C01987F1E8847F6
:106BD0000546002F1ADD681C18D0B9F1000F0DD042
:106BE000E81705EBD060421120F01F0059F8221081
:106BF0002A1A012090400142E0D107E0BBF1000FCA
:106C0000DCD12846216A88470028D7D0E16901985D
:106C10008847BBF1000F07D1002E05DD5FEACA707F
:106C200002D1002188F80010A068B84203DDBBF152
:106C3000000F03D017B16FF00100B6E73046B4E79C
:106C4000401ECAB210F8011F8A4202D00029F9D1B1
:106C50000020704710B5431E13F8014F002CFBD1E4
:106C600005E011F8014B002C03F8014B03D0521E34
:106C7000F7D20021197010BD30B505460B462A46E3
:106C800013F8014B12F8010B08B1A042F8D01CB167
:106C9000002802D06D1CF1E7284630BD40EA010310
:106CA000024630B59B0710D14FF0013400E008C216
:106CB00008C91D1B9D4315EAC41FF8D013F0FF013E
:106CC00002F8011B0DD01B0AF8E711F8013B002B5D
:106CD00002F8013B05D011F8013B002B02F8013B03
:106CE000F3D130BD10B5431C02E010F8011B71B1A7
:106CF0008107FAD14FF0013202C88C1A8C4314EA92
:106D0000C211F9D0C01A0A0603D0C01E10BDC01AA5
:106D100010BD0A0401D0801E10BD0902FCD0401E27
:106D200010BD40EA010370B59B072ED14FF001362C
:106D3000042A2AD308C810C99D1B9D43121F15EAB7
:106D4000C61517D0D8B2E1B2401A50EA056110D189
:106D500098B2A1B2401A50EA05410AD123F07F400F
:106D600024F07F41401A50EA052102D1180EA0EB11
:106D7000146070BDA342DBD018BA21BA884201D991
:106D8000012070BD4FF0FF3070BD0AB9002070BD0A
:106D900010F8013B11F8014B63B1A3420AD1521E16
:106DA00008D010F8013B11F8014B1BB1A34201D1EF
:106DB000521EEDD1181B70BD421E12F8013F002B70
:106DC000FBD111F8013B002B02F8013BF9D17047D0
:106DD000032A40F2308010F0030C00F0158011F807
:106DE000013BBCF1020F624498BF11F801CB00F8DF
:106DF000013B38BF11F8013BA2F1040298BF00F833
:106E000001CB38BF00F8013B11F0030300F02580EF
:106E1000083AC0F0088051F8043B083A51F804CB16
:106E2000A0E80810F5E7121D5CBF51F8043B40F8DC
:106E3000043BAFF30080D20724BF11F8013B11F8E7
:106E400001CB48BF11F8012B24BF00F8013B00F82B
:106E500001CB48BF00F8012B704710B5203AC0F0B5
:106E60000B80B1E81850203AA0E81850B1E818504B
:106E7000A0E81850BFF4F5AF5FEA027C24BFB1E888
:106E80001850A0E8185044BF18C918C0BDE81040F9
:106E90005FEA827C24BF51F8043B40F8043B08BF02
:106EA0007047D20728BF31F8023B48BF11F8012BC9
:106EB00028BF20F8023B48BF00F8012B70474FF075
:106EC00000020429C0F0128010F0030C00F01B80B7
:106ED000CCF1040CBCF1020F18BF00F8012BA8BFC5
:106EE00020F8022BA1EB0C0100F00DB85FEAC17C89
:106EF00024BF00F8012B00F8012B48BF00F8012B3C
:106F000070474FF0000200B513469446964620396C
:106F100022BFA0E80C50A0E80C50B1F12001BFF452
:106F2000F7AF090728BFA0E80C5048BF0CC05DF8B8
:106F300004EB890028BF40F8042B08BF704748BF06
:106F400020F8022B11F0804F18BF00F8012B70477A
:106F5000704770477047000010B500F049FC001DF5
:106F600010BD00BFF9230000004870471005002045
:106F7000704770477047704738B504460A4600208E
:106F80006946AFF30080002808BF38BD024600996B
:106F9000204600F035FC012038BD012000F03ABF4A
:106FA000F8B5AFF30080054600200C46102000BF66
:106FB0000646A819A0420DD9324669460020AFF313
:106FC0000080070008BF00F025FF0098A04218BF0E
:106FD0000546C419FFF7C8FF05600746F01D20F0FD
:106FE00007004619284600F00AF8B44208BFF8BD69
:106FF000A21B31463868BDE8F84000F001BC002112
:107000000160C0E9011070471020704710B500F012
:10701000F3FB006810BD10B5044600F0EDFB046002
:1070200010BD09684A0501D540B27047C905FCD5B5
:1070300000B2704709684A0501D5C0B27047C9055A
:10704000FCD580B270472DE9F0470D46994692462F
:10705000044600F124080168880604D5E06921F09F
:107060001001216000E00120A84201DD471B00E083
:107070000027A1697A1902EB0900081AA06120789B
:10708000C00602D42046FFF70DFB002608E0D4E935
:1070900001211AF806009047206A401C761C2062E5
:1070A0004E45F4DB2078C0060AD52046FFF7FAFAF1
:1070B00006E0D4E9012130209047206A401C20627C
:1070C000381EA7F10107F4DC07E0D4E9012118F824
:1070D00005009047206A401C2062281EA5F101058A
:1070E000F3DC2046FFF7F4FA2078000602D50220F0
:1070F000BDE8F0870120FBE711680268006A5305CC
:1071000001D508700AE0D30501D5088006E0130612
:1071100003D5C217C1E9000200E0086001207047F2
:1071200070472DE9FF4F0C461E464FF0FF378BB0DE
:10713000D2E90001DDF860800A908A46C1F30A5561
:1071400005B93D46002108464FF00000BAF1000F96
:1071500000F4400005DA00EB80004FF4400101EA42
:1071600050004FEA9059B9F1010F00DDB9460A9875
:1071700050EA4A000ED044F61050A5F2FF354543C0
:107180002F14B8F1000F1ED07542291E1EDDC9F163
:1071900000021CE0B8F1010F4FF0000001D03021D7
:1071A00003E0F24305E02154401CB042FBDB3046D3
:1071B0000022002121540B99C1F80880C1E9002068
:1071C0000FB0BDE8F08FBD1B6D1CDEE74A4600DA4C
:1071D000694206A800F08CFD06AB93E8070003ABFC
:1071E00083E8070050460A9900F0DEFE8DE80700AC
:1071F000A0F500501F3800900398002D0ADD42F2E0
:107200001F014A460844002303A90390684601F081
:1072100047F909E0A0F500504A461F38002303A9AA
:107220000390684601F051F98DE807000004000C56
:1072300003D04FF0FF30410800E01046B8F1000FD6
:1072400003D00022009215461EE0751E05D400F002
:10725000F1FA303262556D1EF9D5B346012208436A
:1072600002D000227F1C04E02078302801D10022C7
:107270007F1E002A099784D01DE0112D07DA00F047
:10728000D9FA303262556D1C50EA0102F5D108433B
:1072900002D00098C8B10EE00021681E05E0235C12
:1072A000625C63542254401E491C8142F7DBAB46AA
:1072B000A81B401E0990002004F80B000B98099AA7
:1072C000C0F80880C0E9002B7AE711264FF00008CB
:1072D00057E72DE9F04F88460446D21D22F00701FA
:1072E00091B0D1E90001CDE90A0101F025FA024689
:1072F0000B98C00F01D02D2007E02068810701D531
:107300002B2002E0202101EAC000032A099001D0CD
:10731000072A05DB03464146204600F0D9FA0BE177
:107320002078800601D5E06900E00620B8F1650FFD
:10733000814606D0B8F1660F18D0B8F1670F70D14A
:1073400031E00020B9F1110F009001DB112301E0C1
:1073500009F101030AAA01A90CA8FFF7E2FEDDE981
:107360000C70002609F10105834647E001204B46D9
:1073700000904FF000470AAA01A90CA8FFF7D1FE20
:10738000DDE90DB00C995D46002610B909F1010048
:107390000D18B9EB050003D4C0F1FF3609F1010562
:1073A000A5EB09002BE0B9F1010F01DA4FF001095B
:1073B0000020B9F1110F0090484601DD112300E0D3
:1073C00003460AAA01A90CA8FFF7ABFEDDE90C7081
:1073D0004D4600268346207800070AD4AB4500DAE4
:1073E0005D4601A8012D04DD411911F8011C302969
:1073F00007D04F4502DA17F1040F04DA0120824664
:107400000FE06D1EEEE7002F02DCED1B3E4403E0B3
:10741000781CA84200DD7D1CB81B00F1010A4FF06A
:1074200000472078000703D4AA4501DB4FF0FF3A5C
:107430000021B7F1004F0DF143088DF8431024D01F
:1074400002202B23002F01DA7F422D230A21021E66
:10745000A0F1010000DC5FB197FBF1FC97FBF1F2BA
:1074600001FB1C7C17460CF1300C08F801CDEEE74F
:10747000A8F1010003702188090501D5452100E02C
:107480006521A0F1010800F8011C09980FA9A1EBE2
:107490000807FF1D00B10120411901EBEA70A16945
:1074A0003844081A401EA0612078C00602D4204645
:1074B000FFF7F8F8099828B1D4E901219047206A2C
:1074C000401C20622078C00622D52046FFF7EAF84B
:1074D0001EE0002E04DBB34502DD01A8805D00E064
:1074E0003020D4E901219047206A401C2062761C9C
:1074F000AAF101005FEA000A0AD100F079F9C06838
:107500000168405CD4E901219047206A401C206258
:10751000281EA5F10105DCDC07E0D4E9012118F8FB
:10752000010B9047206A401C2062381EA7F101071A
:10753000F3DC2046FFF7CCF8032011B041E6000051
:1075400001694A1C02610878704700B58FB0CDE927
:1075500001310021059105497944CDE90310114617
:107560006846FFF775F90FB000BD0000E5FFFFFFAB
:107570000A6802F8010B0A607047D1E900239A42B9
:1075800002D2531C0B601070704710B5436913B1E1
:10759000AFF3008001E0FFF7ACF8012010BD1278D6
:1075A00000F124010A7000224A700122EDE71168FF
:1075B0004FF0FF32E9E700002DE9FF5F15468A46EC
:1075C0000446DFF8AC80F8440027D8E900103E46B6
:1075D000CDE9001010E03AF816106A4602A800F053
:1075E000F9FB411C07D02178890603D5E2693918D7
:1075F00091420DD80744761C2078800602D5E069B8
:10760000B84205DDAE42E6DB3AF816000028E2D1CA
:10761000A069C01BA0612046FFF744F8D8E900101C
:10762000CDE90010002017E03AF818106A4602A8C9
:1076300000F0D0FBB0F1FF3F81460BD000250DF1EB
:10764000080B05E0D4E901211BF8050090476D1CEB
:107650004D45F7D308F10100B0428046E4DB206AD3
:10766000384420622046FFF733F8BDE8FF9F000052
:10767000263500002DE9F0418046D21D22F0070298
:107680000025D2E90002F52915A614D0011E72F1D9
:10769000000106DA0023D0EB030063EB020211A61F
:1076A00008E0D8F800108B0701D50FA602E04907C3
:1076B00001D50EA601251146002408F1240704E097
:1076C00000F0B8F830323A55641C50EA0102F7D1A4
:1076D0002B46324621464046BDE8F041FFF7B3BC99
:1076E000000000002D0000002B0000002000000022
:1076F00030B4002100F1240408E002F00705D208AC
:10770000303542EA4372DB086554491C52EA0305EE
:10771000F3D10468002310A2250707D5A40600D4DE
:1077200021B1C46901230DA2641EC46130BCFFF7FE
:107730008ABC10B5044621461068FFF77BFC024660
:107740002046BDE810400023D2E7D21D22F00701F9
:10775000D1E90023CCE70000000000003000000069
:107760003A2800D2303820F02002412A01D3A2F179
:107770003700884201D34FF0FF3070470268114450
:107780001378016018467047D1600549794451610A
:1077900004497944116200211161114600F0EEB8EC
:1077A000EDFFFFFF29010000426842B1016811F8B6
:1077B000013B23B1521EC0E9001218467047012157
:1077C000C160881E704742685AB1C368016843B9F6
:1077D00083688B4205D0491E521CC0E9001200206C
:1077E00070474FF0FF307047004870470805002091
:1077F0000048704728050020004870470805002011
:10780000034640688C46002818BF88423CBF0346A8
:107810004068F8D318681844884207D00CF1030078
:1078200020F00700001D411A521A0146081D0A6087
:10783000FEF7B7BE30B5B0F10A024FEA900E71F113
:1078400000034EEA817EB0EB0E0061EB91014FEA3E
:10785000101E4EEA017E10EB0E0041EB11114FEAB3
:10786000102E4EEA016E10EB0E0041EB11214FEA93
:10787000104E4EEA014E10EB0E0041EB1141401844
:1078800041F100014FEAD00040EA41704FEAD101D6
:1078900010EB80054FEA810444EA907444EB010444
:1078A0006D1944EB0404521BA3414FF0000348BF81
:1078B0000A3200D530BD401C41F1000130BD10B589
:1078C0000446FFF749FB0068005D00F0010010BDB1
:1078D0002DE9F0411F46044603260168072A01F4FA
:1078E000006004DB08B116A505E016A503E008B1A9
:1078F00015A500E015A521F010002060A069C01EAC
:10790000A0610FB1401EA0612046FEF7CBFE4FB133
:10791000D4E9012138469047206A401C2062C01CEF
:10792000206206E0206AFAE7D4E9012115F8010B8C
:107930009047761EF8D22046FEF7CAFEBDE8F081D9
:107940004E414E006E616E00494E4600696E660003
:1079500010B5436913B1AFF3008001E0FFF72CFECF
:10796000012010BD128800F1240182840022C2840B
:107970000122EDE711684FF0FF32E9E72DE9F34FFF
:107980004FF0000A0C4656468DB001200C9001F1D4
:107990000C000B9062690B9801219047051E2DD0B9
:1079A000252D2CD0216A8847C0B162690B9801212E
:1079B0009047216A88470028F7D16269411E0B98D9
:1079C000904700E0761CA1690D988847216A884796
:1079D0000028F7D1E1690D988847DBE7A1690D9888
:1079E0008847A842074601D1761CD3E7E1690D9884
:1079F00088477F1C02D1BAF1000F6FD06BE162693A
:107A00000B9800273D46394690472A2804D16269E1
:107A10000B98012190470125DFF8D08262690B980D
:107A200001219047A0F130010A290AD24745E5DC3F
:107A300007EB870100EB4107303FDFD445F010052D
:107A4000ECE7E90601D46FF000476C280AD04C2817
:107A500014D0682815D06A280DD074281CD07A2834
:107A60001AD01DE062690B98012190476C2802D062
:107A700045F0040514E045F002050DE045F0200551
:107A80000AE062690B9801219047682802D045F00E
:107A9000080505E045F4006562690B9801219047EF
:107AA000C4E9015765283DD019DC58287AD00CDC90
:107AB000452837D004DC252826D041289ED131E046
:107AC00046282FD0472899D12CE05B2877D0612811
:107AD00028D063287CD0642823D15AE0F6E06F28B0
:107AE00048D008DC66281DD067281BD0692821D023
:107AF0006E2816D127E0702845D0732868D07528E5
:107B000047D078280DD14DE0A1690D9888472528E8
:107B100005463FF469AFE1690D9888476D1C3FF455
:107B20006AAFD8E00D9923466A466FF00100AFF3C3
:107B30000080C5E045F0400023464FF00002606041
:107B4000A80736D43EE0E8077FF447AF2068011D60
:107B500021600068290501D506701BE7290701D5BA
:107B6000068017E7A90703D5F117C0E9006111E7FF
:107B700006600FE745F0400023464FF008026060C2
:107B8000A80716D41EE040F60E0125EA0100606049
:107B900016E045F0400023464FF00A026060A80757
:107BA00007D40FE045F040006060A80708D52346E1
:107BB00010220D996FF00100AFF3008080E007E024
:107BC000102223460D996FF00100FEF723FF77E0A6
:107BD0004FF0000963284F46C8464B46CB4602D0BB
:107BE0005B2806D038E0E80601D40120A060012718
:107BF00032E06269D4F80CB00B98012190475E28FE
:107C000007D14FF0010949466269D4F80CB00B98CE
:107C10009047216939B900210A4603AB43F8212076
:107C2000491C0829FADBD8B3216949B308F10108D6
:107C300062690B98012190475D28F4D1B9F1000FDA
:107C400009D0002003A951F82020D24341F8202078
:107C5000401C0828F7DB03AB2069002820794FEA95
:107C600040701ED05B462246CDF80080CDE90197DA
:107C70000D9900286FF0010020DAAFF300801FE0BB
:107C8000C11703AA00EBD1614B1121F01F0102EBD8
:107C90008302411A13680120884003431360C7E739
:107CA00019E00D99224600286FF00100009702DAD2
:107CB000AFF3008004E0FEF753FF01E0AFF3008074
:107CC00000280ADA401C06D10C9820B14FF0FF3092
:107CD0000FB0BDE8F08F5046FAE7E90701D10AF18D
:107CE000010A064400200C9054E60000CCCCCC0CD9
:107CF0002DE9F047814616468AB0354878440DC8CC
:107D00008DE80D0032487844801C03AC0DC884E82F
:107D10000D0041F69B300844372190FBF1F290FBB7
:107D2000F1F5A5F1800501FB12041B3C02D564426C
:107D3000012000E00020DFF898A080460027FA44E8
:107D4000AAF1BE0A0EE0E0070AD03246684607EB09
:107D5000470101230AEB810100F0B7FB8DE8070022
:107D600064107F1C002CEED1194F7F44AE3F19E008
:107D7000E80715D007EB04100DF1180A90E80E0083
:107D80008AE80E00C068F04201D198190890324686
:107D9000012306A903A800F098FB03AB83E80700C2
:107DA0006D10641C002DE3D14FF00103324669468B
:107DB000B8F1000F03A802D000F072FB01E000F060
:107DC00084FBC9E90001C9F808200AB0BDE8F087C2
:107DD0007C2E000070B516460C460546FFF7BCF831
:107DE000036893F80101012806D0FF2C0FD8185D15
:107DF00068B101202C7070BDD3F8070132462146CE
:107E000003F2071303442846BDE8704018474FF0BB
:107E1000FF3070BD10B500F039F8BDE8104000F03B
:107E20002FB870477546FFF7DFFCAE460500694680
:107E3000534620F00700854618B020B5F8F7B6FB8A
:107E4000BDE820404FF000064FF000074FF000085B
:107E50004FF0000B21F00701AC46ACE8C009ACE8DC
:107E6000C009ACE8C009ACE8C0098D46704710B540
:107E70000446AFF300802046BDE81040F8F7F7B99C
:107E8000002801D000F06AB87047000010B5012842
:107E900005D0002103A000F067F8012010BD09A162
:107EA000F8E7000053494752544D454D3A204F756D
:107EB00074206F662068656170206D656D6F7279E2
:107EC000000000003A2048656170206D656D6F729A
:107ED0007920636F72727570746564004FF0013CB5
:107EE00050F8042B51F8043B9A4221D1A2EB0C0329
:107EF000934313EACC1317D150F8042B51F8043BE9
:107F00009A4215D1A2EB0C03934313EACC130BD185
:107F100050F8042B51F8043B9A4209D1A2EB0C0310
:107F2000934313EACC13DBD04FF00000704700BF3F
:107F3000D01A01BAB1FA81F101F0180122FA01F068
:107F4000CB40C1F12001DBB2C0B2C01A2CFA01F360
:107F5000D11A914311EAC311E6D1704701491820A3
:107F6000ABBEFEE72600020070B505460C460A20AF
:107F700000E06D1C00F011F835B128780028F8D128
:107F800002E0641C00F009F814B120780028F8D150
:107F9000BDE870400A20AFF3008008B569468DF84F
:107FA00000000320ABBE08BD5FEA400C08BF91F0A3
:107FB000000F4FEA8C234FEAC12243EA51514FEAA6
:107FC0001C5018BF00F5F0404FEA300018BF41F0D8
:107FD00000415FEA6C5C00F02980BCF1FF3F08BF04
:107FE00040F080407047130C06BF12044FF0100C95
:107FF0004FF0000C130E04BF12020CF1080C130F0B
:1080000004BF12010CF1040C930F04BF92000CF199
:10801000020CD30F04BF52000CF1010C11464FF0BB
:108020000002A0F11F00A0EB0C00704711F0004F00
:1080300008BF704731F000413FF4D5AF0B0C06BFCD
:1080400009044FF0100C4FF0000C0B0E04BF090296
:108050000CF1080C0B0F04BF09010CF1040C8B0F81
:1080600004BF89000CF1020CCB0F04BF49000CF1D6
:10807000010CCCF12003A0EB0C0022FA03F302FA6E
:108080000CF241EA030100F10100704720F07F4C3F
:1080900080EA030023F07F47ACEB070303F57C5332
:1080A00000F0004003F1FF032DE980494FEA154B32
:1080B00009B44FEA144325EA0B4E24EA03480FF2B1
:1080C000042606EB132749083E785FEA320203FBD9
:1080D0000667C7F5000707FB06F64FEA54374FEA75
:1080E000D64606F1020607FB066CCCF1005C4FEAAF
:1080F0001C472CEA074C07FB06F40CFB06F504EBC7
:1081000015464FEA961634BF00204FF000404FEA64
:10811000D13706FB07FC4FEA1C4C0CFB0BF7D21BBC
:1081200003FB0CF761EB07010CFB0EF7B0EB07400C
:1081300072EB17420CFB08F734BFA2EB0742B2EB1D
:10814000074261EB17414FEA0C444FEA910706FBE7
:1081500007FC4FEA1C4C0CFB0BF7B0EBC74072EB73
:10816000573203FB0CF734BFA2EBC742B2EBC74256
:1081700061EB57310CFB0EF7B0EBC70072EB577297
:108180000CFB08F734BFA2EBC702B2EBC70261EBEE
:108190005771039F4FEA816141EA921104EBCC04CD
:1081A0004FEAD1374FEA826206FB07FC42EA90129F
:1081B0004FEA80604FEA1C4C0CFB0BF7D21B03FB11
:1081C0000CF761EB07010CFB0EF7B0EB074072EB0D
:1081D00017420CFB08F734BFA2EB0742B2EB074291
:1081E00061EB17414FEA8C554FEA910704EB9C2451
:1081F00006FB07FC4FEA1C4C0CFB0BF7B0EBC7402F
:1082000072EB573203FB0CF734BFA2EBC742B2EB61
:10821000C74261EB57310CFB0EF7B0EBC70072EBB6
:1082200057720CFB08F734BFA2EBC702B2EBC702D0
:1082300061EB577115EB4C254FEA816141EA9211D0
:108240004FEA82624FEAD13742EA901206FB07FCFE
:1082500044F100044FEA80604FEA1C4C0CFB0BF722
:10826000D21B03FB0CF761EB07010CFB0EF7B0EB25
:10827000074072EB17420CFB08F734BFA2EB074232
:10828000B2EB074261EB174115EB1C154FEA813148
:1082900041EA92414FEA823242EA90424FEA80300C
:1082A0004FEA0C7644F1000448EA03434EEA0B48D7
:1082B0004FF0000EB2EB080C71EB030724BF6246CF
:1082C00039464EEB0E0E4FF0000B0018524149415B
:1082D0004BEB0B0BB2EB080C71EB03077BF1000BC4
:1082E00024BF624639464EEB0E0E4FF0000B0018CD
:1082F000524149414BEB0B0BB2EB080C71EB0307FE
:108300007BF1000B24BF624639464EEB0E0E51EA5C
:10831000020718BF46F0010616EB0E7655F1000273
:1083200054F1000103D5BDE88901BDE80088BDE82E
:108330008901BDE80048B619524141EB0101A3F1A2
:108340000103704780807F7E7D7C7B7A79787776A9
:1083500076757473727171706F6E6E6D6C6C6B6A22
:108360006A696868676666656464636362616160C0
:10837000605F5F5E5E5D5D5C5C5B5B5A5A5959583D
:1083800058575756565555555454535352525251A7
:10839000515050504F4F4F4E4E4D4D4D4C4C4C4BFD
:1083A0004B4B4A4A4A494949484848474747474644
:1083B0004646454545444444444343434342424280
:1083C00042414141002B9C4630D477002BD01CB554
:1083D0004FEA370703B44FF010004FF01001BAF125
:1083E000000F06D0BCF1000FDCBF40F0080040F0E9
:1083F00008014FF000000FBCBDE810400BF1010B6D
:10840000BBF1010F08BF5FEA170722BF12F101029B
:1084100011F101014FF0004143F1000300F0004071
:1084200043EA00007047F9D35708D0E746EA06460A
:1084300013F1400F4FEA16461FDD13F1200FDFBF87
:1084400016430A46002120335B42BED0C3F1200709
:1084500046EA064602FA07F74FEA164646EA0706D4
:10846000C3F1200722FA03F201FA07F721FA03F118
:108470004FF0000342EA0702A7E746EA020646EA8F
:1084800006464FEA164646EA0106BCBF46EA0646DD
:10849000360C4FF000034FF000024FF0000194E75C
:1084A0002DE9804C9A46934670B491E8380007C88D
:1084B00031EA400C48BF34EA430C03D5FFF7E6FD30
:1084C000FFF780FFF0BCBDE8008C2DE9804C9A4698
:1084D000934670B491E8380007C810F0804F08BF89
:1084E00013F0804F03D100F005F8FFF76BFFF0BCED
:1084F000BDE8008C20F07F4780EA030023F07F4C2A
:1085000007EB0C03A3F57C5300F00040A3F1FE033E
:1085100092F0000F00F0B38095F0000F00F077802C
:108520002DE901494FEA11404FEA144621EA00487B
:1085300000FB06FC24EA064708FB06F607FB08F8E2
:1085400000FB07F718EB06484CEB164C4FEA124BB2
:1085500018EB07484FEA15464CEB174022EA0B4E42
:108560000BFB06FC25EA06470EFB06F607FB0EFE94
:108570000BFB07F71EEB064E4CEB164C4FF00006BC
:108580001EEB074E4CEB174B18EB0B0840F10000AD
:1085900018EB0E0B58EB000840F100008F1A4FF05B
:1085A00000013CBFC943661B14BFB5EB040C00219E
:1085B0003CBFC943F61B4FEA17444EEA8E0E27EA2A
:1085C00004454FEA1C4704FB07622CEA074C05FBF5
:1085D00007F70CFB05F604FB0CFC16EB074642EB19
:1085E000174216EB0C4642EB1C421BEB060658EBFF
:1085F0000202414146EA9E0601D5BDE80189B6194D
:10860000524141EB0101A3F10103BDE801894FEAA9
:1086100014454FEA114724EA054621EA074C05FBB9
:1086200007F406FB07F70CFB06F105FB0CFC11EB4E
:10863000074144EB17444FEA124711EB0C4144EB5E
:108640001C4422EA074C05FB07F206FB07F70CFB6C
:1086500006F605FB0CFC16EB074642EB174216EB41
:108660000C4642EB1C456A1854F1000148BF7047A4
:10867000B619524141EB0101A3F10103704795F096
:10868000000F37D04FEA11424FEA144721EA024661
:1086900024EA074C02FB07F106FB07F70CFB06F484
:1086A00002FB0CFC14EB074441EB17414FEA154762
:1086B00014EB0C4441EB1C4125EA074C02FB07F587
:1086C00006FB07F70CFB06F602FB0CFC16EB074655
:1086D00045EB174516EB0C4645EB1C42121951F1C0
:1086E000000148BF7047B619524141EB0101A3F1A7
:1086F000010370474FEA14454FEA114724EA054643
:1087000021EA074C05FB07F106FB07F70CFB06F215
:108710004FF0000605FB0CFC12EB074241EB174142
:1087200012EB0C4251EB1C4148BF7047921841EBD1
:108730000101A3F101037047490050EAC12018BFAD
:1087400004204A0D18BF40F0010040F2FF72B2EB66
:10875000515F08BF40F00200012808BF05207047A4
:108760002DE9F0414F1E00EBC7010446D1E900019D
:1087700015461E4637F006020DD02A46334601F054
:10878000EBF87F1E04EBC703D3E9002300F012FED1
:1087900037F00602F1D1022F25D0042F13D0062F77
:1087A00018BFBDE8F0812A46334601F0D5F8D4E978
:1087B0000A2300F0FFFD2A46334601F0CDF8D4E944
:1087C000082300F0F7FD2A46334601F0C5F8D4E946
:1087D000062300F0EFFD2A46334601F0BDF8D4E948
:1087E000042300F0E7FD2A46334601F0B5F8D4E94A
:1087F000022300F0DFFD2A46334601F0ADF8D4E94C
:108800000023BDE8F04100F0D5BD00000022134672
:108810001046014900F08ABE0000F03F00F0CABDDA
:10882000002213461046114600F080BE40F201328D
:1088300000204FF0E04101F044BC0000024A00205B
:10884000110701F03EBC000001FDFFFF30380A288F
:1088500001D2012070470020704700002DE9F0414F
:10886000C1F30A52A2F2FF362F4A304B0D4604469E
:10887000142E2FDA002E12DA00F09CFD002213468F
:1088800001F068F94CD2002DA4BF0024254647DA38
:1088900025F00040204318BF254D41D018E0DFF8F7
:1088A00094C02CFA06F705EA070C5CEA040C08BF32
:1088B000BDE8F08100F07EFD0022134601F04AF988
:1088C0002ED2002D03DA4FF48010F0400544BD4352
:1088D000002425E0332EC8BFBDE8F081A6F1140CBA
:1088E0004FF0FF3727FA0CF73C4208BFBDE8F08194
:1088F00001F066F90022134601F02CF910D2002D88
:108900000DDA142E08BF6D1C09D0C6F13400012108
:1089100001FA00F02044A04238BF6D1C0446BC435D
:1089200029462046BDE8F0819C7500883CE4377EEE
:108930000000F0BFFFFF0F002DE9F04D1D460C4673
:1089400098B0174621F0004123F00043002814BFDF
:108950004FF0010C4FF0000C0CEB440CFE4A0CEBFA
:1089600002064FEA620C66452BD33E0018BF012673
:1089700006EB45061644F94A964222D3F84A53EAD2
:10898000070C02D0944205D148B918B00020114616
:10899000BDE8F08D002808BF4FF0000C01D04FF06B
:1089A000010C0CEB440212F5001F0AD8002F14BF73
:1089B0004FF0010C4FF0000C0CEB450212F5001FBC
:1089C00007D918B03A462B462146BDE8F04DFFF7CF
:1089D00025BF0022DFF88CA3002CB8BF534526DA50
:1089E000DFF884C36345A8BF022220DADFF870C332
:1089F0009C451CDCDFF874C30CEB235CBCF1140F4A
:108A000008DDCCF1340627FA06FC0CFA06F6BE4265
:108A10000DD108E05FB9CCF1140623FA06FC0CFA7C
:108A200006F69E4203D10CF00102C2F1020251EAA5
:108A3000000C19D1002D17DA002C18BF022A01D022
:108A4000012A07D00220FEF7E6FA18B0BDE8F04D83
:108A5000FFF7DCBE0220FEF7DEFAFFF7D7FE18B004
:108A600081F00041BDE8F08DB7F1000C6CD15345A9
:108A700025D104F1804212F5801201BF00280020A8
:108A8000B74918B008BFBDE8F08DB548884207DC8B
:108A9000002DA1BF6046294618B0BDE8F08D07E063
:108AA000281E05DA80F0004118B06046BDE8F08D60
:108AB000AF497944D1E9000118B0BDE8F08DDFF885
:108AC000A0C2634525D1002D1FDA19B1514512D13D
:108AD000D8B909E0002840F0EC82A24A214618B03B
:108AE00062F31E01BDE8F08D0020214618B060F34E
:108AF0001E01BDE8F08D08DA18B02346BDE8F04D40
:108B000002460020614600F011BD18B02146BDE8C4
:108B1000F08D514518DAB5F1804F0DD0A5F1005C0C
:108B2000BCF1FF5C10D1B4F1000C0DDB18B0614654
:108B3000BDE8F04D00F0ECBB234618B00246BDE89E
:108B4000F04D194600F008BF060024F0004C3BD160
:108B5000D9B1514533D1002C06DD002DA1BF002035
:108B6000514618B0BDE8F08D002C01DD002D1BDB57
:108B7000002C13DA002D11DB012A4FF0000014BF86
:108B800078497C4918B0BDE8F08D022A18BF002C46
:108B90000AD0012A08D1002C06DA0AE0002CB8BF5E
:108BA000002D11DA012A04D0002018B00146BDE8DA
:108BB000F08D18B000204FF00041BDE8F08DA1F11C
:108BC0004050B0F17F601AD0012000EBE47050EA11
:108BD000020421D0624C521E4FF0000B104304BF20
:108BE0004FF0000B644C654883427CDD644A654865
:108BF00093421FDD884217DB002D25DB37E0002C78
:108C000000DA4AB1022A0CBF01204FF0FF3018B041
:108C1000BDE8F04D00F04DBE0120FEF7FCF918B0A4
:108C2000BDE8F04DFFF7FCBD4D4A8A4202DC002D45
:108C30000ADC1CE0814202DA002D18DA04E0484B1D
:108C4000994220DD002D12DD0220FEF7E4F9FFF746
:108C5000EDFD05460E46002253465846214600F0DB
:108C60007BFE18B066F31E012846BDE8F08D022099
:108C7000FEF7D1F9FFF7E2FD0A46214618B062F38C
:108C80001E01BDE8F08D00223046614601F08AF8F1
:108C900080460E466FF0010201F013FA4FF0553294
:108CA000394B00F08DFF4246334600F055FE00225E
:108CB000364B00F085FF824642463346049110460B
:108CC000194600F049FE5246049B00F045FE8A46D4
:108CD00000904FF0C0422E4B4046314600F03CFE23
:108CE0002C4A2B4B00E027E0CDE9060151460098C5
:108CF00000F032FE82460191274A284B4046314619
:108D000000F02AFE5246019B01F04CF882460B46C9
:108D100002460591DDE9060100F04CFBDDE9062382
:108D200000268846304601F03DF85246059B00F08B
:108D300047FF024600F07EB90020B1F5801F07DA38
:108D400035223046614601F0BCF906466FF034002A
:108D500000EB215024E00000FFFF1F00FFFF0F0089
:108D60000000F03F0000F07F0000404301FCFFFFE7
:108D7000422000000000F0FF0000F0BF0000E041D2
:108D80000000F043FFFFEF3F5555D53F0000E03FA7
:108D90004715F73FFE822B6544DF5DF80BAE543E6E
:108DA000A0F2FF300190C1F3130040F07F6141F069
:108DB00040510291FE498842D8BF002004DDFD49A0
:108DC0008142C8BF012001DD0D9008E000200D9018
:108DD0000198401C01900298A0F580100290029921
:108DE000F54878440B910D9900EBC100D0E90023C0
:108DF0000F9330460A920B9900F0D4FFCDE906019B
:108E0000DDE90A2130460F9B00F0D4FA02460B46FA
:108E10000020EA4900F08AFB059102460B460090CB
:108E2000DDE9060100F098FD1490E5488A464FF010
:108E3000000878440299006812904FF0005040EA10
:108E400061010D980F9B01EB804000F50021099115
:108E50000A9A129800F0A6FF32460B9B00F0B0FE73
:108E60004246534600F078FD064602914046514680
:108E7000099B129A00F070FDDDE9062300F0A0FEC8
:108E80003246029B00F08EFF059B009A00F064FDC5
:108E90000091149A049053461046194600F05CFD68
:108EA00006460246C7480B46029106217844FFF762
:108EB00057FCCDE90510029B32461046194600F0DA
:108EC0004BFDDDE9053200F047FD059106465346AE
:108ED00040461946149A00F06DFA009B049A00F07F
:108EE0003BFD3246059B00F065FACDE90510424690
:108EF00053461046194600F02FFD0022B24B029156
:108F00000A9000F057FADDE9053200F053FA0E46F8
:108F10004246AD4B404600F045FF029B0A9A00F0E6
:108F200041FFDDE9053200F04BFE424602910A9016
:108F300033461046514600F00FFDCDE90601534679
:108F4000149A02990A9800F007FD8A460290334667
:108F500042460099049800F0FFFC5346029A00F044
:108F600029FA82460B4602460591DDE9060100F02A
:108F700021FADDE9062300208846064600F012FFAC
:108F80005246059B00F01CFE824609914FF060425C
:108F90008E4B3046414600F0DFFC049006918C4A2F
:108FA0008A4B5046099900F0D7FC82460291894AC3
:108FB000894B3046414600F0CFFC5246029B00F000
:108FC000F9F9864B7B440D9A03EBC203D3E90023E6
:108FD00000F0F0F90E900791019800F06AFC0591FD
:108FE000DDE9061382460E9A049800F0E3F97C4A04
:108FF0007A440D9B02EBC303D3E900230093029252
:1090000000F0D8F95246059B00F0D4F900268846B6
:1090100052463046059B00F0C5FE009B029A00F0C8
:10902000C1FE069B049A00F0BDFE079B0E9A00F05D
:10903000C7FD024600200B4602903846294600F044
:109040008BFC824601912B4638461946029A00F065
:10905000A9FE3246434600F07FFC5246019B00F0D9
:10906000A9F907468A46324643462946029800F047
:1090700073FC05460E463A46534600F09BF9594AA2
:109080008846914221DBA8EB020353EA000210D18B
:109090002A46334600F086FECDE90401524A534B7E
:1090A0003846514600F086F9DDE9042300F052FD10
:1090B00021D20220FDF7AFFFFFF7B8FB0A46214699
:1090C00018B062F31E01BDE8F08D494B28F0004254
:1090D0009A4210D3474A08EB020353EA00027FF496
:1090E000C6AD2A46334600F05DFE3A46534600F0D0
:1090F00031FD7FF6BCAD0022019228F000403E49D0
:109100003E4A01EB2051824223DA481C4FF4801181
:1091100021FA00F040443A4AC0F30A517A44394BEC
:10912000A1F2FF31CB4020EA0303C0F3130040F467
:109130008010C1F11401C84012680190B8F1000F0D
:10914000BCBF404201902846314600F02BFE054648
:109150000E462A4633463846514600F02BF94FF06A
:1091600000084246284B4046059100F0F5FBCDE94A
:109170000601264A264B4046059900F0EDFB00917A
:1091800002902A4633464046059900F00BFE3A46C7
:10919000534600F015FD1F4A1F4B00F0DDFB009BFE
:1091A000029A00F007F90746884602460B4635E06A
:1091B0008E9803007AB60B00821C00000000F03F7E
:1091C000C21C0000E81B00000000084009C7EE3F79
:1091D000FD033ADCF5015B14E02F3EBEC01A00002F
:1091E000841A000000009040FE822B654715973CD2
:1091F00000CC904000346F3F01FCFFFF0000E03FD7
:10920000D8190000FFFF0F00432EE63F396CA80C71
:10921000615C20BEEF39FAFE422EE63FDDE9060131
:1092200000F0C8F8DDE9062305460E4600F0BAFD59
:109230003A46434600F0C4FC0F462A4633460090A7
:109240001046194600F088FB824602462E488846A2
:109250000B4605217844FFF783FA5246434600F057
:109260007BFB2A46334600F0ABFC80468A463B46F1
:1092700028463146009A00F06FFB3B46009A00F00A
:1092800099F80691009000224FF0804340465146E5
:1092900000F088FD0F460C90424653462846314662
:1092A00000F05AFB3B460C9A00F040F9069B009AEE
:1092B00000F078FD2A46334600F074FD0022134B7F
:1092C00000F07EFC054601980E4601EB00510815A2
:1092D000002810DC28463146019A00F0F2FEFFF724
:1092E0002BFA042808BFFFF7A9FA28463146019A4D
:1092F00000F0E7FE05460B4618B02A4658462146C0
:10930000BDE8F04D00F028BB701800000000F03FF1
:109310002DE9F04106460F4600F05EFC041E0D46A6
:1093200018BF0120284320F00040C0F17F6000F109
:10933000E040C00F0ED0301C18BF0120384320F091
:109340000040C0F17F6000F1E040C00F04BF012089
:10935000FDF761FE20462946BDE8F08110B50029E1
:109360000AD00878002807D005487844FEF7B6FDF3
:10937000002801D0002010BD0248784410BD000034
:109380006E1900006619000010B500290AD008788F
:10939000002807D005487844FEF7A0FD002801D03A
:1093A000002010BD0248784410BD0000521A000091
:1093B0004A1A000010B591EA030F48BF83F000433A
:1093C00000F1F884841A71EB030C05D2121943EBF7
:1093D0000C03001B61EB0C01DFF824E14FEA115490
:1093E000A4EB135C1EEA430F18BF9EEA445F73D0E0
:1093F00023EA0E03DCF1200E21EA045143F480132A
:1094000032D322FA0CFE10EB0E0023FA0CFE41EBD5
:109410000E01CCF1200E03FA0EFE10EB0E0051F1FE
:109420000001B1F5801FCCF1200E32D201EB0451C6
:1094300012FA0EF2BDE8104058BF7047401C38BF0A
:109440005FEA420218BF7047002814BF20F00100F5
:1094500041F100014FEA410313F5001F38BF704787
:10946000A1F1C04100F070BB012A43EB0302ACF153
:10947000200CDCF11F0E32BF4FF0000E23FA0CF36C
:1094800010EB030041EB0451B4EB115FD0D0A1EB22
:10949000045101F5801149085FEA300001EB0451E5
:1094A0000ED350F1000038BF12FA0EFE08D1BDE80D
:1094B0001040C9E7401C38BF5FEA4202CAD1C3E787
:1094C000BDE810404FEA410313F5001F38BF704755
:1094D000A1F1C04100F038BB9EEA445F08D011EA18
:1094E0005E0FBDE8104004BF01F00041002070474E
:1094F000BDE8104070B500F0D9FA00BF64FBBE3E75
:109500000000E0FF02494FF0000000F0A8BD00BFDE
:109510000000F87F491058BFC1F140415B1058BFAF
:10952000C3F140438B42EFF3008070472DE9C04107
:1095300030B4DFF8A0C23CEA111418BF3CEA13149F
:1095400000F0EC8081EA03051CEA111444EAD574AA
:1095500018BF1CEA131500F0C780A4EB05044FF0F8
:10956000004545EAC12145EAC32341EA505143EA97
:10957000525304F17F74994204F500344FEAC0203D
:109580004FEAC22208BF904200F09C804FEA136568
:109590000FF24016765D4FEA134506FB05F7C7F15B
:1095A000807706FB07F74FEAD737A7FB03687642B9
:1095B000C8F58038A7FB06CE38BFA8F1010807FB25
:1095C00008E64FF0000EA6FB028CE6FB03CEDCF1B2
:1095D000000CCEF1004E38BFAEF1010EA6FB0C58C8
:1095E0004FF000074FF00005E6FB0E87A1FB08C611
:1095F000A0FB07CE16EB0E0645F10005E1FB076563
:1096000015F1E04E7EBFA4F580345FEA46066D4159
:1096100016F1800745F100054FEA17274FEA066665
:1096200047EA0567A6F1DE46B6F1805F4FEA1525E9
:109630001FD9384624F0010C05EBC471BCF1FE6F54
:1096400001EB0C1102D8F0BCBDE8008124425CBFE4
:1096500001F5801E9EEAC47F02D4F0BCBDE8008103
:10966000244238D4F0BCA1F1C041BDE8004100F073
:109670006BBA4FEAD22242EA43524FEAD323A7FB06
:1096800002864FEAD02040EA415007FB03661EEAFB
:109690000E0F4FEAD12105FB026658BFA6EB00561C
:1096A000B6EB00564FEA520E4EEAC37E18EB0E0E92
:1096B00056EB530EBDD518EB02085E417F1C55F1E9
:1096C0000005B6E74FF480154FF000074FF0000695
:1096D0004FF00008ADE7F0BC4FF0000001F1C041D1
:1096E00001F00041BDE8008111EA0C1F0CEA1315DE
:1096F00000D00CE013EA0C1F00F025804FF00000B2
:10970000F0BC81EA030101F00041BDE80081F0BC3A
:10971000BDE8004181EA030100F016BAF0BCBDE8E3
:10972000004170B500F0C2F9097EFC3E00F007B8B8
:1097300081EA03014FF0000001F00041704781EA27
:10974000030100F001BAF0BCBDE800414FF0000099
:1097500021497047FFFDFBF9F7F5F4F2F0EEEDEB70
:10976000E9E8E6E4E3E1E0DEDDDBDAD8D7D5D4D31F
:10977000D1D0CFCDCCCBCAC8C7C6C5C4C2C1C0BF6B
:10978000BEBDBCBBBAB9B8B7B6B5B4B3B2B1B0AF71
:10979000AEADACABAAA9A8A8A7A6A5A4A3A3A2A155
:1097A000A09F9F9E9D9C9C9B9A9999989797969510
:1097B00095949393929191908F8F8E8E8D8C8C8BAC
:1097C0008B8A898988888787868585848483838234
:1097D000828181800000FF070000F87F51EA030CBE
:1097E00017D41CF5801F58BFBCF5801F00F1068000
:1097F000994218BF704708BF9042704707D711F5CC
:10980000801F58BF13F5801F19D4994270478942B1
:1098100070471CF5801F08D5BCF5801FF7D58B421B
:1098200018BF704708BF824270474FF4001C1CEB02
:10983000410F38BF1CEB430F01D28B42704770B50C
:1098400000F034F9922449004FF000514FF080535A
:10985000FFF760BE4FEA41034FEA5353A3F580631D
:10986000D3F11E03C8BFD3F1210C0CDD4FF0004231
:1098700042EAC12242EA505232FA03FC8CEAE17C0D
:10988000ACEBE1707047102BC4BF0020704703F5AC
:10989000787CBCF1FF3F04D06FF0004282EA2100E7
:1098A000704770B500F002F949922480002070479B
:1098B000F2E710F0004248BF4042B0FA80F310FADD
:1098C00003F10AD0C3F11D0303F580634FEA415051
:1098D00002EB035202EBD12170474FF000007047BA
:1098E00051EA030C17D41CF5801F58BFBCF5801F2C
:1098F00000F10680994218BF704708BF9042704738
:1099000007D711F5801F58BF13F5801F19D499424E
:109910007047894270471CF5801F08D5BCF5801F31
:10992000F7D58B4218BF704708BF824270474FF48B
:10993000001C1CEB410F38BF1CEB430F01D28B42C4
:10994000704770B500F0B2F8922449004FF0005112
:109950004FF08053FFF7DEBDDFF848C170B51CEA59
:10996000111E1EBF1CEA13159EEA0C0F95EA0C0F80
:1099700000F06F8081EA030423EA4C134EEAD47EA0
:1099800021EA4C1141F4801143F48013AE44A1FB51
:10999000024CA0FB0365AEF17F7E361955EB0C053A
:1099A000A1FB034C4CF10003A0FB021C16EB0C06C0
:1099B000654153F10003094218BF46F0010613F454
:1099C000007F0BD14FEA03314FEA0530340341EAFF
:1099D000155140EA16506FF003020AE04FEAC32126
:1099E0004FEAC520F40241EA555140EA56506FF063
:1099F000020202EB2E4201EB025585EACE710AD03B
:109A00005FEA440C18BF24F0004450F1000041F11B
:109A1000000120EAD47040F2FE7C624500D270BDA5
:109A2000A84214BF4FF080444FF04044002E08BFBE
:109A30000024BEF1806FA8BFA1F1C041BDE8704015
:109A400080F282804FF0000001F1C04101F000413E
:109A500070479EEA0C0F0CEA131518BF95EA0C0F1D
:109A600006D04FF0000081EA030E0EF0004170BDF9
:109A700000F01CF88900013E00F007B800F009B8BA
:109A80004FEA430C5FEA5C5C08D081EA030100F016
:109A90005BB84FEA410C5FEA5C5CF6D14FF0000026
:109AA000014970470000FF070000F87F0EF1020E29
:109AB0002EF0030E5EF8046B364205D4012A43EB08
:109AC000030515F5001F12D8012841EB010C1CF508
:109AD000001F0CD80ED14FEAD17C15F5001F0CEBFE
:109AE0004C0C0CF1020C08BF4CEBD37C04E04FF0A3
:109AF000080C01E04FEAD37C0CEB4C0526FA05F686
:109B000006F00706B6F1040C06D20EEB860CBDE893
:109B100070404CF0010C6047DFE80CF0090B0202CA
:109B20004FF000414FF00000A1F5002170BD194633
:109B30001046012851EB010418BFD4F5001484BF6E
:109B4000002001F0004170BD0808A0F500114FEAA7
:109B50003101704753EA010C17D41CF5801F58BF20
:109B6000BCF5801F00F106808B4218BF704708BF0C
:109B70008242704707D713F5801F58BF11F5801F29
:109B800019D48B4270479B4270471CF5801F08D543
:109B9000BCF5801FF7D5994218BF704708BF9042A7
:109BA00070474FF4001C1CEB430F38BF1CEB410FF8
:109BB00001D2994270470FB40CBC03BCFFF7C1BE81
:109BC00091EA030F10B581F000413FF5FBAB83F044
:109BD000004300F0EFB800002DE9F04101F5801CD2
:109BE000BCF5001FC0F2C3804FEA115C21EA0C51A2
:109BF0000CF1FD0C41F480115FEA5C0C0CF5C07CAB
:109C000001D3400049413DA4890241EA90518702B5
:109C10008E0E0A0CA45D04FB04F602FB06F6C6F1E8
:109C20004046A4FB0662F60D46EA422606FB06F411
:109C3000A4FB01235242C3F1404338BF5B1EA6FB85
:109C400002420024E6FB0324D20B42EA4446A6FB70
:109C50000623A1FB02E2A3FB07E4A4184FF00002D5
:109C600052F10002E3FB01426442C2F1404E38BFB0
:109C7000AEF1010EA6FB04234FF00002E6FB0E320C
:109C8000A2FB03464FF00004B61954F10004E2FBB6
:109C90000264A1FB06E6A4FB07E816EB08064FF0FA
:109CA000000858F10008E4FB01687642C8F140580A
:109CB00038BFA8F10108A2FB06E4A3FB08E52D19B3
:109CC0004FF0000454F10004E2FB0854A1FB05E648
:109CD000A7FB04E818EB06084FF0000656F1000653
:109CE000E1FB048618F1200556F10006A809A8F149
:109CF0001B08B10908F03F08B8F10A0F40EA866076
:109D00001CD901EB0C51BDE8F08100BFFCF5EEE879
:109D1000E2DDD8D3CFCBC7C3C0BDB9B6B4B1AEAC0A
:109D2000A9A7A5A3A19F9D9B9A9896959392908F82
:109D30008D8C8B898887868584838281A0FB0068CF
:109D400000FB01F208EB4208B8EB872807D534186E
:109D500058EB0104D5D5401C51F10001D1E7341A6C
:109D600078EB0104CDD4401E71F10001C9E75FEA30
:109D70004C0C5FEA9C5C0DD105D34FF0000001F064
:109D80000041BDE8F081BDE8F04170B5FFF78EFEFF
:109D90006DDBFFBEBDE8F0414FF0000000497047A9
:109DA0000000F87F10B591EA030F48BF83F000432D
:109DB0003FF508AB841A71EB030C07D212198CF033
:109DC000004C43EB0C03001B61EB0C01DFF8A4E13A
:109DD0004FEA1154A4EB135C1EEA430F18BF9EEA2E
:109DE000445F00F0B08023EA6E03524221EA04513E
:109DF000C3EB6E0338BF5B1EDCF1200E25D322FAC5
:109E00000CFE10EB0E0043FA0CFE41EB0E01CCF100
:109E1000200E03FA0EFE10EB0E0051F10001CCF102
:109E2000200E29D412FA0EF201EB0451BDE81040C5
:109E300058BF7047401C1CBFB2F1004F704700284C
:109E40000CBF491C20F00100704712EB020E43EBDF
:109E5000030218BF4FF0010E4EEA4202ACF1200C93
:109E6000DCF11E0E54D943FA0CFE10EB0E0051F13A
:109E7000FF31CCF11E0ED5D50EF1010E12FA0EFEF9
:109E8000404141EB010101EB445C5FEA5C5C10D9AD
:109E900010EBDE7001EB045138BFBEF1004FBDE89E
:109EA000104018BF704700280CBF491C20F001006B
:109EB000704730D24FEAD42C11F5001124F400641D
:109EC0001BD0B1FA81F20B3AA41AA41ED2F12003DE
:109ED000914030FA03F31943904001EBCC71002C10
:109EE00001EB0451BDE81040A8BF704701F1C0412B
:109EF0004FF0000001F000417047B0FA80F310FA13
:109F000003F100D110BDE41A173C4805C90AE4E783
:109F100001EB045110BD491001EB0451BDE81040A4
:109F20004FEA300002E04FF0000170474A0008BFDE
:109F30000042F8D0B2F5001F28BF704701F0004181
:109F40004FF0000070479EEA445F07D011EA5E0FB1
:109F5000BDE8104004BF002100207047BDE810405C
:109F600070B5FFF7A3FD00BF40DFF63E83F0004170
:109F7000104670470000E0FF43004FEAD30C4FEA61
:109F80003C0C43401FBF40070CF1605113F0FE4FE3
:109F900070471CF0006F03D100200CF000417047A7
:109FA0000CF0004343EA507010B540EACC0000F0DA
:109FB0000EF800BF000000924FEA0001FFF7C4BD99
:109FC0004FF000414FF00000A1F5002170470EF165
:109FD000020E2EF0030E5EF8044B244204D44FEA26
:109FE0004102B2F17F4F11D84FEA4003B3F17F4FE6
:109FF0000CD80ED14FEAD07CB2F17F4F0CEB4C0C59
:10A000000CF1020C08BF4CEBD17C04E04FF0080CC3
:10A0100001E04FEAD17C0CEB4C0324FA03F404F08A
:10A020000704B4F1040C06D20EEB840CBDE810401A
:10A030004CF0010C6047DFE80CF0070802024FF01B
:10A040000040A0F5800010BD0846420018BFD2F1C4
:10A05000807288BF00F0004010BDFDF73AB90CF0E7
:10A060000F03092B08BF082000F059800A2B0BD0E2
:10A07000082B18BF704708BF1CF0400F0AD04FF0E4
:10A0800000004FF0000170471CF0400F18BF4FF068
:10A09000004070471CF0100F08D020F0704300F013
:10A0A0007F4242EAD3014FEA4370704700F06040BC
:10A0B00021F07F4242EA000201F07F4040EA7270E4
:10A0C00070474FF0FF0C4CF4E06C1CEA11531CBFBE
:10A0D0009CEA030C9445C2BFDA4201EB025170477F
:10A0E000002B0DD0BCF1000F0FD0002A01F0004171
:10A0F000A4BF41F0E04141F07F614FF000007047A4
:10A1000001F000414FF00000704750EA01334FF07A
:10A110009B0C18BF4CF0806C7FF4F4A970471CF4C2
:10A12000801F11D01CF4E02F03D06FEACC3149001E
:10A1300070474FF04050EFF3008222F0704242EA45
:10A14000000282F3008870474FF0000070474142E0
:10A15000434445464748494A4B4C4D4E4F50515257
:10A16000535455565758595A616263646566676817
:10A17000696A6B6C6D6E6F707172737475767778D7
:10A18000797A303132333435363738392B2F7F7F77
:10A190007F7F7F7F7F7F7F7F7F7F7F7F7F7F7F7FCF
:10A1A0007F7F7F7F7F7F7F7F7F7F7F7F7F7F7F7FBF
:10A1B0007F7F7F7F7F7F7F7F7F3E7F7F7F3F3435C5
:10A1C000363738393A3B3C3D7F7F7F407F7F7F0089
:10A1D0000102030405060708090A0B0C0D0E0F10F7
:10A1E0001112131415161718197F7F7F7F7F7F1A9E
:10A1F0001B1C1D1E1F202122232425262728292A37
:10A200002B2C2D2E2F303132337F7F7F7F7F00002C
:10A21000C0E0F0F8FC0000000000000000002F008B
:10A220000000000700070000147F147F1400242A98
:10A230007F2A120062640813230036495522500019
:10A24000000503000000001C224100000041221C08
:10A25000000014083E08140008083E08080000002A
:10A26000A060000008080808080000606000000006
:10A270002010080402003E5149453E0000427F4044
:10A2800000004261514946002141454B31001814FC
:10A29000127F10002745454539003C4A49493000A6
:10A2A0000171090503003649494936000649492923
:10A2B0001E0000363600000000563600000008146C
:10A2C0002241000014141414140000412214080048
:10A2D000020151090600324959513E007C12111207
:10A2E0007C007F49494936003E41414122007F417F
:10A2F00041221C007F49494941007F0909090100A9
:10A300003E4149497A007F0808087F0000417F41AB
:10A3100000002040413F01007F08142241007F409F
:10A32000404040007F020C027F007F0408107F0045
:10A330003E4141413E007F09090906003E4151214D
:10A340005E007F091929460046494949310001014B
:10A350007F0101003F4040403F001F2040201F0080
:10A360003F4038403F00631408146300070870083A
:10A370000700615149454300007F41410000552AD3
:10A38000552A55000041417F0000040201020400EB
:10A39000404040404000000102040000205454545A
:10A3A00078007F484444380038444444200038440E
:10A3B00044487F00385454541800087E09010200B4
:10A3C00018A4A4A47C007F080404780000447D4005
:10A3D00000004080847D00007F1028440000004180
:10A3E0007F4000007C04180478007C080404780096
:10A3F000384444443800FC24242418001824241829
:10A40000FC007C0804040800485454542000043F15
:10A41000444020003C4040207C001C2040201C0088
:10A420003C4030403C004428102844001CA0A0A020
:10A430007C004464544C441414141414140000009C
:10A44000000000000000000000000000000000000C
:10A45000F800000000000000333000000000100C85
:10A4600006100C0600000000000000000040C0784C
:10A4700040C0784000043F04043F0404000070889A
:10A48000FC08300000001820FF211E0000F008F03A
:10A4900000E018000000211C031E211E0000F0082F
:10A4A00088700000001E2123241927211010160E89
:10A4B000000000000000000000000000000000009C
:10A4C000E018040200000000071820400000020409
:10A4D00018E0000000004020180700000040408005
:10A4E000F0804040000202010F0102020000000063
:10A4F000F0000000000101011F0101010000000047
:10A50000000000000080B0700000000000000000AB
:10A510000000000000000101010101010100000034
:10A5200000000000000030300000000000000000CB
:10A530000080601804006018060100000000E010B0
:10A54000080810E000000F102020100F000010106D
:10A55000F8000000000020203F20200000007008CC
:10A5600008088870000030282422213000003008BC
:10A5700088884830000018202020110E000000C0FC
:10A580002010F8000000070424243F240000F808ED
:10A5900088880808000019212020110E0000E01012
:10A5A0008888180000000F112020110E00003808C4
:10A5B00008C83808000000003F0000000000708854
:10A5C0000808887000001C222121221C0000E010D5
:10A5D000080810E0000000312222110F00000000E6
:10A5E000C0C000000000000030300000000000008B
:10A5F000800000000000008060000000000000807B
:10A6000040201008000001020408102000404040D3
:10A610004040404000040404040404040000081006
:10A620002040800000002010080402010000704853
:10A63000080808F0000000003036010000C030C8F3
:10A6400028E810E0000718272423140B000000C09E
:10A6500038E0000000203C23020227382008F88858
:10A660008888700000203F202020110E00C0300894
:10A670000808083800071820202010080008F808EB
:10A68000080810E000203F202020100F0008F88864
:10A6900088E8081000203F20202320180008F888B0
:10A6A00088E8081000203F200003000000C03008A8
:10A6B000080838000007182020221E020008F808A9
:10A6C000000008F808203F210101213F2000080870
:10A6D000F8080800000020203F20200000000008AB
:10A6E00008F8080800C08080807F00000008F88813
:10A6F000C028180800203F20012638200008F8084C
:10A700000000000000203F20202020300008F8F842
:10A7100000F8F80800203F003F003F200008F83014
:10A72000C00008F808203F200007183F00E010088C
:10A73000080810E0000F10202020100F0008F80873
:10A74000080808F000203F210101010000E0100886
:10A75000080810E0000F18242438504F0008F8882B
:10A760008888887000203F2000030C30200070880B
:10A7700008080838000038202121221C0018080889
:10A78000F8080818000000203F2000000008F80822
:10A79000000008F808001F202020201F00087888EB
:10A7A0000000C83808000007380E010000F8080053
:10A7B000F80008F800033C0700073C03000818688D
:10A7C000808068180820302C03032C30200838C8FB
:10A7D00000C83808000000203F20000000100808D2
:10A7E00008C8380800203826212020180000000062
:10A7F000FE020202000000007F40404000000C30DA
:10A80000C000000000000000010638C00000020285
:10A8100002FE000000004040407F000000000004F5
:10A82000020202040000000000000000000000001E
:10A830000000000000808080808080808000020214
:10A840000400000000000000000000000000008084
:10A8500080808000000019242222223F2008F80076
:10A860008080000000003F112020110E0000000039
:10A870008080800000000E112020201100000000C8
:10A88000808088F800000E112020103F20000080FA
:10A890008080800000001F2222222213000080807E
:10A8A000F0888888180020203F20200000000080C9
:10A8B0008080808000006B94949493600008F8007E
:10A8C0008080800000203F210000203F20008098F1
:10A8D00098000000000020203F2020000000000021
:10A8E000809898000000C08080807F000008F800F9
:10A8F0000080808000203F24022D302000000808C6
:10A90000F8000000000020203F2020000080808010
:10A910008080808000203F20003F20003F8080001A
:10A920008080800000203F210000203F2000008028
:10A930008080800000001F202020201F00808000D9
:10A94000808000000080FFA12020110E0000000088
:10A950008080808000000E112020A0FF80808080F9
:10A96000008080800020203F212000010000008026
:10A9700080808080000033242424241900008080FB
:10A98000E0808000000000001F2020000080800088
:10A990000000808000001F202020103F2080808049
:10A9A000000080808000010E3008060100808000D9
:10A9B00080008080800F300C030C300F00008080FE
:10A9C00000808080000020312E0E312000808080A9
:10A9D000000080808080818E7018060100008080D9
:10A9E00080808080000021302C2221300000000077
:10A9F00000807C020200000000003F404000000098
:10AA000000FF00000000000000FF00000000020244
:10AA10007C800000000040403F0000000000060174
:10AA20000102020404000000000000000030313286
:10AA3000333435363738394142434445464030583F
:10AA4000003031323334353637383961626364650A
:10AA5000664030780004000008000000000000009C
:10AA60000200010000100000000000000000F03FA4
:10AA7000000000000000F83F00000000000000009F
:10AA80000000004003B8E23F0000000000000000AA
:10AA900006D0CF43EBFD4C3E033333333333E33F38
:10AAA000FFAB6FDBB66DDB3F4D268F515555D53F64
:10AAB00001411DA96074D13F65DBC9934A86CD3F32
:10AAC000EF4E454A287ECA3F3E5555555555C53F20
:10AAD00093BDBE166CC166BF2CDE25AF6A56113F12
:10AAE000F16BD2C541BDBBBED0A4BE726937663E14
:10AAF0000000000000000000000000000000000056
:10AB000002400000000000A000000000054000001E
:10AB1000000000C8000000000C4000000000409C45
:10AB200000000000194000000020BCBE0000000032
:10AB300034400000BFC91B8E00000004B540000077
:10AB4000504BCFD06607E2CF010000006C410000FF
:10AB50003E8251AADFEEA73401000000D942000076
:10AB6000DCB5A0E23A301F97FFFFFFFFB4450000BD
:10AB7000FD25A0C8E9A3C14FFFFFFFFFFF3F000075
:10AB80000000008000000000FF3F00000000008087
:10AB9000000000006465766963655F696422203A9D
:10ABA0002022255B5E225D222C0D0A226E616D65DE
:10ABB00022203A2022255B5E225D222C0D0A0D0AFE
:10ABC0002270696422203A2025642C0D0A226B65CC
:10ABD0007922203A2022255B5E225D2200000000BF
:10ABE00076657273696F6E3D2573267265733D706D
:10ABF000726F64756374732525324625732525327B
:10AC00004664657669636573252532462573266536
:10AC1000743D2564266D6574686F643D25732673E5
:10AC200069676E3D25730000504F5354202F6D719E
:10AC300074742F76312F646576696365732F72653E
:10AC40006720485454502F312E310D0A41757468D5
:10AC50006F72697A6174696F6E3A25730D0A486F75
:10AC600073743A6F74612E6865636C6F7564732ECC
:10AC7000636F6D0D0A436F6E74656E742D54797039
:10AC8000653A6170706C69636174696F6E2F6A7385
:10AC90006F6E0D0A436F6E74656E742D4C656E6732
:10ACA00074683A25640D0A0D0A7B226E616D652277
:10ACB0003A222573227D000004AE00080000002027
:10ACC000C80200002801000808AF0008C8020020E0
:10ACD000A00C0000840100081001000043000000E7
:10ACE000F8FFFFFF004040404040404040404141AD
:10ACF0004141414040404040404040404040404051
:10AD000040404040400502020202020202020202EA
:10AD100002020202022020202020202020202002E7
:10AD20000202020202029090909090901010101077
:10AD30001010101010101010101010101010101013
:10AD400002020202020288888888888808080808A7
:10AD50000808080808080808080808080808080873
:10AD6000020202024000000000000000000000009B
:10AD700000000000000000000000000000000000D3
:10AD800000000000000000000000000000000000C3
:10AD900000000000000000000000000000000000B3
:10ADA00000000000000000000000000000000000A3
:10ADB0000000000000000000000000000000000093
:10ADC0000000000000000000000000000000000083
:10ADD0000000000000000000000000000000000073
:10ADE00000000000000000001C0000004300000004
:10ADF000F8FFFFFF0C0000000E0000000F00000035
:10AE00002E0000001184A24A04680901020304060E
:10AE10000708090C69100518020406081345651B8C
:10AE200008A3040122031C3636251060028C2BFE79
:10AE300092010213FE180A04047E01407E42427E03
:10AE4000020413427E402809FC242424FC252624E5
:10AE50000879D39100101140308F80844C552525FE
:10AE600025554C8080802809060909E6F80C040263
:10AE7000010315041E2E071F302040010B15201062
:10AE8000C049BF0917C0080B504448507F40407F5D
:10AE9000504844C0111B40E0581A439E05154850C5
:10AEA00060C04BFE420109129F111380701DFF20EC
:10AEB0001004012AFC050910201E601807083067DD
:10AEC0000316807F080C11040474545455565454CE
:10AED00054743F112F848341211D050106117D818A
:10AEE0008185E3180902028272020202FE080D1037
:10AEF000423202028017814020100C030008110327
:08AF00000C10204080800000CD
:04000005080000ED02
:00000001FF
